crop,location,quantity,demand,market_price,recommended_price
Brinjal,Mumbai,152,7,36.0,41.7
Beans,Bangalore,215,6,39.0,45.32
Cauliflower,Mumbai,699,10,38.5,46.19
Carrot,Bangalore,272,7,42.0,49.79
Potato,Mumbai,1636,7,28.0,31.42
Cauliflower,Mumbai,109,7,31.0,35.92
Beans,Kolkata,56,5,39.5,43.61
Spinach,Chennai,145,6,18.0,19.93
Peas,Pune,107,7,58.0,68.57
Carrot,Mumbai,388,6,41.0,45.72
Onion,Bangalore,1546,7,36.5,42.27
Potato,Kolkata,1104,6,20.0,20.83
Cauliflower,Bangalore,858,9,28.0,31.67
Beans,Pune,236,7,49.0,56.11
Brinjal,Hyderabad,792,6,25.5,26.88
Brinjal,Delhi,618,7,28.5,31.44
Beans,Bangalore,99,4,32.5,37.47
Peas,Hyderabad,81,5,65.0,76.42
Peas,Patna,140,3,29.5,31.14
Brinjal,Bangalore,188,7,34.5,39.74
Peas,Patna,223,5,47.5,51.22
Spinach,Patna,82,4,12.5,12.61
Cauliflower,Pune,181,3,20.5,21.35
Brinjal,Patna,598,5,20.5,20.75
Cauliflower,Kolkata,863,6,19.5,19.87
Potato,Patna,505,2,13.0,12.39
Onion,Bangalore,934,9,33.0,39.58
Peas,Chennai,371,5,37.5,42.82
Peas,Bangalore,357,4,40.0,44.71
Cauliflower,Kolkata,190,8,25.0,27.62
Brinjal,Mumbai,113,4,32.5,35.84
Peas,Hyderabad,50,4,42.5,48.25
Carrot,Delhi,284,5,32.5,35.62
Onion,Kolkata,517,3,28.5,29.85
Beans,Pune,78,10,43.5,53.46
Tomato,Delhi,463,4,18.5,19.33
Spinach,Mumbai,43,5,28.0,31.86
Cabbage,Chennai,414,5,20.0,21.63
Peas,Patna,255,4,35.5,37.83
Cauliflower,Patna,243,5,17.5,17.57
Cabbage,Delhi,1154,3,14.0,14.69
Beans,Delhi,219,2,34.5,37.81
Brinjal,Bangalore,228,10,35.0,42.57
Carrot,Patna,350,2,28.0,27.11
Cabbage,Delhi,487,10,24.5,29.33
Onion,Patna,647,7,30.0,31.95
Spinach,Delhi,150,6,23.5,25.53
Carrot,Bangalore,108,10,41.5,52.1
Cauliflower,Pune,371,3,32.0,31.8
Onion,Chennai,566,8,31.5,35.75
Brinjal,Delhi,408,8,28.5,33.03
Carrot,Bangalore,393,7,46.0,53.2
Onion,Chennai,199,4,23.5,25.38
Cabbage,Chennai,677,6,17.0,18.25
Brinjal,Patna,423,6,22.5,22.54
Spinach,Chennai,67,4,18.0,18.94
Cabbage,Delhi,276,3,14.0,14.62
Potato,Mumbai,760,4,19.5,21.2
Beans,Delhi,265,7,58.5,69.15
Spinach,Bangalore,28,6,17.5,20.55
Cauliflower,Patna,343,5,17.0,17.19
Peas,Bangalore,173,4,39.5,44.87
Beans,Patna,174,5,27.0,29.15
Carrot,Chennai,249,10,39.5,47.84
Tomato,Kolkata,679,2,16.0,15.2
Potato,Bangalore,1122,5,19.0,20.0
Beans,Hyderabad,181,5,43.0,47.47
Spinach,Bangalore,80,5,17.5,18.71
Brinjal,Chennai,117,4,28.0,30.22
Carrot,Patna,277,5,27.5,28.93
Carrot,Delhi,226,8,41.5,47.72
Tomato,Kolkata,220,3,26.0,26.22
Cabbage,Bangalore,766,7,17.0,19.29
Beans,Bangalore,47,9,54.5,70.87
Brinjal,Delhi,136,8,35.5,42.58
Carrot,Pune,336,5,36.0,39.49
Potato,Mumbai,324,6,18.5,22.13
Potato,Chennai,714,1,17.0,16.57
Carrot,Chennai,249,5,28.5,31.71
Carrot,Hyderabad,532,5,41.0,43.97
Carrot,Kolkata,242,10,40.5,46.74
Onion,Bangalore,584,7,44.0,51.79
Cauliflower,Patna,373,8,23.0,24.47
Onion,Pune,588,9,37.5,43.46
Spinach,Patna,49,3,19.5,19.13
Spinach,Delhi,208,7,26.5,29.45
Onion,Chennai,673,7,26.0,29.8
Cabbage,Kolkata,102,2,12.0,12.21
Cauliflower,Kolkata,504,6,28.0,30.0
Cauliflower,Hyderabad,239,5,23.5,25.6
Spinach,Pune,66,7,24.0,27.09
Peas,Patna,77,7,43.5,48.83
Beans,Patna,359,7,48.5,52.3
Cauliflower,Kolkata,374,6,19.5,20.4
Onion,Hyderabad,776,5,25.0,26.36
Onion,Chennai,779,7,29.5,33.91
Onion,Bangalore,943,5,33.5,37.62
Spinach,Kolkata,101,5,23.5,24.19
Beans,Hyderabad,264,8,44.5,51.32
Beans,Kolkata,109,3,34.0,37.07
Potato,Pune,263,4,16.0,17.15
Beans,Patna,97,6,39.5,44.3
Potato,Chennai,245,4,21.0,22.77
Spinach,Delhi,116,7,25.5,29.12
Potato,Mumbai,673,5,20.5,23.36
Onion,Bangalore,1630,2,30.0,31.08
Cabbage,Chennai,337,6,15.5,17.27
Potato,Patna,992,8,19.0,20.07
Spinach,Patna,74,3,15.0,15.12
Peas,Mumbai,177,8,39.5,49.73
Carrot,Delhi,867,7,51.5,59.7
Beans,Mumbai,90,4,37.0,42.95
Cauliflower,Kolkata,841,5,17.5,17.95
Carrot,Chennai,164,3,46.0,50.36
Brinjal,Hyderabad,569,6,30.5,33.07
Cabbage,Mumbai,308,6,20.5,23.25
Cauliflower,Chennai,397,7,25.5,27.99
Cabbage,Bangalore,723,7,21.5,23.71
Tomato,Mumbai,98,8,30.0,35.04
Carrot,Kolkata,495,4,30.5,31.35
Cabbage,Hyderabad,177,6,15.0,16.99
Spinach,Hyderabad,33,5,17.5,18.61
Brinjal,Patna,132,3,20.5,19.95
Cabbage,Bangalore,282,4,20.5,22.5
Peas,Patna,196,5,25.5,27.14
Cauliflower,Mumbai,342,6,35.0,39.08
Cauliflower,Pune,241,5,20.5,22.35
Spinach,Bangalore,162,7,19.0,21.82
Spinach,Chennai,48,8,21.0,24.21
Cauliflower,Patna,148,4,26.5,26.24
Cauliflower,Hyderabad,251,6,16.0,17.89
Cabbage,Hyderabad,1086,5,18.0,18.98
Beans,Patna,133,6,32.5,36.03
Potato,Pune,2260,5,17.5,18.63
Tomato,Delhi,910,6,28.0,30.47
Brinjal,Pune,385,8,25.0,28.33
Potato,Kolkata,219,7,14.5,16.17
Potato,Pune,1440,6,17.5,18.98
Cabbage,Chennai,144,7,18.0,20.77
Carrot,Hyderabad,1358,5,39.5,40.81
Brinjal,Pune,135,6,25.5,27.82
Brinjal,Chennai,514,2,23.5,23.4
Brinjal,Kolkata,388,4,32.0,31.38
Potato,Delhi,2500,4,24.0,25.19
Cabbage,Hyderabad,412,9,18.0,20.83
Spinach,Chennai,34,6,26.0,28.04
Peas,Bangalore,80,6,34.0,40.1
Spinach,Mumbai,88,4,18.5,19.76
Beans,Chennai,124,7,46.0,54.5
Beans,Mumbai,166,10,41.0,51.78
Carrot,Patna,166,1,28.0,27.04
Cabbage,Mumbai,972,6,21.5,23.33
Carrot,Kolkata,476,1,34.5,33.27
Cabbage,Mumbai,674,8,18.0,20.53
Beans,Hyderabad,177,6,44.5,51.03
Cabbage,Kolkata,755,10,19.0,20.88
Beans,Pune,162,7,36.5,42.33
Beans,Bangalore,98,8,44.5,53.78
Peas,Hyderabad,106,4,39.0,45.22
Tomato,Hyderabad,182,2,16.5,16.82
Spinach,Kolkata,99,7,19.5,21.08
Peas,Hyderabad,144,7,47.5,56.45
Tomato,Pune,550,8,30.5,34.02
Brinjal,Delhi,629,8,25.5,29.32
Carrot,Mumbai,238,10,49.0,59.39
Cabbage,Chennai,247,3,16.0,16.89
Tomato,Kolkata,401,5,16.0,17.24
Cabbage,Bangalore,567,1,15.0,15.82
Tomato,Bangalore,116,10,38.5,47.9
Carrot,Delhi,106,5,42.5,45.94
Carrot,Delhi,296,5,32.5,36.06
Beans,Bangalore,331,4,39.5,43.98
Beans,Patna,306,6,26.0,27.27
Carrot,Kolkata,114,6,38.0,42.68
Cabbage,Hyderabad,1129,10,24.0,26.92
Onion,Hyderabad,778,7,38.5,42.76
Peas,Bangalore,283,9,68.0,83.68
Beans,Delhi,127,6,62.0,72.46
Beans,Delhi,191,3,33.5,36.16
Beans,Bangalore,135,7,53.5,63.21
Onion,Delhi,293,7,40.0,47.52
Peas,Hyderabad,97,8,60.0,70.76
Spinach,Pune,112,7,23.5,26.62
Beans,Chennai,140,8,52.0,62.6
Potato,Mumbai,1517,5,16.5,17.89
Tomato,Bangalore,458,6,34.5,38.26
Onion,Patna,246,1,20.0,19.0
Beans,Patna,321,8,45.5,51.22
Cabbage,Chennai,520,4,18.5,19.78
Brinjal,Mumbai,234,8,31.5,37.04
Peas,Mumbai,394,5,60.5,70.27
Cabbage,Bangalore,92,8,15.0,17.97
Potato,Pune,502,10,21.5,25.95
Potato,Mumbai,476,1,15.5,15.68
Beans,Kolkata,429,4,47.5,50.46
Tomato,Kolkata,202,8,31.5,35.42
Tomato,Pune,667,6,36.0,37.45
Carrot,Delhi,247,7,33.5,37.94
Cabbage,Patna,1107,4,16.0,15.7
Onion,Mumbai,1060,2,20.5,22.0
Cauliflower,Bangalore,202,7,39.5,46.23
Tomato,Patna,268,2,15.0,15.0
Peas,Kolkata,406,5,42.5,46.0
Spinach,Kolkata,39,8,25.0,28.69
Cabbage,Chennai,310,6,15.5,16.36
Cauliflower,Kolkata,299,6,25.0,27.31
Potato,Delhi,458,5,17.0,18.66
Carrot,Pune,284,7,28.5,32.38
Peas,Mumbai,185,3,52.0,58.76
Potato,Pune,1115,5,22.5,23.51
Onion,Patna,333,1,20.0,19.18
Peas,Chennai,66,6,62.0,72.31
Cabbage,Pune,284,8,20.0,22.78
Peas,Mumbai,108,3,41.0,46.15
Carrot,Bangalore,125,2,33.0,35.26
Tomato,Pune,161,3,18.0,18.15
Spinach,Patna,180,7,17.0,18.15
Carrot,Pune,175,2,28.5,28.79
Beans,Bangalore,450,10,61.5,76.08
Spinach,Chennai,161,6,26.0,27.53
Peas,Chennai,98,5,49.5,56.5
Beans,Bangalore,285,9,51.5,62.81
Potato,Hyderabad,524,2,22.5,23.53
Spinach,Patna,199,4,17.5,17.14
Spinach,Patna,187,2,13.0,12.35
Tomato,Delhi,386,5,37.5,40.77
Onion,Mumbai,2500,8,21.0,24.72
Potato,Chennai,1098,5,16.0,17.46
Cabbage,Delhi,381,8,20.0,23.5
Onion,Pune,653,6,32.5,36.63
Onion,Bangalore,635,7,36.5,42.8
Tomato,Mumbai,220,5,22.5,24.24
Carrot,Chennai,109,7,31.0,35.88
Beans,Patna,36,5,52.5,58.19
Cauliflower,Pune,223,8,32.0,34.99
Cabbage,Bangalore,436,6,20.5,22.77
Tomato,Pune,718,5,30.5,31.8
Beans,Hyderabad,360,5,35.0,37.05
Onion,Hyderabad,498,9,39.0,45.58
Potato,Bangalore,619,3,19.5,20.88
Cauliflower,Bangalore,175,3,20.0,21.83
Onion,Hyderabad,729,5,39.5,43.62
Tomato,Hyderabad,292,7,28.0,31.83
Potato,Patna,1532,4,14.5,13.86
Spinach,Patna,133,6,19.5,20.08
Potato,Pune,1010,3,18.0,18.15
Onion,Pune,807,4,21.0,21.55
Potato,Chennai,409,6,16.0,17.68
Brinjal,Patna,378,4,22.0,22.11
Cabbage,Bangalore,408,5,15.0,16.16
Brinjal,Pune,119,5,25.0,26.59
Beans,Pune,118,7,34.5,40.41
Potato,Mumbai,1208,2,19.5,20.63
Onion,Delhi,387,8,30.5,36.63
Peas,Chennai,159,6,45.5,52.53
Onion,Delhi,391,6,23.0,26.67
Cauliflower,Patna,159,5,19.0,19.72
Potato,Chennai,1698,10,18.0,20.9
Beans,Mumbai,168,10,58.0,73.93
Cauliflower,Bangalore,360,2,19.5,20.05
Tomato,Delhi,129,9,29.5,34.87
Brinjal,Delhi,278,5,24.0,26.67
Potato,Patna,576,7,19.0,19.94
Brinjal,Pune,202,7,29.5,32.16
Cabbage,Pune,271,7,19.5,20.87
Potato,Bangalore,1412,7,21.5,24.24
Spinach,Kolkata,58,5,14.0,15.03
Cauliflower,Mumbai,429,6,28.5,32.84
Beans,Mumbai,123,6,37.0,42.86
Onion,Kolkata,565,2,22.5,22.49
Potato,Patna,1079,2,13.5,12.97
Spinach,Bangalore,190,8,29.0,32.5
Onion,Delhi,549,1,25.5,26.53
Spinach,Chennai,90,5,16.0,16.91
Carrot,Delhi,334,9,40.0,47.1
Beans,Chennai,92,7,53.0,61.87
Tomato,Hyderabad,328,8,25.5,28.09
Carrot,Pune,260,9,39.5,45.93
Brinjal,Delhi,810,5,27.5,28.21
Peas,Chennai,203,9,45.0,55.5
Carrot,Delhi,350,6,43.0,47.44
Potato,Kolkata,553,3,16.0,16.65
Onion,Chennai,809,6,20.5,22.43
Carrot,Patna,130,5,26.5,28.45
Brinjal,Hyderabad,104,10,28.5,33.29
Cabbage,Delhi,556,8,21.5,24.93
Cabbage,Pune,466,10,16.5,19.57
Peas,Pune,214,4,38.5,43.54
Cauliflower,Hyderabad,535,2,18.5,18.52
Potato,Patna,168,3,13.5,13.65
Brinjal,Pune,152,4,28.0,29.52
Potato,Hyderabad,2500,5,23.5,24.25
Potato,Mumbai,333,5,18.0,20.01
Tomato,Patna,268,6,29.5,29.27
Potato,Chennai,811,6,17.0,19.11
Peas,Mumbai,396,4,45.5,52.68
Carrot,Patna,445,3,24.5,23.96
Carrot,Chennai,219,10,50.5,61.17
Cauliflower,Mumbai,333,5,21.5,24.07
Carrot,Bangalore,77,8,46.0,56.98
Carrot,Hyderabad,386,9,41.5,47.65
Onion,Chennai,229,9,43.0,50.25
Peas,Chennai,122,9,44.0,51.82
Onion,Pune,201,10,30.0,35.66
Brinjal,Pune,207,7,23.0,25.47
Onion,Mumbai,934,5,39.0,42.89
Carrot,Bangalore,441,7,37.0,42.14
Beans,Hyderabad,46,6,30.0,35.62
Potato,Delhi,295,4,20.0,22.15
Potato,Chennai,1284,8,21.0,23.59
Carrot,Chennai,237,4,36.5,39.34
Beans,Kolkata,80,7,42.0,50.01
Cabbage,Delhi,266,7,18.5,20.83
Onion,Bangalore,159,10,42.5,52.31
Cabbage,Kolkata,613,7,20.0,20.77
Brinjal,Bangalore,187,7,32.0,36.85
Potato,Bangalore,1254,6,23.5,25.74
Onion,Mumbai,727,4,21.0,23.59
Beans,Mumbai,287,10,56.0,71.7
Onion,Patna,676,3,21.0,20.63
Cabbage,Mumbai,315,6,22.0,26.16
Peas,Bangalore,135,5,48.5,56.98
Peas,Kolkata,74,9,38.5,47.86
Cauliflower,Chennai,491,10,28.0,31.19
Brinjal,Kolkata,315,7,24.5,25.88
Cauliflower,Patna,230,6,24.5,25.37
Brinjal,Chennai,160,7,32.5,36.61
Carrot,Delhi,281,1,31.0,31.33
Potato,Kolkata,127,4,20.5,22.12
Brinjal,Chennai,150,10,29.0,35.23
Beans,Hyderabad,59,9,48.5,58.62
Potato,Chennai,907,6,21.0,23.01
Spinach,Hyderabad,122,5,24.0,24.87
Cauliflower,Pune,196,6,20.0,21.83
Onion,Bangalore,963,5,22.5,24.56
Spinach,Pune,40,4,23.5,25.04
Spinach,Kolkata,29,5,12.5,13.77
Potato,Patna,589,1,14.5,14.01
Cauliflower,Bangalore,225,10,26.0,30.56
Tomato,Delhi,469,8,34.5,40.34
Brinjal,Hyderabad,165,5,21.5,23.39
Onion,Bangalore,456,3,24.5,26.31
Cauliflower,Delhi,283,1,17.5,17.5
Peas,Chennai,131,6,51.0,60.1
Spinach,Patna,35,3,20.5,20.54
Carrot,Kolkata,244,8,41.0,44.91
Cabbage,Hyderabad,558,7,20.5,22.53
Spinach,Kolkata,85,5,21.5,23.03
Cauliflower,Bangalore,237,2,32.5,32.87
Spinach,Kolkata,96,4,20.5,22.13
Cabbage,Delhi,505,8,18.5,21.46
Onion,Pune,1594,1,25.0,23.95
Onion,Chennai,411,8,34.0,39.37
Cabbage,Patna,178,2,11.5,11.26
Cabbage,Mumbai,1356,5,15.5,17.2
Cabbage,Pune,1039,5,13.5,13.56
Cabbage,Patna,406,3,11.0,10.86
Brinjal,Mumbai,149,9,36.5,42.79
Cabbage,Delhi,435,3,16.5,16.92
Beans,Patna,130,5,43.0,46.5
Potato,Hyderabad,639,10,21.0,25.01
Brinjal,Hyderabad,264,7,27.5,31.11
Peas,Pune,560,7,46.5,52.53
Potato,Kolkata,220,7,20.5,23.2
Brinjal,Pune,279,5,34.0,36.0
Carrot,Patna,230,6,26.5,27.68
Cauliflower,Delhi,407,6,34.5,37.7
Onion,Pune,321,5,37.0,40.05
Potato,Delhi,952,5,16.5,18.1
Brinjal,Pune,730,6,27.5,29.0
Onion,Pune,516,5,19.5,20.82
Tomato,Delhi,419,3,22.5,22.99
Onion,Patna,281,1,20.0,19.0
Brinjal,Chennai,552,10,23.5,27.28
Tomato,Delhi,615,10,38.0,44.95
Tomato,Delhi,144,7,26.0,29.63
Onion,Patna,761,3,19.5,18.6
Cauliflower,Bangalore,673,8,33.0,36.69
Brinjal,Bangalore,249,2,29.5,30.58
Carrot,Delhi,391,5,29.0,32.25
Carrot,Bangalore,471,8,41.5,47.89
Cauliflower,Hyderabad,182,7,28.0,31.09
Spinach,Bangalore,64,7,19.0,22.8
Spinach,Bangalore,129,8,28.5,32.96
Peas,Mumbai,437,3,40.5,46.05
Potato,Hyderabad,1041,10,18.0,20.48
Cabbage,Hyderabad,541,4,13.5,14.1
Cauliflower,Hyderabad,128,5,31.0,34.33
Tomato,Chennai,375,2,17.5,18.0
Spinach,Delhi,161,8,24.5,26.68
Onion,Mumbai,419,8,25.0,30.54
Carrot,Kolkata,388,10,29.0,33.02
Cabbage,Delhi,291,7,17.5,20.02
Brinjal,Bangalore,231,7,36.0,41.64
Potato,Hyderabad,395,4,15.5,16.9
Brinjal,Delhi,146,4,32.5,35.6
Potato,Kolkata,837,8,16.5,17.95
Cabbage,Patna,579,8,19.5,22.05
Onion,Chennai,457,6,21.0,23.5
Tomato,Patna,97,5,26.0,26.78
Spinach,Pune,171,9,24.5,28.19
Tomato,Chennai,174,6,21.0,23.28
Beans,Bangalore,221,6,33.0,40.64
Brinjal,Patna,766,4,26.0,25.66
Onion,Pune,198,3,19.0,20.29
Beans,Chennai,418,5,53.5,58.85
Brinjal,Bangalore,381,9,34.5,40.32
Spinach,Chennai,38,9,25.5,29.47
Spinach,Patna,97,3,16.0,15.2
Tomato,Pune,160,4,35.0,35.94
Tomato,Pune,250,4,17.0,17.45
Cauliflower,Mumbai,102,10,36.0,44.32
Carrot,Hyderabad,153,10,43.5,52.21
Onion,Kolkata,363,5,26.0,28.41
Beans,Chennai,93,8,46.0,55.91
Onion,Pune,406,5,27.0,30.19
Potato,Delhi,412,7,22.5,25.41
Cauliflower,Pune,235,2,20.0,19.63
Potato,Patna,378,4,13.5,14.02
Onion,Pune,916,7,29.5,32.56
Cauliflower,Bangalore,637,6,21.0,23.7
Brinjal,Bangalore,209,7,32.0,36.87
Peas,Hyderabad,199,5,35.0,38.84
Carrot,Delhi,1220,6,55.0,60.2
Cauliflower,Chennai,101,6,30.0,33.66
Onion,Kolkata,462,7,29.0,33.15
Cabbage,Pune,351,3,15.0,15.42
Cabbage,Bangalore,316,5,20.0,22.22
Tomato,Delhi,183,7,35.0,39.43
Cabbage,Chennai,420,9,22.5,26.12
Spinach,Kolkata,88,3,21.5,22.59
Carrot,Delhi,706,6,30.5,33.47
Tomato,Patna,197,6,24.0,24.75
Peas,Pune,65,7,40.0,47.82
Beans,Chennai,158,1,40.0,42.26
Cabbage,Chennai,207,1,14.0,13.87
Brinjal,Delhi,174,10,28.0,33.59
Cabbage,Mumbai,54,7,17.5,21.14
Tomato,Mumbai,1811,8,22.0,23.73
Beans,Mumbai,76,6,58.0,69.18
Beans,Pune,155,6,51.0,57.33
Tomato,Chennai,643,6,33.0,34.54
Beans,Hyderabad,156,2,33.0,35.59
Onion,Delhi,1381,5,23.5,25.24
Brinjal,Pune,569,10,24.0,27.55
Cabbage,Mumbai,222,4,16.0,17.98
Onion,Mumbai,540,10,39.0,49.34
Peas,Chennai,153,4,37.0,42.2
Tomato,Patna,292,3,23.5,22.83
Cabbage,Mumbai,450,4,17.5,18.95
Cabbage,Patna,476,3,14.5,14.23
Beans,Pune,217,5,46.0,51.03
Spinach,Patna,76,1,13.5,13.1
Peas,Kolkata,239,5,47.5,52.67
Spinach,Hyderabad,57,5,17.5,19.1
Beans,Pune,45,5,39.5,45.47
Tomato,Delhi,247,9,35.5,41.43
Tomato,Pune,183,9,18.5,21.28
Cabbage,Bangalore,859,10,22.5,26.43
Spinach,Delhi,126,9,22.5,25.94
Beans,Mumbai,170,5,47.0,54.07
Potato,Mumbai,767,8,18.5,21.6
Cauliflower,Delhi,288,7,25.0,28.28
Onion,Hyderabad,312,1,27.0,27.38
Potato,Kolkata,519,4,23.5,24.37
Onion,Hyderabad,737,6,31.0,33.67
Cauliflower,Kolkata,349,8,29.0,31.66
Spinach,Patna,38,3,14.5,14.33
Spinach,Bangalore,160,8,28.0,33.42
Cauliflower,Kolkata,113,6,20.5,21.78
Carrot,Mumbai,227,3,33.0,35.88
Tomato,Mumbai,245,4,29.5,32.41
Carrot,Bangalore,406,7,34.5,38.62
Potato,Delhi,311,8,24.5,28.45
Spinach,Kolkata,99,5,16.5,17.78
Tomato,Mumbai,231,10,32.5,39.97
Spinach,Delhi,106,6,18.0,19.85
Peas,Pune,127,1,37.0,39.09
Cabbage,Patna,579,8,15.5,15.84
Tomato,Hyderabad,209,2,20.0,19.93
Brinjal,Chennai,332,9,30.5,34.47
Peas,Kolkata,471,6,42.0,46.3
Potato,Mumbai,756,4,19.0,20.17
Onion,Pune,793,7,32.0,34.4
Cabbage,Chennai,200,5,14.5,16.0
Beans,Kolkata,230,4,47.5,51.44
Spinach,Hyderabad,39,4,22.5,24.43
Carrot,Patna,381,7,29.5,32.18
Carrot,Bangalore,190,8,47.0,55.73
Tomato,Mumbai,178,4,36.0,39.99
Potato,Pune,335,2,17.0,16.99
Cabbage,Kolkata,152,6,13.0,14.65
Beans,Kolkata,200,4,30.5,32.66
Potato,Hyderabad,223,2,18.5,18.91
Tomato,Pune,415,4,17.5,17.75
Carrot,Chennai,546,1,30.5,30.24
Beans,Chennai,75,3,40.0,45.53
Cauliflower,Bangalore,932,5,35.5,37.18
Tomato,Pune,235,3,29.0,29.4
Peas,Pune,57,4,39.5,43.43
Onion,Delhi,882,1,18.5,19.11
Spinach,Mumbai,80,5,17.0,19.15
Cabbage,Hyderabad,445,5,20.5,22.25
Carrot,Pune,393,7,34.0,36.75
Potato,Pune,1543,5,21.0,21.79
Beans,Chennai,293,7,54.5,63.36
Brinjal,Chennai,217,8,29.5,33.47
Cabbage,Hyderabad,174,9,19.5,23.09
Cabbage,Bangalore,324,6,20.5,22.89
Beans,Hyderabad,152,5,35.0,38.4
Peas,Chennai,134,6,31.5,37.42
Onion,Delhi,239,4,25.5,27.99
Onion,Patna,923,2,21.0,20.72
Spinach,Delhi,64,8,20.0,24.22
Peas,Hyderabad,252,7,31.0,35.32
Onion,Patna,400,9,28.0,30.38
Spinach,Bangalore,116,5,21.5,24.37
Onion,Chennai,188,6,31.0,35.51
Beans,Delhi,89,10,38.5,49.56
Cauliflower,Kolkata,547,2,18.5,18.13
Beans,Kolkata,263,2,29.5,30.88
Carrot,Bangalore,119,5,40.5,47.29
Carrot,Mumbai,227,7,41.5,49.66
Potato,Patna,967,3,15.5,14.8
Onion,Pune,204,4,25.0,26.9
Peas,Kolkata,68,8,34.5,40.87
Peas,Mumbai,118,6,65.0,78.44
Tomato,Delhi,195,8,27.5,31.64
Onion,Chennai,347,8,23.5,27.35
Potato,Hyderabad,809,4,18.5,19.37
Carrot,Bangalore,490,4,49.5,53.13
Brinjal,Hyderabad,228,5,28.5,30.63
Brinjal,Delhi,262,7,27.0,30.65
Potato,Mumbai,953,9,25.5,31.07
Carrot,Kolkata,742,3,26.5,26.32
Beans,Kolkata,140,8,48.5,54.34
Tomato,Bangalore,477,8,32.5,36.92
Beans,Delhi,325,9,50.0,61.61
Onion,Kolkata,530,10,36.0,42.85
Cabbage,Chennai,474,8,25.0,27.35
Carrot,Hyderabad,124,9,42.5,49.05
Tomato,Pune,474,8,21.5,24.45
Beans,Pune,172,3,40.5,41.7
Tomato,Hyderabad,313,6,22.5,24.58
Cabbage,Mumbai,225,10,18.0,22.04
Cauliflower,Pune,267,4,25.0,25.88
Brinjal,Hyderabad,130,2,20.0,20.19
Onion,Patna,321,3,19.0,19.27
Peas,Delhi,303,8,71.5,83.43
Onion,Hyderabad,282,5,20.0,21.74
Brinjal,Bangalore,462,8,29.5,33.91
Cabbage,Patna,235,2,13.5,13.6
Carrot,Hyderabad,277,2,39.0,39.63
Tomato,Kolkata,271,4,26.0,26.1
Tomato,Patna,210,6,20.5,20.64
Tomato,Bangalore,386,10,37.5,45.0
Tomato,Hyderabad,815,8,27.0,29.18
Cauliflower,Bangalore,522,8,28.5,32.08
Cabbage,Bangalore,114,7,19.0,22.3
Beans,Mumbai,45,6,42.0,49.75
Tomato,Chennai,250,8,22.5,25.03
Brinjal,Patna,157,6,24.0,24.24
Onion,Mumbai,713,8,38.5,45.22
Onion,Hyderabad,199,8,30.5,34.11
Tomato,Pune,266,8,28.0,30.75
Cauliflower,Mumbai,174,9,31.0,37.69
Tomato,Patna,177,6,23.5,23.81
Spinach,Pune,56,1,20.5,19.47
Brinjal,Delhi,129,7,26.0,30.14
Tomato,Pune,374,5,21.0,21.77
Cabbage,Delhi,242,9,18.5,22.54
Cauliflower,Chennai,687,5,20.5,21.17
Spinach,Chennai,49,6,28.5,31.79
Onion,Chennai,139,9,34.5,41.8
Potato,Bangalore,1321,3,18.5,19.1
Cauliflower,Delhi,140,7,25.5,29.27
Beans,Kolkata,252,1,31.5,32.53
Peas,Hyderabad,65,7,35.5,42.26
Carrot,Mumbai,109,9,47.5,59.1
Peas,Chennai,199,4,29.5,32.8
Beans,Delhi,79,7,55.0,68.58
Onion,Patna,175,7,32.0,34.32
Beans,Kolkata,286,6,34.0,35.81
Potato,Delhi,179,10,22.0,27.42
Cauliflower,Delhi,177,4,32.0,34.66
Onion,Pune,191,8,21.5,25.06
Cauliflower,Chennai,557,4,21.0,22.86
Cauliflower,Pune,453,3,20.0,20.0
Tomato,Pune,208,4,18.0,18.58
Tomato,Mumbai,480,5,39.0,42.17
Beans,Bangalore,175,7,47.5,56.53
Spinach,Hyderabad,146,4,15.5,15.95
Spinach,Delhi,156,10,29.5,35.53
Cauliflower,Kolkata,174,7,23.5,25.58
Beans,Hyderabad,100,5,54.0,60.66
Beans,Pune,555,2,40.0,39.8
Carrot,Delhi,164,10,40.5,52.75
Cauliflower,Hyderabad,280,10,21.5,25.59
Spinach,Delhi,57,8,17.5,20.7
Cauliflower,Kolkata,174,4,18.0,18.22
Beans,Delhi,134,10,53.0,67.2
Peas,Mumbai,259,6,37.0,43.54
Tomato,Pune,194,5,31.0,33.81
Spinach,Bangalore,153,6,19.0,22.16
Peas,Hyderabad,147,5,45.0,51.65
Potato,Bangalore,2040,7,20.0,22.6
Cauliflower,Hyderabad,994,3,32.5,32.13
Carrot,Delhi,417,9,39.0,45.79
Peas,Pune,132,1,29.5,31.08
Brinjal,Mumbai,1484,8,33.5,38.5
Beans,Chennai,220,4,34.5,37.51
Tomato,Mumbai,728,8,38.0,44.52
Cabbage,Delhi,179,5,17.0,19.01
Spinach,Chennai,217,6,27.5,29.28
Tomato,Delhi,522,4,33.5,34.07
Spinach,Hyderabad,193,5,23.0,24.64
Cauliflower,Delhi,194,3,20.5,22.02
Beans,Delhi,114,6,37.0,41.23
Potato,Delhi,309,10,21.5,25.82
Beans,Chennai,162,9,50.5,61.86
Beans,Mumbai,312,6,63.0,73.32
Beans,Patna,105,7,40.5,44.07
Spinach,Chennai,93,4,28.5,29.79
Cabbage,Hyderabad,502,1,16.0,15.2
Cauliflower,Chennai,269,7,31.5,36.91
Beans,Hyderabad,129,8,34.5,40.1
Spinach,Pune,51,3,15.0,15.63
Cauliflower,Pune,337,4,17.5,18.33
Onion,Delhi,895,3,23.0,24.13
Spinach,Kolkata,127,4,19.5,20.19
Peas,Hyderabad,179,4,36.5,39.76
Cabbage,Pune,534,8,21.5,23.68
Spinach,Chennai,249,7,25.0,27.21
Carrot,Pune,229,4,39.5,41.96
Carrot,Kolkata,155,5,39.0,42.67
Potato,Mumbai,355,10,24.5,30.12
Potato,Hyderabad,203,8,15.5,18.02
Brinjal,Delhi,117,7,24.5,28.59
Peas,Patna,518,6,29.0,30.71
Cauliflower,Mumbai,330,8,32.5,37.66
Cauliflower,Mumbai,1397,1,21.0,20.82
Peas,Hyderabad,157,10,58.0,69.74
Spinach,Hyderabad,169,7,21.0,22.42
Spinach,Mumbai,63,4,28.0,30.82
Carrot,Chennai,216,6,42.5,47.38
Onion,Pune,325,7,37.5,43.02
Cabbage,Hyderabad,392,6,14.0,15.3
Tomato,Patna,806,6,33.0,32.86
Spinach,Pune,76,5,16.0,17.39
Spinach,Chennai,143,8,20.5,23.39
Potato,Chennai,932,8,23.5,27.1
Tomato,Chennai,299,3,21.5,21.29
Carrot,Mumbai,165,4,40.0,45.34
Onion,Kolkata,185,8,23.0,27.24
Cauliflower,Chennai,160,6,31.5,33.86
Tomato,Mumbai,224,9,20.0,22.96
Tomato,Patna,290,4,18.0,18.35
Beans,Kolkata,106,3,32.5,34.29
Spinach,Patna,143,7,23.5,24.69
Peas,Mumbai,63,10,56.0,72.08
Peas,Delhi,236,3,37.5,41.43
Cabbage,Mumbai,2177,5,16.0,17.21
Beans,Hyderabad,159,2,37.5,40.3
Spinach,Kolkata,13,5,25.5,27.01
Peas,Kolkata,187,6,30.0,33.87
Potato,Pune,645,6,16.5,18.03
Spinach,Kolkata,100,5,14.0,14.29
Peas,Bangalore,332,9,63.0,76.57
Brinjal,Mumbai,134,7,38.0,44.79
Brinjal,Delhi,88,8,31.5,38.4
Tomato,Mumbai,345,9,36.0,41.78
Onion,Kolkata,442,5,23.5,26.27
Cabbage,Delhi,178,10,21.5,26.09
Onion,Mumbai,282,3,33.0,37.39
Beans,Chennai,289,8,40.0,45.78
Beans,Chennai,320,10,55.5,67.16
Peas,Pune,127,3,38.0,41.12
Peas,Patna,178,5,28.5,31.5
Brinjal,Patna,451,5,26.0,27.88
Tomato,Pune,327,3,21.5,20.44
Potato,Bangalore,189,2,22.5,23.94
Potato,Pune,1749,4,16.0,16.22
Tomato,Bangalore,234,6,21.5,24.09
Spinach,Pune,56,4,17.5,18.68
Carrot,Mumbai,161,4,28.0,33.48
Carrot,Patna,250,3,26.5,26.79
Cauliflower,Mumbai,531,6,28.0,31.04
Tomato,Delhi,670,8,37.5,40.9
Spinach,Mumbai,57,8,30.0,36.2
Cabbage,Mumbai,434,5,17.0,19.38
Spinach,Patna,157,4,22.0,21.79
Cauliflower,Patna,285,2,19.0,18.22
Potato,Chennai,306,3,17.5,18.36
Potato,Patna,1094,6,13.5,14.43
Brinjal,Bangalore,72,6,36.5,40.73
Onion,Pune,2269,6,27.0,29.3
Beans,Pune,110,2,31.0,31.95
Brinjal,Delhi,619,1,25.5,25.23
Brinjal,Delhi,302,5,24.5,26.13
Cauliflower,Bangalore,272,4,24.0,26.29
Cauliflower,Pune,360,9,32.5,36.6
Onion,Kolkata,567,2,19.0,19.19
Tomato,Patna,592,1,19.5,18.52
Brinjal,Bangalore,671,7,34.5,37.24
Brinjal,Kolkata,209,10,30.5,35.33
Potato,Patna,975,5,15.0,15.03
Beans,Mumbai,207,10,62.5,78.6
Onion,Mumbai,600,6,44.0,50.29
Brinjal,Kolkata,476,3,23.5,23.44
Onion,Mumbai,269,5,30.0,34.79
Tomato,Patna,318,1,28.5,27.07
Carrot,Patna,302,5,30.5,32.27
Peas,Kolkata,161,5,32.0,37.1
Spinach,Mumbai,205,6,26.5,29.36
Beans,Hyderabad,131,9,49.5,60.26
Carrot,Delhi,565,1,29.5,28.89
Brinjal,Patna,361,3,20.0,19.97
Spinach,Kolkata,297,5,23.0,24.18
Tomato,Patna,362,5,20.0,19.85
Cauliflower,Bangalore,219,8,23.5,27.81
Beans,Kolkata,433,8,45.5,51.53
Spinach,Pune,60,2,15.5,16.3
Cauliflower,Mumbai,137,10,36.0,45.66
Onion,Patna,1730,7,30.0,30.78
Carrot,Delhi,495,8,43.5,50.14
Onion,Mumbai,686,3,35.5,36.71
Brinjal,Pune,182,4,28.0,29.46
Brinjal,Patna,158,6,21.0,22.16
Spinach,Mumbai,67,5,27.0,29.27
Brinjal,Bangalore,1106,5,21.5,22.81
Cabbage,Bangalore,181,5,20.0,23.44
Carrot,Kolkata,189,5,24.5,25.62
Beans,Pune,156,3,48.0,48.33
Cauliflower,Kolkata,309,9,32.0,36.12
Brinjal,Mumbai,415,5,30.0,32.75
Peas,Chennai,46,4,72.5,82.12
Onion,Chennai,714,6,23.5,24.9
Tomato,Kolkata,207,8,19.5,21.62
Cauliflower,Mumbai,293,5,24.5,27.52
Cauliflower,Patna,611,4,16.0,15.91
Spinach,Bangalore,21,6,26.5,31.09
Cauliflower,Patna,255,2,18.5,17.57
Spinach,Patna,34,4,13.0,13.85
Cauliflower,Hyderabad,230,8,28.5,32.74
Peas,Hyderabad,254,4,49.5,53.31
Spinach,Hyderabad,90,4,23.0,24.67
Potato,Mumbai,181,10,22.5,28.03
Brinjal,Kolkata,296,9,24.5,27.16
Brinjal,Kolkata,107,1,24.0,23.29
Tomato,Mumbai,439,8,24.5,27.43
Cauliflower,Pune,652,6,29.0,30.68
Cabbage,Hyderabad,843,7,15.0,16.78
Spinach,Hyderabad,180,1,15.5,15.03
Brinjal,Bangalore,191,5,28.0,29.9
Carrot,Mumbai,325,5,39.0,43.38
Cabbage,Patna,649,9,17.5,18.87
Brinjal,Delhi,142,6,33.0,38.33
Peas,Chennai,239,3,31.0,33.54
Beans,Chennai,134,4,55.5,60.17
Carrot,Patna,238,4,33.0,34.2
Cauliflower,Patna,488,8,27.0,28.52
Tomato,Delhi,517,7,32.0,35.93
Cabbage,Chennai,525,6,17.5,19.22
Brinjal,Bangalore,173,9,35.0,41.98
Cauliflower,Patna,199,3,18.5,18.19
Spinach,Delhi,109,8,26.0,30.05
Potato,Delhi,1788,6,21.5,23.6
Tomato,Chennai,351,5,37.0,39.75
Brinjal,Chennai,523,2,24.5,25.05
Spinach,Chennai,167,5,14.5,15.23
Tomato,Patna,315,10,26.0,27.87
Carrot,Chennai,338,9,36.5,44.02
Brinjal,Kolkata,503,4,21.0,21.32
Brinjal,Kolkata,464,2,24.5,24.09
Cauliflower,Pune,154,9,28.0,32.3
Onion,Delhi,223,4,33.5,37.44
Cauliflower,Chennai,160,8,32.5,36.99
Tomato,Bangalore,186,10,39.5,47.78
Onion,Patna,472,3,23.0,23.82
Brinjal,Bangalore,174,10,34.0,40.88
Spinach,Delhi,144,7,31.5,36.02
Potato,Delhi,1046,2,14.5,14.75
Cauliflower,Delhi,346,9,29.5,34.41
Peas,Chennai,290,6,44.0,51.45
Peas,Chennai,41,3,48.5,55.28
Cabbage,Chennai,387,5,16.5,18.32
Brinjal,Chennai,1135,6,22.0,23.67
Tomato,Patna,102,3,17.5,17.43
Cabbage,Kolkata,700,4,16.0,16.36
Potato,Bangalore,605,9,18.5,22.19
Beans,Bangalore,264,6,55.5,62.25
Brinjal,Patna,208,6,23.0,25.29
Carrot,Delhi,406,4,28.5,29.97
Tomato,Chennai,807,4,16.5,16.73
Tomato,Chennai,219,4,20.0,21.28
Carrot,Patna,331,9,28.5,31.84
Peas,Hyderabad,156,6,36.5,42.06
Brinjal,Kolkata,462,4,30.5,31.16
Peas,Bangalore,158,10,54.5,70.21
Cauliflower,Bangalore,364,7,20.5,23.48
Cabbage,Kolkata,243,6,19.0,20.6
Brinjal,Patna,244,5,26.0,26.66
Beans,Hyderabad,230,9,50.0,60.76
Spinach,Hyderabad,161,9,30.5,34.75
Beans,Patna,209,3,30.0,30.17
Cabbage,Pune,181,7,20.5,23.42
Spinach,Hyderabad,438,4,25.5,25.73
Cabbage,Bangalore,334,9,22.0,26.21
Brinjal,Hyderabad,280,4,27.5,29.04
Tomato,Kolkata,579,3,18.5,18.22
Cabbage,Patna,310,7,16.5,17.04
Brinjal,Pune,925,1,27.0,25.99
Onion,Hyderabad,973,9,45.0,51.96
Peas,Chennai,223,5,32.0,33.75
Carrot,Chennai,784,5,29.0,31.2
Carrot,Patna,84,5,36.5,38.77
Cabbage,Pune,510,4,16.0,16.84
Cabbage,Delhi,357,8,22.0,24.63
Tomato,Bangalore,97,4,37.5,41.1
Cabbage,Pune,315,5,21.5,22.87
Peas,Mumbai,189,4,68.0,76.51
Brinjal,Pune,716,1,19.5,19.19
Cauliflower,Mumbai,1558,6,22.0,23.89
Brinjal,Pune,499,3,24.0,24.0
Spinach,Mumbai,346,4,26.5,29.47
Spinach,Chennai,128,3,26.0,28.09
Cauliflower,Kolkata,225,5,27.5,30.06
Onion,Delhi,539,5,33.0,36.43
Potato,Chennai,447,6,19.0,21.0
Spinach,Hyderabad,83,8,25.5,29.01
Cabbage,Delhi,58,7,21.5,25.2
Brinjal,Kolkata,174,5,20.5,21.8
Cauliflower,Pune,143,8,35.5,39.6
Cabbage,Mumbai,818,8,18.0,20.28
Peas,Kolkata,233,5,28.5,31.92
Cauliflower,Delhi,329,5,26.5,28.67
Carrot,Chennai,597,3,42.5,45.74
Tomato,Chennai,316,5,27.0,28.04
Peas,Bangalore,37,9,40.5,51.05
Spinach,Hyderabad,76,6,23.5,26.22
Spinach,Mumbai,75,7,26.0,30.28
Beans,Pune,161,4,27.5,29.9
Onion,Delhi,779,9,39.0,45.37
Onion,Chennai,921,2,29.0,30.1
Cabbage,Delhi,146,7,24.5,29.02
Spinach,Patna,275,3,14.0,13.3
Peas,Kolkata,114,2,29.0,31.19
Beans,Pune,70,1,40.5,42.1
Beans,Hyderabad,192,8,61.0,70.79
Cauliflower,Hyderabad,254,5,18.0,20.08
Tomato,Chennai,648,5,16.0,17.46
Cabbage,Pune,275,3,14.5,15.55
Beans,Delhi,147,9,57.0,68.56
Cauliflower,Kolkata,368,2,18.0,18.49
Potato,Chennai,291,4,19.0,21.06
Onion,Hyderabad,538,7,21.5,24.59
Cabbage,Mumbai,239,3,15.0,16.45
Spinach,Mumbai,255,7,17.5,19.72
Potato,Hyderabad,374,4,17.0,18.71
Spinach,Kolkata,139,6,13.5,13.95
Onion,Chennai,848,8,35.0,39.93
Potato,Patna,1700,1,14.0,13.35
Cauliflower,Delhi,151,5,21.0,23.28
Brinjal,Kolkata,154,8,25.0,28.09
Potato,Hyderabad,285,6,14.5,15.89
Spinach,Kolkata,123,1,23.0,21.85
Carrot,Kolkata,181,8,34.0,39.18
Cauliflower,Patna,145,2,16.0,15.48
Onion,Kolkata,564,1,20.0,20.3
Peas,Mumbai,218,2,41.0,46.71
Cabbage,Delhi,472,2,17.0,17.26
Cabbage,Kolkata,553,7,15.0,15.82
Peas,Patna,166,6,27.5,29.71
Beans,Hyderabad,117,8,43.0,52.13
Beans,Kolkata,246,6,45.5,50.64
Brinjal,Patna,86,4,27.0,29.67
Cauliflower,Hyderabad,224,6,21.5,23.45
Cabbage,Kolkata,408,7,21.5,22.86
Brinjal,Pune,515,4,31.5,30.64
Carrot,Hyderabad,198,4,35.5,38.93
Tomato,Pune,261,6,17.0,18.16
Brinjal,Hyderabad,92,8,34.5,40.29
Onion,Chennai,365,3,20.0,22.16
Spinach,Kolkata,36,6,17.5,19.1
Brinjal,Hyderabad,397,6,29.0,31.86
Potato,Pune,1414,10,21.5,23.91
Cabbage,Delhi,316,5,13.5,14.56
Cabbage,Patna,286,6,14.5,14.85
Cauliflower,Hyderabad,369,6,22.5,24.01
Peas,Kolkata,104,5,54.0,60.09
Potato,Patna,329,3,13.5,13.15
Onion,Chennai,1618,1,21.5,21.64
Carrot,Mumbai,140,6,45.5,52.04
Spinach,Pune,129,4,18.5,19.21
Carrot,Hyderabad,338,6,28.5,31.73
Cauliflower,Kolkata,122,2,25.5,25.97
Brinjal,Bangalore,206,2,25.0,26.02
Spinach,Bangalore,90,9,24.5,28.73
Cabbage,Pune,479,5,14.0,14.49
Potato,Delhi,1146,3,17.0,18.28
Beans,Delhi,136,7,50.5,62.17
Cabbage,Chennai,1304,7,22.5,24.83
Onion,Patna,338,8,33.0,37.27
Cabbage,Mumbai,197,9,24.0,28.68
Beans,Bangalore,909,9,52.5,61.95
Beans,Patna,500,10,50.0,58.42
Peas,Pune,388,6,60.0,68.32
Onion,Pune,723,5,20.0,22.24
Spinach,Chennai,93,5,17.0,18.13
Spinach,Hyderabad,46,2,19.0,19.9
Carrot,Chennai,83,10,44.0,54.62
Carrot,Hyderabad,129,6,28.5,31.76
Onion,Patna,464,7,31.5,33.57
Peas,Mumbai,103,7,62.5,79.5
Peas,Patna,195,2,46.5,45.32
Onion,Kolkata,273,9,36.5,42.93
Spinach,Pune,89,6,30.5,33.33
Spinach,Pune,91,3,15.5,15.59
Brinjal,Chennai,120,10,21.5,25.19
Cauliflower,Pune,363,2,15.5,15.19
Potato,Delhi,677,9,17.0,19.93
Peas,Kolkata,224,3,32.0,33.7
Carrot,Chennai,110,7,29.5,33.34
Potato,Patna,723,3,19.0,18.05
Cauliflower,Patna,217,3,15.5,15.27
Cabbage,Kolkata,532,8,18.5,20.88
Carrot,Mumbai,322,9,35.5,43.53
Beans,Mumbai,67,6,44.5,55.24
Cauliflower,Pune,268,3,16.0,16.61
Cauliflower,Hyderabad,182,9,33.5,39.22
Peas,Chennai,466,4,55.5,60.73
Carrot,Chennai,156,7,36.5,43.58
Onion,Chennai,720,5,20.5,22.52
Onion,Kolkata,738,8,32.0,35.37
Peas,Chennai,432,8,52.0,63.46
Peas,Kolkata,71,6,43.5,51.17
Peas,Chennai,87,10,54.5,67.92
Beans,Chennai,334,5,46.0,50.59
Onion,Pune,284,2,19.5,20.07
Cabbage,Bangalore,234,7,20.5,23.83
Spinach,Patna,133,5,14.5,14.68
Peas,Kolkata,106,5,45.5,50.96
Cabbage,Kolkata,125,6,14.0,15.64
Spinach,Delhi,149,6,30.0,31.88
Beans,Delhi,98,7,42.0,48.5
Cauliflower,Kolkata,87,6,26.0,27.46
Potato,Kolkata,1643,6,20.0,21.76
Brinjal,Pune,386,8,30.0,33.91
Cabbage,Pune,801,7,22.0,23.76
Potato,Bangalore,563,8,24.0,28.89
Onion,Mumbai,1042,9,41.0,50.97
Cabbage,Pune,236,3,16.0,16.41
Brinjal,Kolkata,389,9,28.0,31.77
Beans,Mumbai,280,1,32.5,33.71
Cabbage,Hyderabad,233,5,19.5,20.99
Tomato,Chennai,482,5,28.0,29.44
Carrot,Chennai,186,7,36.5,41.82
Carrot,Patna,238,1,24.5,23.78
Carrot,Bangalore,168,1,39.5,40.62
Carrot,Pune,83,7,37.5,43.87
Spinach,Delhi,50,6,18.5,21.51
Carrot,Kolkata,718,6,39.5,41.16
Potato,Mumbai,308,6,16.5,18.94
Peas,Pune,214,8,58.5,69.2
Tomato,Mumbai,250,9,33.0,38.84
Brinjal,Mumbai,380,5,28.5,31.85
Potato,Mumbai,361,5,20.5,22.95
Peas,Delhi,192,3,32.0,35.32
Spinach,Chennai,126,5,24.0,25.25
Cabbage,Bangalore,361,4,15.0,15.88
Potato,Patna,1022,5,14.5,15.05
Brinjal,Chennai,499,2,24.5,24.61
Spinach,Hyderabad,225,5,15.0,16.25
Peas,Chennai,165,6,59.5,68.99
Carrot,Hyderabad,228,1,26.0,26.22
Tomato,Mumbai,293,7,36.0,40.91
Potato,Pune,674,7,22.5,25.48
Brinjal,Chennai,195,9,29.5,35.31
Brinjal,Kolkata,110,8,26.0,29.4
Cauliflower,Patna,291,2,16.5,15.69
Potato,Delhi,653,2,17.5,18.39
Brinjal,Hyderabad,344,4,23.5,24.62
Cauliflower,Delhi,193,5,21.0,23.05
Carrot,Hyderabad,169,8,30.5,35.41
Beans,Hyderabad,207,5,32.0,35.68
Onion,Delhi,2058,6,37.5,40.17
Beans,Patna,115,8,40.0,45.47
Potato,Kolkata,459,4,15.5,16.43
Cabbage,Mumbai,327,9,25.0,30.11
Brinjal,Bangalore,444,6,33.0,37.4
Brinjal,Kolkata,285,6,20.0,21.48
Beans,Kolkata,165,4,34.0,37.01
Tomato,Pune,260,5,32.5,35.87
Onion,Pune,1810,2,19.5,19.26
Spinach,Mumbai,105,4,29.0,30.86
Brinjal,Delhi,157,9,30.5,36.36
Tomato,Delhi,178,5,23.0,24.91
Cabbage,Hyderabad,893,5,18.0,18.47
Cauliflower,Bangalore,74,3,26.0,27.69
Tomato,Kolkata,210,1,17.5,17.16
Spinach,Bangalore,105,10,29.0,35.26
Onion,Pune,591,3,30.5,30.98
Carrot,Bangalore,265,7,39.0,45.09
Spinach,Delhi,89,4,16.5,17.55
Potato,Mumbai,298,9,22.0,26.52
Onion,Pune,1067,6,23.0,24.95
Tomato,Pune,92,4,22.5,24.24
Potato,Pune,2500,3,19.0,19.56
Cauliflower,Delhi,495,8,30.0,34.07
Carrot,Mumbai,334,10,41.5,51.02
Cabbage,Kolkata,212,7,16.5,18.0
Brinjal,Pune,404,5,29.5,31.91
Beans,Kolkata,134,9,43.0,50.82
Tomato,Mumbai,119,8,36.5,43.74
Onion,Pune,746,8,31.0,34.3
Onion,Mumbai,379,10,37.5,46.61
Potato,Hyderabad,220,3,18.0,18.77
Beans,Mumbai,231,8,61.5,74.17
Spinach,Mumbai,67,7,25.5,29.77
Beans,Delhi,299,5,49.5,55.79
Brinjal,Pune,219,1,20.5,20.86
Beans,Delhi,148,10,31.5,39.12
Peas,Delhi,190,2,33.0,35.41
Brinjal,Mumbai,364,6,35.5,39.86
Peas,Pune,301,5,39.5,43.39
Onion,Bangalore,719,4,41.5,44.28
Beans,Kolkata,44,2,31.0,33.35
Spinach,Hyderabad,87,1,15.0,14.69
Brinjal,Kolkata,141,3,19.5,19.35
Tomato,Kolkata,432,2,17.0,16.83
Potato,Patna,411,5,15.0,15.91
Brinjal,Delhi,295,8,27.5,31.47
Tomato,Chennai,136,6,38.0,40.79
Onion,Patna,404,5,23.0,24.51
Spinach,Pune,49,7,27.0,30.18
Beans,Pune,168,4,33.5,35.63
Brinjal,Hyderabad,195,5,32.5,35.41
Onion,Hyderabad,1394,4,29.0,30.58
Onion,Patna,803,8,22.5,23.71
Carrot,Bangalore,441,3,31.0,33.37
Potato,Mumbai,394,2,17.5,19.0
Carrot,Pune,137,6,42.5,47.17
Carrot,Mumbai,463,6,35.0,38.87
Brinjal,Hyderabad,122,7,26.0,29.44
Cabbage,Hyderabad,838,5,18.5,19.7
Spinach,Pune,87,8,25.0,28.14
Spinach,Pune,126,6,23.5,24.98
Peas,Bangalore,642,8,71.5,84.71
Spinach,Pune,49,1,15.5,15.25
Potato,Hyderabad,391,1,17.5,17.58
Tomato,Bangalore,159,5,33.5,37.32
Brinjal,Kolkata,144,5,22.5,24.14
Cabbage,Bangalore,525,5,15.5,17.02
Onion,Delhi,320,8,36.0,42.07
Cauliflower,Delhi,536,2,20.5,21.19
Tomato,Bangalore,690,5,34.5,37.98
Cabbage,Kolkata,128,6,17.5,19.09
Spinach,Hyderabad,66,6,24.5,26.02
Brinjal,Bangalore,464,3,24.0,26.48
Cabbage,Chennai,387,3,17.5,18.03
Cabbage,Patna,355,6,16.0,16.74
Onion,Kolkata,975,6,22.0,23.82
Spinach,Pune,58,7,20.0,22.09
Onion,Pune,474,5,32.5,34.87
Carrot,Patna,299,4,25.5,26.32
Beans,Kolkata,108,4,46.0,50.04
Brinjal,Patna,110,4,24.5,25.79
Carrot,Patna,269,6,24.5,25.33
Onion,Patna,422,3,18.0,18.18
Brinjal,Delhi,233,8,25.0,29.89
Cabbage,Kolkata,505,5,18.0,19.16
Brinjal,Mumbai,518,5,29.0,31.46
Tomato,Bangalore,1243,10,29.5,34.24
Tomato,Hyderabad,424,2,15.5,15.78
Cauliflower,Kolkata,480,8,28.5,30.2
Carrot,Pune,129,2,31.0,32.87
Beans,Hyderabad,302,8,32.0,37.18
Tomato,Hyderabad,168,6,18.0,19.82
Spinach,Chennai,122,4,16.5,17.71
Brinjal,Mumbai,121,6,33.5,38.03
Brinjal,Chennai,392,7,27.5,30.39
Spinach,Bangalore,75,7,26.0,29.75
Spinach,Patna,99,4,13.5,13.19
Tomato,Pune,226,1,17.0,16.51
Tomato,Delhi,632,4,17.5,17.79
Cauliflower,Kolkata,210,8,27.5,30.69
Peas,Mumbai,175,7,36.0,43.7
Peas,Bangalore,133,6,45.0,53.38
Tomato,Delhi,219,8,27.0,30.23
Peas,Patna,80,2,34.5,37.81
Brinjal,Mumbai,191,7,31.0,35.81
Cabbage,Mumbai,554,3,19.5,20.87
Brinjal,Chennai,216,2,26.5,26.98
Potato,Hyderabad,386,6,19.5,21.93
Beans,Hyderabad,133,5,54.0,60.73
Tomato,Mumbai,211,6,39.5,45.66
Tomato,Bangalore,138,2,23.5,25.49
Carrot,Mumbai,243,7,31.0,36.84
Cauliflower,Delhi,302,10,31.0,38.01
Peas,Mumbai,271,5,54.5,61.98
Beans,Hyderabad,112,4,29.0,32.02
Potato,Chennai,374,7,21.0,23.99
Brinjal,Pune,149,1,25.5,25.18
Beans,Pune,240,8,45.5,53.37
Cabbage,Bangalore,281,10,23.0,28.03
Spinach,Chennai,82,8,23.5,28.28
Beans,Patna,93,3,33.0,34.07
Peas,Chennai,44,7,48.0,57.5
Onion,Bangalore,431,8,42.0,48.79
Cabbage,Chennai,521,2,16.5,15.88
Onion,Chennai,271,2,21.5,22.59
Beans,Delhi,67,10,40.5,51.86
Cabbage,Mumbai,90,9,20.0,24.32
Potato,Chennai,283,7,20.0,21.9
Peas,Mumbai,78,2,36.5,39.91
Carrot,Bangalore,275,5,35.0,38.72
Cabbage,Bangalore,513,4,16.0,17.38
Cauliflower,Hyderabad,469,6,25.5,27.3
Spinach,Chennai,282,8,24.0,26.9
Peas,Mumbai,136,5,54.0,62.36
Brinjal,Hyderabad,131,9,29.0,33.62
Peas,Delhi,113,7,43.5,51.58
Onion,Chennai,492,5,33.5,36.75
Cabbage,Kolkata,660,7,14.5,15.44
Potato,Patna,776,5,16.5,17.52
Brinjal,Bangalore,294,7,35.5,41.25
Brinjal,Mumbai,183,6,35.5,40.71
Tomato,Delhi,782,4,18.5,19.22
Spinach,Kolkata,143,5,16.5,16.94
Tomato,Delhi,290,6,28.5,31.76
Tomato,Delhi,755,10,34.5,39.81
Cauliflower,Hyderabad,205,4,15.0,15.9
Onion,Kolkata,328,7,23.5,26.44
Beans,Chennai,276,3,34.5,36.05
Cauliflower,Hyderabad,183,6,30.0,32.76
Tomato,Delhi,624,9,34.0,38.84
Carrot,Hyderabad,205,7,38.0,43.2
Cauliflower,Chennai,315,7,37.0,41.21
Cauliflower,Hyderabad,263,3,17.5,18.14
Beans,Delhi,322,6,49.0,56.43
Peas,Patna,61,5,32.0,35.81
Beans,Chennai,376,10,40.0,49.35
Onion,Patna,521,5,29.5,30.55
Brinjal,Delhi,209,4,28.5,31.38
Brinjal,Bangalore,165,3,24.5,25.63
Potato,Patna,547,4,16.5,16.68
Onion,Mumbai,858,7,34.0,38.13
Brinjal,Patna,415,4,23.5,23.16
Cauliflower,Bangalore,146,4,22.0,24.91
Potato,Bangalore,620,5,18.0,20.08
Beans,Hyderabad,94,9,42.5,51.59
Cauliflower,Delhi,152,5,18.5,20.52
Cabbage,Chennai,261,10,22.0,26.93
Tomato,Kolkata,180,5,19.5,19.4
Potato,Bangalore,361,3,20.5,21.67
Spinach,Bangalore,57,4,29.0,31.49
Cabbage,Delhi,707,7,16.5,18.28
Carrot,Kolkata,282,9,45.5,51.33
Peas,Delhi,303,4,67.0,75.55
Spinach,Bangalore,85,3,17.0,17.5
Carrot,Patna,379,4,24.5,23.49
Carrot,Patna,183,4,26.5,26.11
Brinjal,Kolkata,403,6,23.5,25.14
Beans,Mumbai,102,8,55.5,69.34
Beans,Mumbai,82,4,40.0,45.46
Beans,Mumbai,180,6,42.5,51.93
Spinach,Hyderabad,97,5,19.0,20.57
Cabbage,Hyderabad,249,2,15.0,15.27
Tomato,Delhi,482,6,34.0,37.31
Spinach,Pune,117,8,21.0,23.68
Potato,Bangalore,885,10,23.0,26.84
Brinjal,Chennai,330,4,24.5,26.31
Peas,Hyderabad,155,5,35.0,39.75
Cabbage,Chennai,359,1,16.5,16.13
Potato,Kolkata,1834,6,17.5,18.75
Potato,Patna,231,8,17.5,19.39
Beans,Delhi,145,4,36.0,40.0
Spinach,Patna,67,2,12.0,11.66
Cabbage,Patna,581,6,13.0,13.7
Brinjal,Pune,263,5,26.5,29.48
Cabbage,Chennai,88,5,14.0,16.14
Cauliflower,Bangalore,282,6,21.0,23.74
Cabbage,Pune,112,6,13.5,15.2
Onion,Patna,2312,5,22.5,21.53
Peas,Delhi,211,9,62.5,74.33
Beans,Hyderabad,176,2,42.5,46.59
Carrot,Delhi,531,4,30.0,31.41
Onion,Bangalore,900,6,39.5,42.24
Cauliflower,Pune,845,6,27.0,28.86
Cabbage,Chennai,333,8,21.5,24.69
Spinach,Delhi,58,3,23.0,24.59
Cauliflower,Kolkata,413,5,20.0,20.82
Carrot,Pune,417,6,36.5,39.58
Tomato,Patna,125,1,20.5,19.47
Cabbage,Kolkata,150,2,17.5,17.13
Beans,Patna,382,5,48.5,51.25
Peas,Chennai,233,8,58.0,70.09
Potato,Mumbai,498,5,21.5,24.1
Tomato,Chennai,188,7,32.5,36.13
Carrot,Chennai,106,7,45.5,53.85
Tomato,Kolkata,100,3,18.5,19.5
Onion,Mumbai,299,4,37.5,42.18
Potato,Mumbai,1190,7,28.0,31.77
Potato,Kolkata,875,7,21.5,24.8
Brinjal,Hyderabad,269,2,25.0,24.88
Carrot,Mumbai,191,4,44.5,50.05
Peas,Delhi,209,4,33.0,38.25
Onion,Hyderabad,329,9,36.0,41.73
Cauliflower,Pune,170,6,31.5,34.04
Tomato,Bangalore,236,4,20.0,21.6
Beans,Pune,282,3,33.0,35.35
Beans,Chennai,76,3,32.5,36.41
Beans,Kolkata,198,9,46.5,54.87
Brinjal,Pune,434,4,23.5,24.41
Cabbage,Kolkata,813,5,17.0,17.28
Carrot,Patna,452,2,24.5,24.09
Brinjal,Bangalore,573,4,26.5,27.51
Tomato,Delhi,695,8,40.5,44.08
Peas,Kolkata,55,6,54.5,61.21
Tomato,Chennai,187,6,30.0,34.14
Beans,Kolkata,163,8,54.0,62.48
Cabbage,Delhi,369,6,16.0,17.47
Onion,Kolkata,334,2,21.0,22.28
Tomato,Hyderabad,230,1,17.5,17.58
Cabbage,Delhi,1244,2,14.0,14.33
Cauliflower,Bangalore,470,3,18.5,19.54
Tomato,Kolkata,209,6,16.5,17.63
Cauliflower,Patna,223,9,25.5,28.21
Carrot,Chennai,209,6,36.0,39.88
Carrot,Pune,142,7,38.0,44.93
Cauliflower,Patna,235,1,15.5,14.72
Potato,Chennai,546,8,21.0,24.35
Carrot,Hyderabad,356,6,35.5,37.28
Potato,Hyderabad,775,3,18.0,18.63
Peas,Pune,298,4,36.0,38.28
Peas,Patna,169,3,43.0,43.13
Cabbage,Delhi,1037,7,18.5,21.04
Carrot,Mumbai,430,8,51.0,60.72
Cabbage,Pune,777,3,16.0,16.26
Potato,Hyderabad,807,2,18.0,18.36
Spinach,Kolkata,139,3,15.0,15.41
Beans,Pune,232,9,50.5,58.64
Carrot,Chennai,67,4,36.0,40.51
Beans,Hyderabad,109,2,29.5,32.12
Cabbage,Mumbai,411,5,18.5,20.36
Cabbage,Pune,431,7,18.5,20.9
Peas,Delhi,152,10,62.0,76.43
Peas,Delhi,330,7,58.5,71.18
Cauliflower,Hyderabad,276,3,21.5,23.13
Brinjal,Kolkata,147,7,28.5,30.24
Beans,Chennai,59,7,29.5,35.79
Carrot,Pune,386,2,27.5,27.13
Tomato,Chennai,369,4,28.0,27.82
Spinach,Hyderabad,165,4,20.5,22.21
Brinjal,Mumbai,603,6,36.5,40.92
Tomato,Chennai,643,3,21.0,21.29
Peas,Mumbai,80,7,38.5,47.34
Cabbage,Bangalore,317,4,19.0,20.96
Brinjal,Delhi,121,10,29.0,36.56
Cauliflower,Kolkata,193,6,27.5,29.99
Potato,Kolkata,751,7,20.5,23.09
Cauliflower,Delhi,204,4,23.0,24.45
Potato,Chennai,320,7,21.5,24.66
Cauliflower,Bangalore,148,8,19.5,22.88
Onion,Pune,1789,5,27.5,28.86
Peas,Chennai,312,5,68.5,78.28
Spinach,Pune,24,2,15.5,16.32
Tomato,Bangalore,433,10,40.0,47.56
Cabbage,Chennai,230,4,16.0,17.28
Cabbage,Hyderabad,366,5,17.5,18.47
Tomato,Hyderabad,176,6,22.0,24.44
Spinach,Bangalore,117,5,19.0,21.09
Spinach,Pune,106,8,27.5,30.57
Carrot,Patna,261,5,25.0,26.29
Beans,Pune,383,6,49.0,53.85
Cabbage,Hyderabad,995,10,22.0,24.31
Onion,Chennai,426,4,38.0,41.17
Carrot,Bangalore,194,8,49.5,58.15
Cabbage,Kolkata,237,3,13.5,13.6
Tomato,Mumbai,194,5,32.5,36.03
Spinach,Pune,40,7,22.0,25.04
Cabbage,Mumbai,468,8,23.5,27.52
Onion,Chennai,179,1,22.0,23.16
Cauliflower,Bangalore,395,7,30.0,34.99
Peas,Patna,349,5,48.5,51.9
Peas,Hyderabad,108,2,39.0,43.93
Carrot,Hyderabad,812,4,39.5,41.62
Beans,Pune,263,4,45.5,49.61
Brinjal,Mumbai,110,5,27.0,31.85
Potato,Mumbai,1741,4,19.0,20.95
Onion,Chennai,169,7,30.5,35.99
Cauliflower,Pune,586,6,27.5,28.81
Cabbage,Kolkata,206,8,20.5,22.53
Carrot,Kolkata,560,7,33.5,36.92
Potato,Bangalore,1015,5,20.5,22.46
Onion,Pune,196,5,42.0,46.56
Carrot,Delhi,420,5,28.0,31.49
Cauliflower,Mumbai,188,3,20.0,21.46
Brinjal,Pune,981,3,28.5,28.45
Beans,Delhi,250,10,57.0,71.57
Onion,Mumbai,977,3,27.5,28.86
Spinach,Patna,242,9,25.0,27.14
Cauliflower,Chennai,212,3,28.5,28.94
Cauliflower,Kolkata,365,8,30.0,32.65
Tomato,Delhi,233,9,32.0,36.71
Potato,Kolkata,1203,6,15.5,16.73
Onion,Patna,616,2,19.0,18.37
Beans,Bangalore,127,6,31.5,37.3
Onion,Mumbai,1165,6,37.0,41.37
Potato,Hyderabad,331,9,21.5,25.24
Beans,Bangalore,149,8,51.0,62.49
Cabbage,Pune,200,3,13.5,14.12
Beans,Mumbai,74,3,44.5,52.61
Carrot,Kolkata,190,4,28.5,29.87
Cabbage,Patna,476,8,17.5,18.86
Brinjal,Mumbai,316,9,28.0,32.14
Beans,Bangalore,51,7,40.0,48.98
Cauliflower,Delhi,415,10,34.5,39.08
Cauliflower,Hyderabad,200,6,29.0,33.11
Potato,Kolkata,839,8,19.5,22.48
Tomato,Hyderabad,271,5,27.5,28.31
Brinjal,Hyderabad,154,7,31.5,35.76
Carrot,Delhi,163,8,45.0,53.42
Onion,Patna,478,6,30.0,32.03
Onion,Mumbai,333,9,41.5,52.44
Cabbage,Mumbai,412,8,24.5,28.03
Tomato,Delhi,280,6,17.0,19.04
Tomato,Kolkata,175,1,15.5,15.21
Cauliflower,Delhi,228,5,24.0,28.01
Tomato,Mumbai,294,10,36.0,42.32
Beans,Patna,493,6,44.0,47.2
Onion,Patna,875,1,16.5,15.67
Spinach,Kolkata,123,7,18.5,19.47
Beans,Kolkata,222,3,34.0,35.41
Cauliflower,Patna,151,8,19.0,20.88
Peas,Kolkata,48,4,47.0,53.28
Potato,Chennai,470,3,16.5,17.13
Carrot,Mumbai,598,5,40.5,43.61
Onion,Delhi,439,3,31.5,34.5
Peas,Bangalore,78,7,45.5,56.28
Peas,Mumbai,186,4,37.0,42.77
Brinjal,Chennai,419,2,26.0,26.05
Spinach,Bangalore,185,10,27.5,32.55
Cauliflower,Chennai,231,7,19.0,21.77
Spinach,Chennai,179,5,17.5,18.48
Carrot,Delhi,506,5,28.0,31.03
Cabbage,Kolkata,863,6,19.5,19.7
Onion,Hyderabad,215,6,30.0,33.3
Peas,Delhi,116,7,62.0,74.26
Peas,Bangalore,96,5,70.5,79.13
Beans,Pune,53,2,35.0,37.32
Cauliflower,Chennai,155,4,19.0,20.46
Brinjal,Hyderabad,377,7,24.5,28.13
Beans,Chennai,186,5,54.0,60.41
Potato,Delhi,1645,2,16.5,16.64
Cauliflower,Patna,435,6,29.0,29.47
Onion,Delhi,457,4,21.0,22.66
Potato,Pune,1413,8,16.0,18.13
Tomato,Bangalore,308,7,23.5,26.26
Cauliflower,Kolkata,201,3,18.5,19.14
Potato,Kolkata,1589,4,15.5,15.74
Carrot,Chennai,230,6,43.0,48.12
Carrot,Patna,169,1,26.5,25.28
Cauliflower,Delhi,150,5,21.5,23.74
Cauliflower,Patna,346,8,21.5,22.83
Carrot,Hyderabad,123,1,28.0,27.96
Onion,Kolkata,292,3,19.5,20.01
Brinjal,Chennai,395,8,31.5,35.95
Carrot,Pune,407,1,30.0,30.53
Cauliflower,Hyderabad,699,7,36.0,40.45
Beans,Mumbai,224,6,39.5,45.58
Peas,Hyderabad,285,10,49.5,60.63
Cabbage,Delhi,571,7,17.0,19.5
Brinjal,Kolkata,478,6,19.5,20.16
Cabbage,Patna,572,4,13.5,13.47
Potato,Delhi,814,4,21.0,23.64
Brinjal,Kolkata,739,5,29.0,30.6
Beans,Mumbai,227,3,41.0,46.25
Carrot,Delhi,386,4,29.0,30.69
Beans,Hyderabad,108,9,49.0,58.16
Potato,Kolkata,393,3,16.5,16.54
Cauliflower,Kolkata,243,2,17.0,17.13
Brinjal,Delhi,388,7,30.0,33.7
Carrot,Mumbai,183,4,32.5,35.53
Carrot,Patna,159,6,34.5,35.93
Beans,Hyderabad,45,7,42.5,50.6
Onion,Bangalore,413,5,19.5,21.77
Onion,Pune,1047,6,19.0,19.98
Peas,Bangalore,312,9,54.5,66.76
Onion,Kolkata,375,8,25.5,28.46
Cabbage,Patna,198,7,18.5,20.75
Potato,Kolkata,960,4,19.0,18.89
Carrot,Chennai,320,2,29.5,30.8
Carrot,Patna,173,7,34.5,36.61
Spinach,Kolkata,156,6,19.0,19.78
Brinjal,Bangalore,885,5,31.0,33.59
Cauliflower,Hyderabad,145,4,16.5,17.03
Onion,Bangalore,1370,10,33.0,39.25
Potato,Patna,1241,4,15.5,14.72
Onion,Kolkata,403,3,27.0,27.47
Spinach,Bangalore,144,4,23.5,25.58
Peas,Patna,172,7,51.0,57.64
Cauliflower,Mumbai,1379,7,31.5,35.52
Potato,Chennai,307,5,18.5,20.97
Peas,Delhi,488,3,31.0,34.47
Potato,Hyderabad,598,7,23.0,25.88
Peas,Pune,129,5,36.5,41.33
Beans,Patna,107,1,28.0,28.92
Cabbage,Patna,415,5,15.0,15.59
Tomato,Patna,355,5,19.5,19.33
Potato,Chennai,213,5,18.0,20.07
Carrot,Bangalore,240,8,45.5,54.49
Cauliflower,Pune,480,8,35.5,39.87
Spinach,Kolkata,76,2,21.0,20.64
Cabbage,Pune,249,6,19.5,20.82
Onion,Mumbai,445,7,20.0,23.6
Peas,Bangalore,411,4,39.0,44.71
Potato,Patna,820,4,17.0,16.82
Cabbage,Pune,639,7,15.5,16.88
Brinjal,Kolkata,395,2,22.5,21.38
Cauliflower,Pune,377,5,24.5,25.96
Carrot,Kolkata,292,5,33.0,36.18
Tomato,Mumbai,499,9,39.5,45.5
Beans,Patna,292,9,37.5,40.12
Cabbage,Hyderabad,511,8,16.0,18.31
Potato,Bangalore,882,9,19.5,23.36
Spinach,Delhi,96,5,21.5,23.87
Carrot,Bangalore,170,7,42.0,47.67
Tomato,Pune,498,2,20.5,19.47
Spinach,Bangalore,89,3,16.0,17.16
Cauliflower,Patna,887,4,18.0,18.09
Spinach,Patna,60,4,17.5,17.06
Spinach,Kolkata,164,5,22.0,22.64
Potato,Patna,500,3,13.5,13.45
Potato,Chennai,1409,6,25.5,27.71
Carrot,Kolkata,191,3,26.0,27.81
Peas,Delhi,356,10,62.0,77.49
Peas,Chennai,93,10,55.5,69.98
Onion,Patna,343,6,20.5,22.2
Potato,Bangalore,805,6,19.5,21.57
Brinjal,Delhi,308,5,24.5,27.49
Brinjal,Chennai,174,7,27.5,30.82
Carrot,Mumbai,445,7,44.0,50.53
Potato,Pune,296,4,20.5,21.63
Potato,Kolkata,1157,7,18.5,20.46
Peas,Hyderabad,53,7,61.0,70.53
Cauliflower,Bangalore,153,7,30.0,35.02
Brinjal,Hyderabad,241,4,23.5,25.18
Tomato,Kolkata,398,4,19.0,18.22
Cauliflower,Hyderabad,529,1,22.0,20.9
Carrot,Mumbai,132,7,36.5,42.73
Peas,Chennai,69,9,70.0,86.87
Tomato,Bangalore,276,6,35.5,39.08
Cauliflower,Chennai,418,7,20.5,22.93
Brinjal,Delhi,155,5,27.5,31.18
Potato,Kolkata,1487,4,17.0,17.11
Onion,Patna,544,9,35.5,40.38
Onion,Kolkata,1053,6,31.5,34.56
Carrot,Chennai,264,8,41.0,48.01
Beans,Hyderabad,103,2,38.0,40.1
Potato,Delhi,429,5,18.5,20.18
Brinjal,Chennai,555,9,27.5,31.01
Potato,Delhi,189,8,16.5,19.64
Carrot,Pune,466,5,42.5,43.97
Spinach,Bangalore,103,9,26.0,31.18
Carrot,Kolkata,250,7,43.5,48.11
Cabbage,Chennai,342,5,24.5,26.14
Brinjal,Bangalore,271,9,28.0,33.58
Onion,Bangalore,527,5,24.0,26.51
Peas,Patna,105,9,46.5,53.26
Cauliflower,Kolkata,155,4,17.0,17.27
Peas,Patna,195,7,50.5,56.11
Onion,Pune,690,5,21.5,22.69
Carrot,Kolkata,427,5,29.5,31.54
Carrot,Mumbai,97,3,36.0,39.77
Beans,Hyderabad,347,7,45.5,52.53
Cabbage,Hyderabad,123,5,15.0,16.12
Beans,Kolkata,113,5,38.0,42.37
Potato,Hyderabad,378,5,21.0,21.86
Peas,Kolkata,512,10,66.5,78.38
Cauliflower,Chennai,415,4,22.0,23.41
Tomato,Pune,297,6,23.0,24.29
Potato,Delhi,739,3,17.5,18.77
Tomato,Chennai,107,7,33.0,37.5
Beans,Patna,140,6,29.5,32.45
Tomato,Kolkata,330,4,20.5,20.54
Carrot,Delhi,490,8,50.0,58.19
Beans,Patna,130,6,45.5,50.68
Carrot,Mumbai,763,9,53.5,62.39
Potato,Delhi,352,8,21.0,24.83
Peas,Mumbai,77,5,44.0,51.69
Spinach,Delhi,115,3,19.5,21.25
Beans,Hyderabad,244,6,44.0,49.73
Cabbage,Patna,246,3,12.5,12.44
Carrot,Mumbai,128,7,31.0,36.57
Cabbage,Kolkata,330,3,19.0,18.8
Cabbage,Pune,491,5,20.5,21.1
Cabbage,Mumbai,466,5,20.0,21.48
Peas,Chennai,205,6,53.0,60.76
Brinjal,Hyderabad,242,8,24.0,27.13
Tomato,Mumbai,205,2,21.5,22.79
Onion,Bangalore,294,6,39.5,45.26
Cabbage,Pune,240,1,12.0,11.69
Brinjal,Kolkata,662,7,31.0,33.08
Peas,Pune,140,6,30.5,35.67
Brinjal,Patna,145,7,24.5,26.83
Onion,Delhi,259,6,29.5,34.04
Carrot,Mumbai,283,6,44.5,49.88
Tomato,Kolkata,98,3,23.5,24.64
Onion,Hyderabad,542,5,33.5,38.16
Peas,Kolkata,240,4,47.0,50.63
Spinach,Bangalore,53,10,19.0,23.37
Brinjal,Kolkata,2452,6,23.5,23.71
Beans,Chennai,220,5,30.5,34.11
Beans,Delhi,345,6,41.0,46.88
Spinach,Pune,242,5,16.0,16.22
Cabbage,Delhi,524,3,19.0,19.5
Cauliflower,Pune,80,5,25.5,28.67
Spinach,Bangalore,108,8,31.5,37.68
Onion,Hyderabad,477,4,25.0,26.91
Peas,Mumbai,220,9,73.5,91.28
Carrot,Bangalore,380,3,45.5,48.75
Cabbage,Mumbai,363,4,15.0,16.09
Beans,Kolkata,137,5,39.5,43.84
Carrot,Hyderabad,91,3,36.0,39.03
Carrot,Mumbai,109,5,35.5,41.5
Brinjal,Hyderabad,159,2,26.5,26.95
Beans,Patna,225,3,44.5,46.31
Potato,Kolkata,1226,9,15.5,17.36
Cauliflower,Kolkata,226,8,19.0,21.11
Cabbage,Bangalore,115,7,26.5,31.69
Brinjal,Delhi,283,9,32.0,36.52
Spinach,Pune,97,9,25.5,28.8
Brinjal,Patna,448,7,21.5,23.31
Potato,Kolkata,356,8,17.5,19.29
Beans,Bangalore,195,8,52.0,62.23
Onion,Delhi,2500,8,35.5,41.4
Beans,Pune,92,10,46.0,54.67
Spinach,Chennai,99,1,15.5,14.99
Onion,Hyderabad,503,4,27.0,27.99
Peas,Mumbai,178,3,30.5,34.44
Brinjal,Chennai,287,7,21.5,23.79
Spinach,Kolkata,180,3,15.5,15.73
Potato,Delhi,455,6,22.0,24.23
Brinjal,Patna,1067,6,18.0,18.56
Peas,Delhi,102,6,52.5,61.84
Tomato,Bangalore,460,1,18.0,18.1
Peas,Hyderabad,198,7,60.0,70.35
Cabbage,Hyderabad,295,8,23.0,26.01
Potato,Chennai,158,3,14.0,15.55
Brinjal,Pune,193,10,27.5,33.11
Spinach,Pune,48,6,20.5,22.94
Cauliflower,Delhi,364,2,19.5,20.13
Brinjal,Kolkata,117,2,18.0,18.08
Cauliflower,Kolkata,288,6,28.5,30.41
Carrot,Kolkata,86,9,35.5,41.67
Tomato,Hyderabad,189,5,20.0,21.74
Brinjal,Kolkata,223,4,19.5,20.53
Potato,Chennai,1441,6,15.5,16.53
Cabbage,Kolkata,276,2,18.0,18.6
Beans,Delhi,300,4,49.5,56.06
Carrot,Bangalore,435,3,49.0,53.19
Cauliflower,Patna,246,1,26.5,25.74
Cauliflower,Kolkata,165,8,26.5,29.43
Tomato,Pune,1798,3,33.0,33.33
Spinach,Mumbai,66,8,29.0,34.49
Cabbage,Kolkata,246,5,18.5,19.39
Brinjal,Pune,242,2,23.5,23.73
Spinach,Patna,136,9,22.0,24.04
Brinjal,Mumbai,314,5,33.5,37.22
Peas,Pune,98,4,32.0,35.72
Cauliflower,Chennai,418,6,28.0,30.13
Cauliflower,Chennai,565,8,31.5,34.8
Beans,Bangalore,108,9,45.5,57.97
Carrot,Mumbai,346,7,48.0,56.69
Brinjal,Delhi,251,7,29.0,31.93
Spinach,Bangalore,46,8,21.0,25.27
Spinach,Bangalore,33,7,24.0,28.08
Brinjal,Patna,245,4,19.0,18.26
Tomato,Mumbai,242,7,26.0,29.29
Cauliflower,Hyderabad,443,7,26.5,27.55
Potato,Kolkata,437,3,16.5,16.75
Beans,Delhi,171,1,56.0,57.51
Cabbage,Hyderabad,492,6,19.0,19.77
Beans,Chennai,113,6,33.0,38.95
Cauliflower,Patna,213,7,23.5,23.92
Potato,Pune,728,8,23.0,26.29
Peas,Delhi,87,8,63.0,79.17
Cauliflower,Pune,445,5,31.5,33.41
Potato,Hyderabad,351,6,21.5,24.45
Peas,Delhi,85,7,49.0,57.86
Onion,Chennai,1040,5,24.0,26.25
Onion,Chennai,352,8,27.0,31.86
Onion,Patna,640,2,20.5,20.29
Beans,Patna,171,5,28.5,30.86
Spinach,Chennai,152,2,18.0,18.43
Cabbage,Bangalore,1836,6,20.5,22.43
Tomato,Patna,514,10,27.5,30.46
Spinach,Mumbai,49,5,30.0,33.85
Carrot,Bangalore,344,9,41.5,48.48
Peas,Hyderabad,99,5,45.5,51.13
Cauliflower,Delhi,1041,7,24.5,27.13
Cabbage,Pune,366,4,20.0,21.35
Cabbage,Patna,183,4,16.5,16.02
Potato,Kolkata,496,2,16.0,15.62
Beans,Patna,189,5,43.0,44.27
Tomato,Hyderabad,148,6,19.0,21.0
Spinach,Kolkata,68,3,23.0,24.81
Brinjal,Pune,120,7,28.5,32.11
Tomato,Patna,410,6,23.5,24.01
Onion,Delhi,500,4,23.0,25.22
Peas,Pune,342,8,64.5,75.28
Brinjal,Hyderabad,190,6,25.0,27.36
Potato,Patna,475,1,14.5,13.77
Cabbage,Patna,174,10,16.0,18.49
Carrot,Kolkata,199,3,26.0,25.5
Tomato,Hyderabad,1145,4,24.0,23.95
Brinjal,Chennai,202,7,22.0,24.76
Beans,Bangalore,262,6,37.0,41.7
Brinjal,Bangalore,438,8,32.5,36.51
Cauliflower,Bangalore,300,5,28.0,29.84
Peas,Delhi,286,9,41.0,49.35
Brinjal,Mumbai,173,6,26.0,29.84
Onion,Bangalore,197,6,31.0,36.59
Spinach,Kolkata,128,5,23.0,23.53
Onion,Kolkata,778,7,29.5,32.25
Tomato,Kolkata,325,8,28.0,30.8
Tomato,Mumbai,153,7,35.5,41.33
Beans,Bangalore,338,9,34.5,41.58
Carrot,Hyderabad,533,2,36.0,36.27
Tomato,Bangalore,665,4,18.0,18.62
Brinjal,Chennai,171,4,30.0,31.94
Tomato,Mumbai,355,8,37.0,42.38
Carrot,Kolkata,915,1,24.0,22.8
Tomato,Patna,228,6,16.0,16.72
Potato,Mumbai,461,4,17.0,19.2
Cabbage,Mumbai,189,10,18.5,23.49
Cauliflower,Bangalore,512,1,20.0,19.94
Peas,Kolkata,230,3,42.5,44.27
Beans,Chennai,273,5,52.0,58.68
Beans,Chennai,179,6,38.5,44.52
Brinjal,Mumbai,329,2,27.0,29.11
Potato,Hyderabad,420,5,16.0,18.02
Peas,Delhi,161,4,35.5,40.69
Onion,Delhi,297,9,39.5,47.78
Tomato,Pune,308,9,38.0,43.51
Brinjal,Chennai,81,5,25.0,28.62
Peas,Delhi,202,9,59.0,71.98
Carrot,Chennai,62,9,42.0,51.56
Cabbage,Chennai,926,4,12.5,13.14
Cabbage,Patna,136,9,19.0,21.33
Spinach,Bangalore,131,4,23.0,24.19
Tomato,Chennai,541,3,20.5,20.66
Cabbage,Hyderabad,509,2,14.0,13.99
Brinjal,Chennai,119,4,28.0,29.96
Onion,Mumbai,507,7,43.5,49.99
Spinach,Bangalore,27,6,28.0,30.61
Tomato,Delhi,251,4,19.5,20.63
Onion,Chennai,463,4,32.0,33.23
Potato,Delhi,2456,7,20.5,22.73
Beans,Bangalore,179,4,44.5,50.69
Beans,Mumbai,98,8,46.0,56.8
Potato,Pune,466,4,15.0,15.92
Onion,Patna,772,1,20.0,19.22
Spinach,Patna,63,2,15.0,14.25
Peas,Patna,333,3,26.5,27.31
Cauliflower,Mumbai,413,5,27.0,30.5
Spinach,Pune,42,4,15.5,16.37
Cabbage,Kolkata,374,10,20.5,23.72
Carrot,Pune,415,6,43.0,47.62
Spinach,Patna,24,6,13.5,14.24
Cabbage,Kolkata,842,8,21.0,22.73
Peas,Chennai,118,7,55.0,64.52
Potato,Bangalore,258,4,17.5,18.89
Cauliflower,Hyderabad,509,2,17.0,16.89
Potato,Pune,347,3,17.0,17.37
Cabbage,Chennai,140,5,18.5,19.96
Cabbage,Mumbai,434,10,23.5,28.84
Brinjal,Chennai,506,8,31.0,34.75
Spinach,Chennai,72,5,16.5,18.13
Cauliflower,Mumbai,258,9,36.0,42.18
Onion,Pune,456,3,37.0,37.54
Peas,Pune,214,6,53.5,62.52
Onion,Delhi,629,10,40.0,48.03
Onion,Kolkata,517,4,33.0,33.5
Cabbage,Delhi,291,10,20.5,24.61
Beans,Hyderabad,95,8,48.5,57.05
Spinach,Kolkata,221,6,18.5,19.21
Spinach,Pune,170,5,24.0,25.17
Carrot,Delhi,355,1,30.5,30.74
Brinjal,Mumbai,303,4,39.5,43.91
Tomato,Patna,923,6,27.0,26.89
Peas,Kolkata,147,9,58.0,70.61
Potato,Patna,986,7,14.5,14.81
Beans,Chennai,94,10,46.5,57.7
Brinjal,Hyderabad,257,1,30.0,29.99
Onion,Mumbai,567,7,38.0,44.59
Carrot,Mumbai,319,8,44.5,52.58
Carrot,Kolkata,545,5,35.5,37.52
Peas,Delhi,136,9,66.5,82.52
Tomato,Hyderabad,190,2,22.0,21.86
Beans,Bangalore,95,6,38.5,46.17
Cabbage,Mumbai,459,8,23.0,26.68
Cabbage,Kolkata,120,7,17.5,19.23
Brinjal,Pune,319,6,23.5,26.27
Tomato,Kolkata,529,7,34.0,37.83
Brinjal,Pune,162,7,20.5,22.22
Peas,Delhi,372,8,47.5,56.78
Spinach,Kolkata,100,3,16.0,15.82
Carrot,Hyderabad,98,8,40.5,46.81
Potato,Mumbai,1250,4,17.0,18.4
Cabbage,Bangalore,438,6,16.5,18.45
Potato,Mumbai,907,5,16.5,17.69
Spinach,Bangalore,123,8,25.5,29.8
Onion,Pune,424,4,21.0,21.85
Carrot,Hyderabad,295,5,42.5,46.51
Onion,Bangalore,344,8,37.5,45.42
Cauliflower,Bangalore,229,7,24.0,27.03
Beans,Bangalore,178,4,37.5,42.2
Carrot,Hyderabad,377,7,41.5,47.59
Peas,Patna,203,1,28.0,27.92
Onion,Chennai,937,8,41.0,47.35
Tomato,Chennai,238,7,29.0,33.59
Carrot,Pune,214,7,42.5,48.26
Carrot,Patna,868,8,32.0,34.06
Spinach,Chennai,270,5,17.5,19.33
Spinach,Delhi,68,8,22.5,26.77
Cabbage,Hyderabad,116,7,21.5,24.79
Onion,Hyderabad,1502,8,30.0,33.21
Potato,Delhi,308,8,23.0,26.99
Carrot,Pune,156,4,29.5,32.43
Beans,Chennai,241,8,50.0,58.78
Peas,Kolkata,341,6,57.5,64.67
Carrot,Pune,201,5,29.0,31.73
Peas,Patna,342,9,55.0,61.29
Brinjal,Mumbai,284,4,34.5,37.57
Carrot,Mumbai,233,4,31.5,35.18
Beans,Mumbai,51,8,57.5,73.77
Peas,Pune,132,3,73.0,80.52
Brinjal,Chennai,192,8,27.0,30.56
Potato,Kolkata,320,8,17.0,19.39
Beans,Mumbai,420,8,40.0,48.9
Potato,Hyderabad,377,2,18.0,18.38
Carrot,Pune,154,7,30.0,32.57
Brinjal,Delhi,256,9,31.5,36.23
Spinach,Hyderabad,46,5,21.0,22.58
Carrot,Kolkata,317,6,29.5,32.51
Beans,Chennai,105,2,36.0,38.99
Tomato,Chennai,519,7,34.0,36.01
Potato,Delhi,2500,5,19.5,21.61
Tomato,Kolkata,169,5,18.5,19.71
Potato,Pune,1457,8,19.5,21.33
Tomato,Bangalore,112,6,20.0,23.07
Onion,Hyderabad,639,8,35.0,39.35
Onion,Patna,443,3,20.0,20.78
Beans,Kolkata,297,7,44.5,49.3
Cauliflower,Delhi,125,10,20.5,25.01
Onion,Hyderabad,840,7,27.0,30.12
Onion,Mumbai,357,6,42.0,48.61
Onion,Bangalore,943,6,36.0,40.66
Onion,Chennai,507,8,25.0,29.53
Brinjal,Mumbai,198,6,26.0,28.92
Peas,Patna,227,7,27.5,29.93
Spinach,Delhi,115,2,18.5,18.79
Tomato,Chennai,331,5,25.0,25.76
Tomato,Delhi,177,6,29.0,31.8
Potato,Mumbai,121,8,25.0,30.33
Carrot,Bangalore,216,9,42.5,52.15
Spinach,Kolkata,409,1,16.0,15.2
Carrot,Patna,402,4,33.0,33.53
Beans,Delhi,191,5,52.5,58.62
Beans,Kolkata,208,6,46.0,52.59
Cauliflower,Bangalore,443,9,26.5,31.76
Tomato,Patna,212,6,30.5,31.37
Spinach,Pune,145,2,18.5,18.51
Tomato,Pune,129,7,36.0,39.04
Cauliflower,Bangalore,252,8,32.5,37.58
Beans,Pune,363,3,33.0,35.0
Cauliflower,Mumbai,345,3,18.0,18.99
Potato,Patna,323,6,17.0,18.42
Cauliflower,Kolkata,270,5,25.0,26.79
Carrot,Chennai,223,4,33.5,37.03
Tomato,Bangalore,1162,6,19.0,20.9
Spinach,Delhi,229,7,27.0,29.79
Beans,Delhi,75,5,40.0,46.42
Cabbage,Delhi,528,9,15.0,17.56
Beans,Kolkata,172,8,39.0,45.05
Beans,Bangalore,478,5,34.0,37.86
Cauliflower,Hyderabad,719,6,25.5,27.37
Tomato,Kolkata,363,5,19.0,19.16
Onion,Patna,437,6,28.5,30.48
Cauliflower,Hyderabad,533,2,23.5,23.24
Brinjal,Mumbai,83,8,29.5,35.63
Potato,Pune,1130,6,20.5,21.12
Peas,Patna,136,4,35.0,36.0
Peas,Chennai,419,8,58.5,69.27
Carrot,Kolkata,88,5,30.5,32.78
Spinach,Hyderabad,96,6,18.5,20.0
Potato,Delhi,477,8,19.5,22.41
Cauliflower,Chennai,579,6,17.0,18.65
Brinjal,Bangalore,467,3,25.5,27.17
Carrot,Chennai,96,6,32.5,37.24
Onion,Mumbai,644,10,35.0,42.44
Potato,Hyderabad,716,3,15.5,16.43
Carrot,Chennai,245,9,38.0,46.89
Onion,Pune,1901,5,25.5,27.17
Tomato,Bangalore,303,5,20.5,22.3
Onion,Bangalore,844,1,29.0,30.84
Spinach,Hyderabad,91,5,17.5,18.42
Peas,Pune,70,6,61.5,69.72
Potato,Pune,837,7,20.0,22.17
Cauliflower,Kolkata,224,8,27.5,29.94
Potato,Hyderabad,1529,3,18.5,18.21
Peas,Mumbai,169,6,49.5,58.85
Onion,Pune,683,6,41.5,47.25
Peas,Bangalore,93,10,68.0,88.82
Beans,Delhi,484,5,37.5,42.54
Peas,Delhi,411,6,40.0,46.86
Spinach,Patna,44,4,14.5,14.62
Potato,Patna,2026,4,16.5,16.08
Cauliflower,Mumbai,464,10,27.0,32.47
Spinach,Mumbai,70,2,17.0,17.66
Carrot,Hyderabad,153,10,45.0,55.17
Beans,Delhi,160,7,53.5,63.61
Tomato,Mumbai,154,6,24.0,27.3
Cauliflower,Delhi,357,10,32.5,39.35
Tomato,Bangalore,246,10,28.0,33.68
Potato,Pune,997,4,15.0,15.37
Brinjal,Hyderabad,94,3,27.0,27.72
Potato,Patna,1059,7,20.5,22.18
Spinach,Hyderabad,108,10,26.0,30.82
Onion,Hyderabad,296,8,27.5,31.35
Potato,Bangalore,954,7,24.0,28.49
Spinach,Delhi,32,4,17.0,18.54
Onion,Kolkata,546,6,28.5,31.89
Spinach,Bangalore,90,3,20.5,21.82
Spinach,Bangalore,58,6,30.0,35.77
Peas,Pune,102,6,61.5,72.97
Carrot,Hyderabad,211,10,40.5,47.77
Spinach,Chennai,121,6,22.0,23.63
Tomato,Pune,289,4,30.5,32.15
Brinjal,Kolkata,202,2,25.5,24.96
Potato,Chennai,277,7,17.0,18.84
Tomato,Chennai,100,9,36.0,43.74
Cauliflower,Pune,130,6,29.5,32.65
Tomato,Hyderabad,546,10,35.5,41.18
Beans,Pune,132,3,33.5,34.62
Carrot,Bangalore,147,8,47.5,57.44
Beans,Bangalore,514,5,57.0,62.61
Peas,Pune,230,4,34.5,38.15
Brinjal,Delhi,132,10,34.0,42.81
Cabbage,Pune,190,7,13.5,14.9
Tomato,Chennai,484,4,19.5,20.45
Onion,Patna,266,7,33.0,35.67
Spinach,Kolkata,91,7,22.5,24.5
Beans,Patna,51,8,28.5,33.53
Beans,Mumbai,327,7,52.5,60.37
Cabbage,Kolkata,189,8,13.5,15.28
Carrot,Hyderabad,243,6,46.5,51.63
Beans,Bangalore,142,4,37.0,40.94
Potato,Mumbai,427,6,23.5,27.0
Carrot,Bangalore,120,8,39.0,47.23
Peas,Hyderabad,145,5,55.5,63.72
Spinach,Chennai,89,2,21.0,21.56
Tomato,Chennai,317,8,33.0,36.4
Beans,Kolkata,87,10,46.5,55.75
Brinjal,Mumbai,319,4,25.0,26.84
Cabbage,Mumbai,317,6,22.0,25.26
Brinjal,Bangalore,409,4,30.5,31.79
Potato,Pune,626,6,15.0,16.03
Potato,Hyderabad,446,8,18.5,21.19
Beans,Hyderabad,158,9,48.5,59.34
Carrot,Patna,207,3,26.5,27.35
Carrot,Hyderabad,414,7,44.5,50.15
Onion,Kolkata,271,6,20.0,21.47
Brinjal,Chennai,202,7,22.0,24.79
Tomato,Pune,487,3,25.0,24.22
Potato,Patna,763,7,16.0,16.88
Brinjal,Mumbai,326,6,29.5,33.31
Brinjal,Delhi,120,7,28.0,32.89
Onion,Kolkata,457,9,35.5,39.62
Carrot,Mumbai,117,5,39.0,45.31
Spinach,Mumbai,68,8,27.0,32.11
Beans,Chennai,185,4,39.5,44.17
Beans,Patna,80,1,27.0,27.66
Tomato,Pune,322,3,20.5,20.96
Tomato,Bangalore,454,4,22.0,23.07
Beans,Bangalore,107,8,51.5,63.4
Tomato,Bangalore,236,9,33.0,38.19
Beans,Mumbai,152,3,42.5,47.61
Beans,Delhi,321,4,30.5,33.72
Cauliflower,Mumbai,186,8,38.5,45.26
Cauliflower,Pune,229,6,18.5,20.91
Brinjal,Pune,506,4,22.5,23.79
Spinach,Kolkata,194,6,15.0,15.8
Tomato,Mumbai,253,9,29.5,35.35
Onion,Chennai,136,7,37.5,44.63
Potato,Kolkata,512,10,15.0,17.25
Potato,Kolkata,137,8,21.0,24.01
Onion,Patna,385,1,20.5,19.47
Spinach,Hyderabad,106,7,19.5,20.89
Cauliflower,Patna,286,6,16.0,16.51
Tomato,Delhi,234,7,32.5,36.73
Spinach,Delhi,130,3,28.5,29.82
Cauliflower,Pune,619,6,28.5,31.1
Carrot,Mumbai,474,8,33.0,39.47
Potato,Bangalore,137,7,18.0,21.65
Cabbage,Pune,368,4,14.0,14.56
Tomato,Chennai,188,6,23.0,25.93
Carrot,Hyderabad,219,5,38.5,41.19
Brinjal,Delhi,411,5,29.0,31.67
Peas,Delhi,97,8,55.0,68.7
Spinach,Delhi,159,10,24.0,28.67
Onion,Delhi,632,8,41.0,46.87
Cabbage,Pune,395,6,16.0,17.35
Onion,Hyderabad,781,4,27.0,28.3
Spinach,Bangalore,264,4,26.5,28.34
Potato,Patna,1431,8,17.0,18.11
Cauliflower,Bangalore,170,8,28.5,32.8
Cabbage,Patna,134,3,18.5,18.53
Carrot,Bangalore,120,4,34.5,38.93
Cauliflower,Pune,416,1,27.5,26.17
Tomato,Hyderabad,216,5,20.5,21.7
Tomato,Kolkata,372,5,31.0,32.05
Brinjal,Hyderabad,173,4,28.5,30.22
Cauliflower,Pune,221,5,28.5,30.75
Brinjal,Delhi,71,4,20.0,22.15
Onion,Pune,319,8,33.5,38.36
Tomato,Mumbai,540,6,24.0,26.62
Peas,Mumbai,172,9,35.5,44.46
Carrot,Patna,370,6,33.5,34.01
Brinjal,Kolkata,54,6,28.5,32.64
Cabbage,Delhi,350,8,23.0,26.79
Spinach,Mumbai,84,2,29.5,30.54
Potato,Hyderabad,578,5,17.5,19.24
Potato,Kolkata,474,4,14.5,15.3
Beans,Hyderabad,129,5,43.5,49.93
Potato,Hyderabad,1002,9,16.5,19.33
Carrot,Mumbai,489,7,48.0,55.97
Cauliflower,Delhi,114,5,26.0,29.38
Cauliflower,Kolkata,758,9,23.0,25.17
Onion,Patna,1449,5,32.5,31.63
Brinjal,Chennai,297,10,27.0,31.68
Carrot,Chennai,483,10,40.0,47.9
Peas,Pune,117,3,55.0,56.77
Potato,Mumbai,514,4,20.5,22.65
Carrot,Mumbai,73,9,46.0,56.94
Spinach,Chennai,115,9,23.5,27.92
Beans,Delhi,205,5,38.5,44.11
Peas,Bangalore,64,9,51.5,66.62
Cauliflower,Pune,308,6,31.0,33.21
Brinjal,Pune,329,9,21.5,24.31
Peas,Delhi,315,9,52.0,62.37
Peas,Delhi,96,4,59.5,67.52
Carrot,Bangalore,315,7,46.0,52.48
Onion,Chennai,1856,10,26.0,30.14
Beans,Hyderabad,56,2,29.0,32.01
Beans,Chennai,158,3,31.0,33.19
Carrot,Kolkata,403,1,27.5,26.17
Cauliflower,Chennai,154,2,18.0,17.84
Cabbage,Patna,190,7,16.0,17.27
Tomato,Patna,312,5,20.0,21.14
Spinach,Bangalore,58,7,20.0,23.51
Potato,Bangalore,1141,4,19.5,21.13
Potato,Bangalore,596,4,24.0,27.11
Tomato,Bangalore,173,5,29.0,32.23
Peas,Delhi,112,6,56.0,66.77
Peas,Kolkata,318,4,35.0,37.53
Onion,Pune,1387,5,37.0,37.95
Cauliflower,Mumbai,94,9,24.5,29.69
Tomato,Bangalore,388,5,34.0,38.07
Peas,Patna,98,5,47.0,50.1
Onion,Bangalore,702,8,39.5,47.11
Beans,Hyderabad,260,4,39.0,43.35
Carrot,Delhi,290,6,41.5,46.49
Brinjal,Chennai,152,5,24.5,26.54
Potato,Delhi,369,4,17.0,18.78
Carrot,Bangalore,242,6,35.5,40.25
Cabbage,Hyderabad,321,8,17.0,19.37
Tomato,Bangalore,587,6,26.5,29.17
Beans,Delhi,255,5,53.5,60.48
Tomato,Pune,188,4,30.5,32.65
Peas,Bangalore,156,9,51.0,62.68
Spinach,Delhi,143,8,21.5,25.1
Tomato,Pune,385,8,33.0,36.72
Cauliflower,Hyderabad,198,7,25.5,29.18
Brinjal,Delhi,1171,10,31.5,36.71
Tomato,Bangalore,260,6,23.0,25.17
Potato,Mumbai,584,5,19.5,21.67
Tomato,Kolkata,59,7,29.5,32.43
Brinjal,Bangalore,580,5,34.0,36.37
Cabbage,Chennai,561,4,15.0,16.17
Carrot,Pune,191,3,37.0,39.43
Peas,Bangalore,399,3,32.5,35.44
Cabbage,Delhi,527,10,21.5,25.31
Carrot,Mumbai,78,5,32.5,37.16
Beans,Patna,132,6,39.5,44.59
Cauliflower,Chennai,198,8,33.5,38.44
Spinach,Hyderabad,176,6,22.0,24.1
Carrot,Mumbai,936,4,38.5,43.39
Spinach,Mumbai,120,9,25.0,29.5
Potato,Bangalore,1090,6,17.5,19.62
Tomato,Patna,346,2,22.5,21.52
Brinjal,Mumbai,155,9,34.0,40.11
Beans,Bangalore,138,4,44.0,51.21
Carrot,Bangalore,117,10,40.5,50.63
Cauliflower,Chennai,131,6,20.5,22.59
Spinach,Hyderabad,137,5,17.5,18.35
Tomato,Hyderabad,686,4,31.0,31.07
Peas,Mumbai,493,8,39.0,47.58
Beans,Pune,150,4,33.0,37.17
Beans,Bangalore,48,8,47.5,57.48
Brinjal,Chennai,287,8,30.5,34.28
Onion,Kolkata,440,5,33.0,34.45
Peas,Delhi,137,3,33.0,36.27
Potato,Bangalore,852,9,22.5,26.63
Cabbage,Delhi,265,7,16.5,18.5
Cauliflower,Mumbai,105,6,31.5,35.9
Spinach,Bangalore,116,4,16.0,16.99
Carrot,Delhi,218,9,37.0,42.79
Tomato,Patna,481,5,32.5,31.06
Onion,Hyderabad,641,3,25.0,26.26
Brinjal,Bangalore,1335,5,26.0,26.62
Carrot,Chennai,437,7,29.0,32.68
Carrot,Delhi,177,6,40.5,44.89
Carrot,Hyderabad,440,6,38.5,41.55
Cabbage,Mumbai,1005,5,16.0,17.51
Onion,Pune,1301,5,26.0,27.35
Brinjal,Kolkata,151,8,29.0,32.03
Peas,Bangalore,228,6,34.0,39.8
Cauliflower,Kolkata,464,4,27.5,28.12
Cauliflower,Pune,1142,6,32.5,34.69
Spinach,Patna,169,3,21.5,20.98
Peas,Mumbai,227,5,55.0,63.36
Spinach,Hyderabad,109,6,19.0,21.2
Beans,Hyderabad,83,7,40.5,45.62
Tomato,Patna,245,4,31.5,32.05
Brinjal,Pune,441,6,31.0,32.0
Cauliflower,Kolkata,211,8,30.0,32.91
Tomato,Pune,373,5,27.0,27.8
Onion,Hyderabad,558,3,21.0,21.28
Onion,Chennai,640,7,41.5,48.38
Tomato,Kolkata,377,5,17.0,17.29
Tomato,Delhi,198,8,22.5,26.32
Peas,Patna,73,7,35.5,39.61
Onion,Delhi,164,10,40.0,48.24
Potato,Delhi,392,6,23.5,27.5
Potato,Hyderabad,218,7,18.0,19.63
Spinach,Patna,38,6,14.0,15.18
Spinach,Delhi,55,9,25.0,29.52
Beans,Pune,129,5,51.5,58.28
Tomato,Mumbai,830,6,25.0,27.72
Spinach,Chennai,68,4,22.5,23.92
Onion,Mumbai,274,6,36.0,42.03
Peas,Pune,242,7,61.0,69.84
Tomato,Kolkata,201,7,17.5,18.86
Tomato,Patna,543,5,26.0,25.24
Carrot,Kolkata,162,4,31.5,34.11
Onion,Kolkata,1608,6,29.0,30.17
Brinjal,Hyderabad,392,3,28.0,27.46
Spinach,Delhi,99,6,22.5,24.81
Tomato,Mumbai,294,6,23.5,24.93
Onion,Mumbai,566,5,33.5,38.32
Potato,Bangalore,703,3,16.0,17.32
Cabbage,Pune,397,5,14.5,15.45
Onion,Patna,1148,7,22.0,24.49
Tomato,Delhi,119,3,19.5,21.07
Peas,Hyderabad,369,6,36.0,40.81
Carrot,Hyderabad,97,9,31.5,37.91
Beans,Pune,159,7,46.0,53.17
Beans,Patna,355,4,33.0,35.28
Spinach,Kolkata,131,5,17.0,17.72
Beans,Bangalore,281,6,39.5,46.92
Potato,Pune,444,7,21.5,24.67
Tomato,Kolkata,88,6,17.5,19.29
Cabbage,Mumbai,373,8,20.0,23.19
Beans,Patna,328,4,46.5,47.99
Potato,Delhi,462,2,18.5,19.68
Peas,Hyderabad,54,6,42.5,47.97
Brinjal,Patna,550,4,21.0,20.98
Brinjal,Pune,247,4,27.5,28.43
Carrot,Chennai,117,6,36.5,40.56
Beans,Bangalore,144,4,44.5,51.25
Potato,Mumbai,1041,6,24.0,27.82
Onion,Hyderabad,285,7,21.5,24.39
Onion,Kolkata,652,4,33.0,35.6
Peas,Pune,369,4,35.5,38.74
Potato,Delhi,199,2,20.0,21.72
Spinach,Kolkata,73,3,21.0,20.62
Cauliflower,Delhi,866,7,21.5,23.69
Tomato,Bangalore,99,4,22.0,23.58
Onion,Mumbai,399,4,32.0,36.12
Tomato,Bangalore,448,7,37.5,41.49
Potato,Pune,644,8,17.5,19.68
Peas,Bangalore,103,10,45.5,57.27
Spinach,Hyderabad,165,6,26.0,27.85
Onion,Delhi,373,6,37.0,42.51
Onion,Mumbai,328,9,42.0,50.93
Cauliflower,Hyderabad,183,7,33.0,36.5
Cabbage,Kolkata,134,8,13.5,15.22
Onion,Chennai,382,6,31.0,34.9
Potato,Pune,608,6,20.0,21.28
Brinjal,Hyderabad,184,4,25.0,25.59
Peas,Hyderabad,101,5,39.5,45.97
Peas,Pune,126,4,56.0,60.33
Beans,Mumbai,105,6,45.0,54.19
Brinjal,Pune,418,6,20.0,21.4
Tomato,Hyderabad,213,7,21.0,23.73
Cabbage,Hyderabad,249,10,23.0,26.87
Cauliflower,Delhi,171,4,27.0,28.42
Carrot,Patna,202,7,22.5,24.08
Potato,Bangalore,357,5,24.5,27.43
Cauliflower,Mumbai,67,6,23.0,27.33
Carrot,Delhi,254,7,38.0,42.57
Peas,Hyderabad,246,7,49.0,55.17
Beans,Patna,129,6,36.0,37.97
Cauliflower,Bangalore,259,6,35.5,39.6
Peas,Mumbai,230,8,42.5,52.1
Potato,Patna,715,7,18.0,18.59
Potato,Pune,666,6,15.0,16.55
Tomato,Kolkata,1098,5,23.5,23.58
Onion,Patna,631,3,18.5,18.73
Carrot,Patna,87,5,31.5,34.39
Tomato,Chennai,190,5,18.0,19.55
Onion,Bangalore,206,6,30.5,36.07
Tomato,Hyderabad,496,5,22.0,22.7
Spinach,Mumbai,100,6,25.5,28.85
Cauliflower,Chennai,1342,7,32.5,34.47
Potato,Pune,414,6,19.0,20.47
Tomato,Chennai,706,2,18.0,17.53
Potato,Chennai,1187,7,16.0,17.98
Beans,Delhi,63,3,35.0,40.1
Peas,Patna,103,7,30.5,36.17
Cabbage,Mumbai,483,5,22.0,23.94
Cabbage,Mumbai,260,5,18.0,19.79
Beans,Kolkata,155,7,51.5,58.65
Cauliflower,Hyderabad,679,4,25.5,26.76
Peas,Delhi,449,8,68.5,82.27
Cabbage,Delhi,403,3,20.5,22.06
Potato,Bangalore,331,9,24.5,29.15
Brinjal,Patna,434,4,27.0,26.71
Brinjal,Bangalore,234,7,31.0,34.87
Potato,Kolkata,157,6,13.5,14.95
Carrot,Kolkata,188,6,29.5,31.98
Brinjal,Delhi,107,8,28.0,31.7
Brinjal,Kolkata,292,6,26.5,28.23
Peas,Patna,108,5,56.5,61.84
Beans,Chennai,50,6,48.5,55.42
Peas,Pune,117,8,52.0,62.86
Tomato,Patna,102,4,23.5,24.76
Tomato,Kolkata,208,4,34.5,35.63
Cauliflower,Mumbai,206,7,25.0,29.41
Peas,Kolkata,377,5,32.0,35.18
Brinjal,Kolkata,313,6,18.5,19.8
Beans,Hyderabad,26,9,56.5,68.5
Beans,Delhi,126,6,54.0,62.84
Beans,Bangalore,131,6,51.5,61.82
Cauliflower,Patna,277,3,23.0,22.93
Cauliflower,Hyderabad,376,6,31.0,34.66
Tomato,Mumbai,248,2,25.5,25.64
Potato,Patna,353,1,16.0,15.52
Cabbage,Bangalore,291,8,19.5,23.27
Potato,Patna,296,4,15.0,15.04
Beans,Hyderabad,282,5,47.0,53.3
Beans,Patna,343,4,27.5,27.44
Brinjal,Delhi,102,3,25.5,27.94
Cauliflower,Hyderabad,223,7,24.0,26.85
Brinjal,Kolkata,188,6,30.5,32.94
Tomato,Delhi,125,4,22.5,23.93
Cabbage,Hyderabad,369,10,15.0,17.23
Carrot,Chennai,117,8,35.0,40.44
Carrot,Bangalore,169,4,43.0,47.32
Beans,Chennai,58,10,50.0,63.0
Peas,Pune,255,5,46.0,50.7
Carrot,Delhi,161,4,33.5,37.53
Brinjal,Hyderabad,566,4,24.0,25.33
Onion,Pune,628,4,20.5,20.71
Carrot,Bangalore,438,10,40.5,48.79
Potato,Mumbai,268,6,19.0,21.76
Brinjal,Chennai,322,6,28.0,30.89
Tomato,Mumbai,268,7,28.0,31.23
Brinjal,Bangalore,100,5,31.5,35.39
Carrot,Kolkata,330,7,38.0,42.2
Beans,Chennai,219,1,38.0,40.38
Tomato,Hyderabad,328,10,28.5,33.11
Peas,Chennai,222,6,35.0,39.93
Potato,Chennai,795,2,20.5,20.37
Onion,Mumbai,595,6,39.0,44.01
Carrot,Patna,361,8,36.0,39.34
Brinjal,Mumbai,351,6,30.0,34.35
Cauliflower,Kolkata,382,10,34.0,38.77
Tomato,Mumbai,718,4,25.5,26.91
Spinach,Pune,73,7,21.5,23.59
Beans,Bangalore,153,6,34.0,40.84
Carrot,Chennai,190,3,37.5,40.54
Carrot,Pune,131,5,39.5,46.45
Onion,Kolkata,192,10,35.5,42.57
Cabbage,Kolkata,193,2,18.5,18.7
Cauliflower,Chennai,194,4,20.5,21.81
Spinach,Delhi,288,3,22.5,23.93
Brinjal,Kolkata,321,1,26.0,24.7
Potato,Delhi,874,8,17.5,20.07
Brinjal,Patna,111,4,25.5,25.38
Onion,Bangalore,562,9,42.0,51.11
Carrot,Hyderabad,455,9,34.5,39.14
Tomato,Patna,486,6,22.5,23.14
Cabbage,Chennai,241,6,20.0,21.65
Onion,Chennai,491,8,34.0,38.77
Beans,Bangalore,234,9,46.0,54.59
Cabbage,Chennai,781,10,19.0,22.07
Brinjal,Kolkata,243,8,26.0,28.75
Beans,Delhi,80,6,43.0,51.64
Cabbage,Chennai,287,8,22.0,25.42
Tomato,Bangalore,354,7,36.0,39.87
Spinach,Kolkata,16,4,16.0,16.9
Peas,Patna,206,2,40.0,41.42
Peas,Bangalore,344,5,50.0,56.91
Cauliflower,Mumbai,425,7,18.0,20.45
Onion,Hyderabad,605,4,32.5,35.13
Onion,Chennai,445,4,22.5,24.34
Cauliflower,Delhi,117,6,37.5,41.78
Carrot,Chennai,114,3,27.5,28.34
Onion,Mumbai,530,6,40.0,46.31
Carrot,Delhi,222,3,28.5,30.69
Cabbage,Chennai,260,9,15.5,18.38
Potato,Chennai,966,6,21.0,23.16
Onion,Patna,662,6,16.5,16.96
Tomato,Hyderabad,350,5,28.5,30.43
Beans,Bangalore,39,8,46.5,59.57
Brinjal,Pune,386,5,26.5,28.04
Tomato,Kolkata,349,4,19.0,19.03
Carrot,Pune,511,7,42.5,45.14
Beans,Chennai,213,7,51.5,59.45
Brinjal,Patna,224,5,21.0,21.73
Cabbage,Patna,1308,3,13.5,12.82
Cauliflower,Kolkata,168,5,20.0,21.46
Brinjal,Patna,200,4,19.5,20.08
Carrot,Mumbai,306,6,44.0,50.51
Onion,Hyderabad,370,6,24.0,27.3
Onion,Mumbai,1032,5,25.0,27.62
Carrot,Delhi,200,7,41.5,46.77
Tomato,Kolkata,49,5,27.0,29.16
Carrot,Bangalore,392,10,39.5,47.43
Cauliflower,Patna,122,8,28.0,30.41
Beans,Bangalore,33,8,54.0,67.47
Brinjal,Patna,136,8,22.0,23.87
Cabbage,Bangalore,161,3,17.5,18.49
Onion,Kolkata,503,8,35.0,39.71
Onion,Chennai,1772,7,29.5,32.72
Beans,Mumbai,73,6,51.5,62.86
Spinach,Patna,37,2,15.5,15.39
Spinach,Hyderabad,66,3,14.5,15.5
Brinjal,Hyderabad,355,6,30.0,32.69
Cabbage,Hyderabad,146,5,21.0,22.46
Spinach,Pune,192,6,15.0,15.67
Peas,Chennai,72,9,68.5,83.11
Cauliflower,Delhi,486,8,24.5,28.0
Potato,Bangalore,347,2,17.0,18.04
Tomato,Kolkata,131,6,19.0,20.34
Onion,Delhi,578,9,40.5,47.41
Spinach,Chennai,20,7,22.5,25.2
Tomato,Bangalore,875,7,28.0,30.84
Cauliflower,Bangalore,217,4,28.0,30.3
Potato,Hyderabad,717,5,20.0,21.54
Carrot,Chennai,96,5,44.5,50.09
Onion,Delhi,113,5,21.5,24.19
Cabbage,Delhi,653,6,22.5,24.37
Beans,Bangalore,234,7,31.5,38.3
Onion,Chennai,671,4,27.5,29.71
Beans,Patna,147,4,44.5,47.51
Tomato,Bangalore,163,3,28.0,30.02
Carrot,Delhi,168,7,37.0,42.58
Potato,Bangalore,304,5,18.0,20.02
Cauliflower,Pune,363,7,18.5,19.74
Tomato,Hyderabad,350,3,20.0,19.8
Carrot,Hyderabad,117,8,45.0,52.82
Onion,Bangalore,658,8,39.0,46.87
Beans,Mumbai,190,9,59.5,74.37
Beans,Hyderabad,194,6,32.5,36.39
Spinach,Hyderabad,161,5,25.0,26.25
Beans,Bangalore,167,4,35.0,37.9
Beans,Delhi,496,6,37.0,41.94
Cauliflower,Delhi,240,4,29.0,31.61
Peas,Chennai,161,4,65.0,73.67
Carrot,Pune,171,5,36.5,39.97
Peas,Patna,355,6,38.5,40.77
Brinjal,Patna,87,10,23.5,25.89
Tomato,Bangalore,675,3,27.5,28.97
Carrot,Kolkata,111,4,25.5,28.06
Cauliflower,Mumbai,81,8,21.0,24.56
Onion,Bangalore,919,1,27.5,27.5
Beans,Patna,40,5,45.5,51.37
Tomato,Kolkata,263,8,22.5,24.44
Beans,Pune,121,8,44.5,53.5
Potato,Pune,375,9,24.5,28.26
Onion,Delhi,237,7,35.5,41.37
Potato,Mumbai,214,8,16.5,20.16
Cabbage,Delhi,311,7,14.5,17.1
Cabbage,Bangalore,268,3,15.0,16.19
Tomato,Hyderabad,392,2,27.0,26.79
Cabbage,Chennai,662,1,13.0,12.85
Carrot,Mumbai,143,9,55.0,69.16
Cabbage,Chennai,950,7,22.0,24.57
Tomato,Pune,173,7,30.5,34.11
Carrot,Pune,465,9,45.5,53.84
Onion,Hyderabad,380,6,33.0,36.67
Potato,Delhi,453,8,19.5,22.48
Cauliflower,Patna,256,4,15.5,15.39
Cauliflower,Hyderabad,342,9,30.0,33.45
Peas,Mumbai,262,10,65.0,81.54
Onion,Mumbai,703,8,30.5,35.39
Onion,Hyderabad,1034,2,22.5,23.44
Brinjal,Bangalore,182,10,34.5,42.49
Onion,Chennai,1280,7,23.0,25.26
Peas,Delhi,669,7,70.0,80.12
Spinach,Chennai,70,5,21.0,22.29
Cauliflower,Bangalore,267,9,31.5,37.68
Carrot,Bangalore,413,3,31.0,33.32
Potato,Bangalore,1466,10,21.0,25.28
Onion,Bangalore,771,3,23.5,25.16
Tomato,Hyderabad,682,8,29.0,30.73
Carrot,Chennai,283,9,43.0,52.53
Cauliflower,Pune,562,4,25.5,25.73
Cauliflower,Mumbai,813,9,34.5,40.3
Spinach,Chennai,84,5,19.0,20.12
Cabbage,Delhi,646,4,17.5,18.68
Beans,Kolkata,177,7,34.5,40.27
Peas,Bangalore,124,4,36.0,41.35
Spinach,Pune,115,6,25.0,25.8
Cauliflower,Delhi,241,7,19.5,21.87
Cauliflower,Pune,228,6,34.5,37.38
Spinach,Mumbai,108,7,23.5,26.61
Onion,Bangalore,833,6,36.5,41.85
Onion,Bangalore,277,5,37.0,42.79
Spinach,Delhi,79,4,15.5,16.69
Cauliflower,Delhi,332,8,23.0,27.77
Potato,Chennai,218,7,19.0,21.81
Peas,Bangalore,307,9,67.0,84.58
Cauliflower,Hyderabad,432,6,28.0,29.39
Brinjal,Hyderabad,193,5,29.5,30.81
Peas,Bangalore,86,5,38.0,43.98
Onion,Kolkata,142,5,33.5,36.8
Potato,Hyderabad,518,2,15.5,15.81
Carrot,Pune,342,6,38.0,41.66
Tomato,Hyderabad,240,8,22.0,24.59
Tomato,Delhi,409,9,33.0,38.72
Beans,Patna,83,4,41.0,43.26
Onion,Chennai,515,8,21.0,24.38
Cauliflower,Bangalore,277,3,21.0,22.05
Onion,Hyderabad,819,2,21.5,22.13
Cabbage,Kolkata,1210,3,17.0,17.13
Cauliflower,Bangalore,270,4,24.0,26.31
Peas,Delhi,127,9,58.5,72.83
Carrot,Mumbai,113,5,32.0,37.05
Spinach,Patna,233,6,18.5,18.69
Cauliflower,Patna,287,6,26.0,27.2
Cauliflower,Patna,69,4,16.5,16.95
Beans,Chennai,140,8,56.5,68.2
Tomato,Pune,190,6,31.0,34.08
Potato,Patna,878,2,17.0,16.15
Peas,Patna,184,4,49.0,51.19
Brinjal,Hyderabad,88,8,29.0,34.11
Carrot,Bangalore,105,6,46.0,52.97
Beans,Kolkata,120,6,39.5,43.87
Potato,Delhi,364,10,20.0,24.41
Brinjal,Pune,439,4,20.5,21.37
Tomato,Chennai,264,5,19.0,21.48
Cauliflower,Pune,282,4,21.5,22.64
Tomato,Mumbai,109,8,22.5,26.93
Beans,Pune,221,5,53.0,58.67
Cauliflower,Delhi,473,3,30.0,32.6
Peas,Bangalore,189,8,46.5,56.76
Carrot,Patna,162,3,27.0,26.5
Cabbage,Pune,184,2,17.5,17.71
Potato,Hyderabad,413,10,17.0,20.15
Carrot,Patna,148,3,36.5,37.89
Spinach,Patna,113,6,19.5,20.15
Onion,Delhi,662,8,22.0,25.16
Peas,Patna,286,3,36.5,36.27
Spinach,Kolkata,11,1,17.5,16.86
Onion,Hyderabad,700,5,20.0,21.16
Carrot,Bangalore,153,8,43.0,52.32
Cauliflower,Patna,242,7,17.5,18.34
Peas,Kolkata,202,4,49.5,52.81
Peas,Kolkata,113,10,62.5,76.81
Beans,Delhi,86,1,33.5,36.18
Tomato,Chennai,523,7,36.5,40.03
Carrot,Delhi,375,7,41.0,47.66
Cabbage,Hyderabad,513,6,18.5,20.1
Onion,Mumbai,571,10,41.0,48.73
Brinjal,Bangalore,259,3,30.0,32.42
Beans,Pune,57,5,34.5,38.6
Tomato,Patna,371,5,15.0,14.32
Potato,Kolkata,476,10,21.5,24.52
Spinach,Delhi,41,4,18.0,19.82
Cabbage,Hyderabad,513,7,19.0,20.56
Beans,Mumbai,126,8,30.0,36.8
Spinach,Delhi,86,6,17.5,19.06
Potato,Bangalore,316,1,19.0,19.06
Cabbage,Hyderabad,1137,3,15.5,15.68
Brinjal,Hyderabad,209,9,29.5,35.43
Brinjal,Mumbai,124,6,23.5,27.64
Beans,Bangalore,253,3,58.0,65.36
Spinach,Chennai,148,1,16.5,15.92
Beans,Patna,156,2,37.5,36.31
Cauliflower,Delhi,250,10,32.0,37.53
Tomato,Chennai,176,5,21.0,22.77
Carrot,Mumbai,174,8,37.0,43.3
Potato,Mumbai,1369,8,21.0,24.66
Potato,Mumbai,178,7,18.0,20.64
Cauliflower,Mumbai,291,6,32.0,36.2
Tomato,Chennai,485,9,33.5,36.7
Brinjal,Kolkata,234,2,28.5,27.93
Potato,Pune,260,3,18.5,19.31
Cabbage,Chennai,318,6,21.5,23.87
Spinach,Delhi,208,6,21.5,23.79
Peas,Patna,130,4,24.5,26.5
Peas,Kolkata,163,6,41.5,45.89
Spinach,Delhi,222,5,22.0,24.58
Onion,Kolkata,408,8,19.5,22.13
Peas,Chennai,175,4,37.0,40.59
Spinach,Patna,87,6,16.0,16.79
Brinjal,Hyderabad,248,4,27.0,28.48
Cabbage,Patna,630,4,15.5,15.56
Tomato,Bangalore,454,6,31.0,33.69
Spinach,Chennai,296,8,25.0,27.17
Onion,Chennai,1043,7,32.5,38.34
Spinach,Mumbai,31,2,31.5,33.95
Tomato,Patna,431,5,18.0,17.75
Onion,Hyderabad,351,5,27.5,30.36
Onion,Pune,214,5,34.0,36.42
Brinjal,Mumbai,515,7,25.5,29.15
Spinach,Pune,32,5,25.0,26.6
Spinach,Mumbai,16,8,27.0,32.79
Peas,Bangalore,60,9,34.0,43.67
Cauliflower,Delhi,1044,8,34.5,39.04
Cauliflower,Hyderabad,416,8,30.0,34.33
Tomato,Delhi,969,6,31.0,33.59
Spinach,Mumbai,38,8,19.5,23.26
Beans,Patna,357,2,27.0,26.96
Onion,Chennai,941,10,36.5,43.73
Brinjal,Chennai,152,10,32.5,39.07
Cauliflower,Hyderabad,197,5,23.5,25.48
Cabbage,Pune,260,7,21.5,23.83
Peas,Hyderabad,153,7,63.5,72.29
Tomato,Kolkata,647,4,20.0,19.78
Carrot,Kolkata,237,1,27.0,27.47
Tomato,Chennai,1121,5,27.0,28.12
Spinach,Delhi,97,4,26.0,28.26
Onion,Kolkata,697,9,23.0,26.75
Onion,Kolkata,748,3,25.5,25.69
Beans,Mumbai,104,2,35.0,39.12
Brinjal,Patna,507,1,22.0,20.9
Beans,Kolkata,94,9,48.5,58.35
Onion,Kolkata,673,7,26.5,28.79
Onion,Hyderabad,1555,7,24.0,26.75
Onion,Delhi,451,4,33.0,36.03
Brinjal,Pune,221,5,24.0,25.72
Spinach,Hyderabad,136,5,16.5,17.49
Onion,Bangalore,674,7,36.0,40.63
Carrot,Pune,414,7,38.0,41.76
Onion,Patna,407,9,23.5,25.86
Carrot,Patna,584,8,34.5,36.97
Carrot,Kolkata,493,5,28.0,29.42
Tomato,Kolkata,906,3,16.5,15.86
Brinjal,Kolkata,323,7,31.0,33.26
Tomato,Hyderabad,93,1,27.5,27.75
Cabbage,Delhi,475,5,15.0,16.52
Beans,Chennai,122,7,47.0,54.84
Potato,Kolkata,245,4,14.5,15.44
Peas,Kolkata,216,5,55.5,61.64
Potato,Bangalore,516,6,16.0,18.1
Brinjal,Chennai,316,6,28.0,31.21
Beans,Mumbai,47,3,38.0,45.23
Cauliflower,Chennai,305,7,32.5,36.52
Cauliflower,Patna,387,1,17.0,16.15
Carrot,Hyderabad,199,4,27.0,28.58
Peas,Bangalore,183,2,49.5,54.68
Spinach,Kolkata,245,4,16.5,16.99
Beans,Chennai,154,5,30.0,33.73
Brinjal,Pune,229,8,27.5,30.25
Onion,Patna,961,4,23.5,23.81
Beans,Bangalore,293,7,32.0,36.76
Cabbage,Mumbai,267,9,24.5,29.52
Peas,Kolkata,94,5,28.5,32.57
Beans,Chennai,177,4,45.0,49.42
Potato,Chennai,324,4,15.5,16.23
Tomato,Bangalore,796,6,26.5,28.53
Cabbage,Bangalore,277,5,21.0,23.74
Carrot,Delhi,1474,7,44.5,51.11
Peas,Mumbai,156,10,72.0,89.33
Cabbage,Chennai,236,9,25.0,28.72
Potato,Chennai,859,8,19.5,21.99
Spinach,Hyderabad,85,10,18.5,21.47
Cauliflower,Chennai,437,10,33.0,38.53
Peas,Chennai,135,6,47.5,54.06
Onion,Mumbai,383,7,37.0,42.98
Cauliflower,Pune,152,2,27.5,28.68
Beans,Chennai,391,2,33.5,34.34
Tomato,Mumbai,342,9,22.5,25.62
Peas,Chennai,347,3,38.5,42.71
Beans,Pune,235,6,50.5,55.98
Peas,Pune,211,8,44.5,54.03
Spinach,Bangalore,80,10,21.5,25.34
Cauliflower,Bangalore,208,10,30.0,35.38
Peas,Mumbai,482,9,59.0,73.66
Cauliflower,Patna,392,5,25.5,25.91
Spinach,Hyderabad,51,7,25.5,28.26
Cauliflower,Patna,183,7,26.0,27.64
Spinach,Chennai,118,7,20.0,21.29
Spinach,Chennai,77,5,23.0,24.62
Peas,Kolkata,116,5,32.0,36.11
Cauliflower,Kolkata,699,5,19.0,18.94
Tomato,Mumbai,145,8,26.0,29.62
Peas,Hyderabad,53,7,50.5,60.34
Cabbage,Kolkata,148,6,18.0,19.91
Carrot,Kolkata,174,5,38.0,41.31
Carrot,Hyderabad,357,6,41.0,44.21
Spinach,Bangalore,64,10,26.0,31.43
Carrot,Patna,250,2,23.0,21.85
Cauliflower,Mumbai,178,5,27.5,30.93
Onion,Delhi,1170,4,33.0,36.18
Cauliflower,Patna,917,5,21.5,21.6
Spinach,Delhi,104,4,16.0,17.42
Tomato,Patna,102,4,13.5,13.62
Tomato,Pune,163,5,27.5,29.87
Peas,Pune,149,7,49.0,55.65
Onion,Patna,791,3,18.0,18.38
Potato,Hyderabad,1592,2,16.0,16.11
Potato,Hyderabad,222,6,18.0,20.12
Potato,Delhi,534,6,24.0,27.84
Carrot,Chennai,102,3,42.0,44.83
Tomato,Hyderabad,119,6,16.5,17.64
Brinjal,Mumbai,160,9,35.0,42.25
Tomato,Mumbai,176,6,21.5,25.04
Carrot,Chennai,177,10,37.5,44.8
Tomato,Bangalore,398,5,36.5,39.41
Potato,Pune,397,6,21.0,23.56
Brinjal,Patna,153,2,21.5,20.43
Brinjal,Kolkata,192,8,37.5,41.3
Carrot,Kolkata,54,5,25.5,28.62
Potato,Chennai,678,7,17.5,19.13
Potato,Kolkata,1264,8,19.0,20.31
Potato,Patna,1201,7,19.0,20.3
Brinjal,Hyderabad,364,4,22.0,22.51
Brinjal,Patna,271,5,22.5,22.38
Spinach,Pune,90,7,25.5,28.04
Peas,Delhi,365,6,33.5,37.55
Carrot,Pune,506,3,40.0,41.24
Tomato,Mumbai,432,3,23.0,24.53
Cauliflower,Chennai,544,7,20.0,22.01
Carrot,Delhi,422,9,33.0,38.07
Brinjal,Bangalore,520,5,33.0,35.93
Cabbage,Kolkata,419,5,18.0,18.55
Spinach,Mumbai,275,4,17.5,19.17
Cabbage,Hyderabad,892,4,14.5,15.19
Carrot,Pune,410,3,30.0,31.03
Cauliflower,Bangalore,146,6,30.0,33.42
Onion,Kolkata,858,8,32.5,37.16
Cabbage,Hyderabad,226,3,14.0,14.56
Brinjal,Hyderabad,274,4,20.5,20.89
Tomato,Mumbai,471,10,36.5,43.76
Cabbage,Patna,942,7,19.5,20.22
Cabbage,Hyderabad,885,7,16.0,17.4
Carrot,Hyderabad,405,3,29.5,29.2
Carrot,Chennai,270,3,32.0,35.32
Brinjal,Chennai,91,5,33.5,36.59
Tomato,Kolkata,476,7,27.5,29.32
Peas,Patna,126,5,51.0,56.75
Potato,Chennai,270,3,19.5,19.75
Cauliflower,Delhi,249,4,26.0,27.73
Cauliflower,Chennai,594,8,23.5,26.03
Brinjal,Kolkata,116,5,24.0,26.01
Peas,Bangalore,478,9,52.5,63.15
Potato,Bangalore,1943,1,15.0,15.18
Onion,Patna,343,2,18.0,18.38
Brinjal,Bangalore,282,8,29.5,34.59
Brinjal,Pune,221,7,26.5,29.24
Carrot,Patna,177,5,29.5,30.93
Brinjal,Chennai,552,7,20.5,22.88
Cauliflower,Hyderabad,359,7,31.0,33.73
Onion,Bangalore,397,10,40.5,49.97
Peas,Chennai,276,2,58.0,61.0
Potato,Bangalore,559,4,20.5,21.83
Brinjal,Delhi,631,6,30.0,32.25
Cauliflower,Pune,486,5,25.0,27.01
Beans,Pune,94,7,42.5,51.32
Tomato,Kolkata,1887,5,23.0,22.93
Brinjal,Mumbai,400,4,23.5,24.74
Cauliflower,Delhi,194,2,21.0,21.57
Cabbage,Patna,243,3,12.5,12.37
Cauliflower,Patna,254,8,25.0,27.17
Peas,Mumbai,86,3,38.0,42.35
Tomato,Mumbai,264,10,39.0,47.15
Carrot,Kolkata,267,3,28.0,27.93
Tomato,Chennai,283,9,33.0,37.02
Potato,Bangalore,1642,7,23.5,26.44
Brinjal,Pune,152,5,21.0,23.13
Tomato,Kolkata,168,3,20.0,19.65
Beans,Bangalore,525,9,60.0,72.1
Brinjal,Mumbai,175,4,27.5,30.94
Onion,Bangalore,968,8,27.0,32.08
Cauliflower,Chennai,853,5,29.5,30.55
Peas,Patna,388,1,27.0,25.65
Spinach,Hyderabad,91,7,26.5,30.18
Brinjal,Patna,258,4,21.5,21.43
Tomato,Hyderabad,248,3,17.5,17.77
Peas,Hyderabad,56,1,36.0,38.96
Tomato,Pune,349,2,16.0,15.37
Potato,Patna,1206,6,16.0,16.9
Onion,Bangalore,726,4,20.5,22.3
Peas,Chennai,91,7,64.0,77.13
Onion,Kolkata,1069,3,21.5,21.15
Peas,Kolkata,125,7,55.5,63.56
Cabbage,Patna,693,6,16.0,16.71
Cauliflower,Patna,207,2,24.0,23.47
Tomato,Delhi,157,10,33.5,40.92
Cabbage,Mumbai,464,4,17.5,19.12
Spinach,Hyderabad,123,6,16.5,18.07
Tomato,Hyderabad,151,5,29.0,31.06
Tomato,Patna,287,7,21.5,23.42
Carrot,Kolkata,408,2,41.5,41.54
Cabbage,Bangalore,838,6,19.5,21.01
Potato,Hyderabad,475,6,18.5,20.31
Peas,Hyderabad,284,4,52.0,58.59
Cabbage,Patna,139,6,14.5,15.42
Peas,Kolkata,346,5,51.5,56.21
Peas,Kolkata,131,1,25.0,26.02
Onion,Kolkata,398,7,37.5,40.5
Peas,Pune,296,9,58.5,70.44
Brinjal,Pune,147,7,30.0,33.85
Beans,Mumbai,110,6,43.5,53.2
Spinach,Mumbai,198,8,20.0,22.67
Potato,Bangalore,66,9,25.0,31.12
Cauliflower,Bangalore,302,7,28.5,32.76
Tomato,Pune,319,2,28.5,27.4
Beans,Chennai,71,6,53.0,63.06
Potato,Patna,534,9,16.0,17.35
Cauliflower,Delhi,658,7,23.0,25.07
Tomato,Patna,331,2,25.0,23.75
Peas,Patna,103,6,50.0,56.44
Peas,Bangalore,172,5,56.0,63.53
Potato,Delhi,1225,5,22.0,23.86
Brinjal,Hyderabad,236,4,25.5,27.12
Peas,Chennai,676,7,29.5,32.57
Cabbage,Patna,294,3,16.5,16.41
Spinach,Kolkata,206,4,20.0,19.99
Carrot,Hyderabad,111,5,32.5,36.37
Beans,Delhi,177,6,52.5,61.82
Peas,Bangalore,99,10,40.5,52.88
Beans,Kolkata,118,6,39.0,44.16
Spinach,Pune,44,4,16.0,16.88
Carrot,Hyderabad,336,3,33.0,32.9
Beans,Kolkata,136,6,51.5,58.61
Cabbage,Patna,93,1,15.5,14.72
Beans,Kolkata,197,6,32.5,37.24
Potato,Mumbai,870,3,21.0,22.9
Cauliflower,Delhi,199,4,20.0,21.02
Peas,Patna,170,4,57.5,61.93
Cauliflower,Chennai,78,5,22.0,24.4
Onion,Mumbai,489,3,29.0,32.57
Cabbage,Hyderabad,296,7,13.5,15.14
Onion,Delhi,721,8,37.5,45.32
Peas,Kolkata,231,3,33.5,35.11
Potato,Mumbai,1082,10,24.5,29.48
Brinjal,Hyderabad,212,8,31.5,35.78
Peas,Hyderabad,291,4,32.5,35.49
Onion,Kolkata,288,6,41.5,45.48
Cabbage,Hyderabad,172,5,19.5,21.11
Brinjal,Chennai,82,5,33.5,38.3
Brinjal,Mumbai,559,10,31.5,37.14
Beans,Patna,125,5,46.0,50.65
Onion,Bangalore,328,10,31.0,38.83
Tomato,Mumbai,384,7,31.5,34.65
Spinach,Hyderabad,124,8,25.5,28.87
Carrot,Bangalore,91,7,46.5,56.57
Peas,Mumbai,292,7,36.5,42.68
Brinjal,Bangalore,119,1,25.0,25.46
Cauliflower,Bangalore,129,7,32.0,37.49
Brinjal,Mumbai,669,4,26.5,27.82
Brinjal,Delhi,147,4,24.0,26.31
Cauliflower,Chennai,118,4,21.0,22.22
Beans,Pune,60,5,29.5,33.38
Peas,Pune,348,10,60.5,70.7
Onion,Mumbai,394,1,25.0,26.38
Beans,Delhi,95,8,54.0,65.34
Spinach,Delhi,12,6,17.5,20.08
Onion,Hyderabad,797,6,24.0,26.13
Spinach,Patna,81,3,15.0,14.67
Brinjal,Patna,174,7,27.5,27.98
Cauliflower,Chennai,277,4,18.5,20.1
Peas,Pune,98,3,42.0,46.18
Carrot,Pune,131,10,42.0,50.56
Cauliflower,Kolkata,239,3,19.0,19.15
Peas,Chennai,78,3,37.5,41.38
Onion,Delhi,731,4,44.5,47.87
Carrot,Delhi,215,7,31.5,36.5
Carrot,Patna,160,6,42.0,44.35
Carrot,Kolkata,130,4,24.5,25.59
Beans,Mumbai,98,8,43.0,52.75
Onion,Hyderabad,818,8,38.0,42.63
Carrot,Patna,118,4,35.5,36.03
Beans,Mumbai,374,3,36.5,39.98
Brinjal,Hyderabad,282,10,32.5,38.2
Potato,Patna,336,3,13.5,13.99
Cauliflower,Patna,359,2,17.0,16.15
Peas,Pune,267,7,58.0,67.17
Cauliflower,Mumbai,251,6,28.5,32.54
Beans,Kolkata,195,5,30.5,33.77
Spinach,Kolkata,192,4,22.0,22.43
Cauliflower,Mumbai,617,7,21.5,24.28
Peas,Mumbai,189,5,64.0,74.84
Potato,Pune,285,8,21.0,23.97
Spinach,Chennai,151,9,24.0,27.16
Brinjal,Pune,121,4,23.0,23.85
Beans,Pune,118,9,53.0,64.8
Peas,Mumbai,96,3,49.0,55.66
Cauliflower,Mumbai,133,5,26.0,29.73
Spinach,Kolkata,95,6,19.0,20.31
Brinjal,Chennai,241,3,24.5,25.35
Tomato,Chennai,285,8,25.5,28.92
Cauliflower,Hyderabad,201,4,23.0,24.65
Peas,Chennai,37,6,46.0,55.41
Carrot,Bangalore,135,5,29.0,32.94
Onion,Bangalore,559,6,33.0,36.89
Tomato,Hyderabad,207,5,25.0,26.33
Cabbage,Kolkata,330,5,17.0,18.42
Beans,Hyderabad,98,6,40.5,46.01
Spinach,Chennai,125,4,19.0,19.07
Potato,Delhi,549,4,15.5,16.28
Onion,Bangalore,1050,7,33.0,38.14
Spinach,Chennai,141,6,21.5,24.31
Potato,Pune,788,3,19.0,20.04
Beans,Bangalore,180,10,46.0,58.08
Peas,Kolkata,210,5,49.5,54.04
Potato,Mumbai,734,5,25.0,29.43
Cabbage,Bangalore,249,4,18.0,19.92
Carrot,Hyderabad,86,1,29.0,29.49
Cabbage,Patna,241,2,13.5,13.14
Potato,Hyderabad,447,3,17.0,18.07
Potato,Kolkata,301,6,20.0,21.32
Carrot,Kolkata,1750,5,40.0,42.97
Cauliflower,Pune,194,8,27.0,30.11
Tomato,Delhi,547,5,32.5,35.1
Tomato,Chennai,472,10,33.5,37.5
Beans,Patna,118,4,31.0,33.75
Tomato,Kolkata,1178,5,28.0,28.07
Spinach,Mumbai,34,10,26.0,31.5
Cabbage,Delhi,201,7,18.0,20.67
Potato,Delhi,997,6,19.0,21.88
Carrot,Hyderabad,126,5,26.5,28.22
Beans,Mumbai,203,7,50.0,60.2
Cabbage,Mumbai,1015,9,22.0,26.55
Brinjal,Mumbai,115,10,35.5,44.04
Peas,Mumbai,116,10,67.0,83.87
Cauliflower,Chennai,362,7,22.5,25.61
Onion,Mumbai,197,3,24.0,27.21
Potato,Pune,206,7,21.0,24.34
Tomato,Delhi,336,3,19.5,20.51
Spinach,Kolkata,118,3,24.0,23.22
Potato,Delhi,901,1,19.5,20.31
Carrot,Hyderabad,339,2,28.5,29.22
Brinjal,Bangalore,592,4,35.0,38.19
Cauliflower,Mumbai,442,5,21.5,23.4
Potato,Delhi,1145,4,17.0,18.03
Cauliflower,Delhi,226,8,18.5,20.91
Cauliflower,Bangalore,327,5,35.0,36.45
Beans,Chennai,349,8,43.0,50.03
Cabbage,Hyderabad,312,6,19.5,21.06
Beans,Mumbai,249,8,52.5,64.76
Carrot,Delhi,58,8,42.5,51.79
Onion,Patna,2500,8,28.5,29.9
Cauliflower,Mumbai,585,8,22.5,25.86
Cauliflower,Bangalore,138,8,26.5,31.44
Cabbage,Kolkata,255,4,14.5,14.65
Cauliflower,Hyderabad,256,3,19.5,20.32
Peas,Kolkata,82,4,50.5,57.54
Spinach,Hyderabad,341,5,21.0,21.99
Potato,Hyderabad,472,7,21.5,24.52
Peas,Pune,123,10,53.0,64.69
Potato,Delhi,382,7,22.0,25.32
Potato,Bangalore,594,1,18.0,18.79
Onion,Patna,540,3,19.5,18.52
Brinjal,Chennai,421,9,32.5,38.71
Beans,Bangalore,105,7,38.5,46.61
Tomato,Mumbai,637,7,23.0,26.14
Onion,Mumbai,510,7,36.0,44.43
Spinach,Chennai,184,7,24.5,26.26
Cauliflower,Mumbai,231,3,23.5,25.87
Cauliflower,Pune,207,9,30.5,35.64
Cauliflower,Chennai,326,10,30.5,35.89
Potato,Pune,259,6,21.0,23.54
Beans,Kolkata,137,4,42.0,47.21
Onion,Delhi,1419,7,30.0,33.8
Beans,Patna,371,4,29.0,29.57
Cabbage,Pune,1461,4,15.0,15.49
Onion,Hyderabad,592,5,25.0,27.14
Carrot,Pune,321,1,28.5,28.22
Onion,Delhi,761,8,41.5,46.19
Cabbage,Delhi,202,9,23.0,26.98
Spinach,Delhi,83,8,23.5,27.01
Brinjal,Delhi,292,8,27.0,30.61
Tomato,Pune,184,4,15.0,15.62
Potato,Pune,1198,7,15.5,16.9
Peas,Patna,210,4,47.0,49.15
Peas,Hyderabad,101,3,53.0,56.98
Potato,Bangalore,2500,9,20.0,23.67
Tomato,Hyderabad,60,6,31.5,34.43
Beans,Mumbai,240,10,54.5,67.41
Potato,Bangalore,981,9,19.5,23.12
Beans,Chennai,267,1,34.0,35.18
Cauliflower,Hyderabad,157,3,17.5,18.55
Beans,Hyderabad,234,7,53.0,59.58
Brinjal,Hyderabad,342,7,24.0,27.15
Carrot,Patna,115,7,35.5,37.49
Tomato,Kolkata,324,8,26.5,29.05
Beans,Patna,174,5,39.0,42.61
Peas,Chennai,472,4,39.0,41.9
Brinjal,Kolkata,124,3,31.5,32.77
Brinjal,Mumbai,657,8,36.5,41.99
Brinjal,Patna,294,7,22.0,23.66
Onion,Pune,774,5,26.5,28.58
Peas,Hyderabad,237,8,63.5,74.25
Onion,Mumbai,341,7,35.0,41.37
Cauliflower,Kolkata,149,5,16.5,17.51
Brinjal,Mumbai,260,7,25.0,29.05
Onion,Pune,428,7,29.5,33.38
Tomato,Delhi,132,6,24.0,27.14
Carrot,Delhi,418,5,40.5,43.85
Brinjal,Kolkata,92,5,20.5,21.66
Potato,Hyderabad,566,5,16.5,17.77
Spinach,Bangalore,127,7,23.0,25.59
Onion,Mumbai,276,5,25.0,29.01
Brinjal,Kolkata,145,5,24.0,25.58
Cauliflower,Bangalore,209,6,30.5,34.04
Onion,Mumbai,252,4,30.0,34.42
Onion,Patna,711,5,17.5,17.65
Peas,Kolkata,187,10,57.0,69.32
Peas,Patna,252,3,30.0,31.09
Tomato,Kolkata,81,6,37.0,40.01
Beans,Mumbai,283,4,53.0,60.79
Potato,Bangalore,693,4,19.0,20.06
Cabbage,Chennai,674,8,17.5,19.37
Carrot,Bangalore,98,2,35.0,38.25
Potato,Kolkata,889,3,13.0,13.36
Tomato,Delhi,321,3,20.0,20.21
Cauliflower,Patna,245,2,27.0,25.65
Onion,Delhi,588,4,28.5,31.1
Peas,Kolkata,97,6,58.0,66.56
Cabbage,Bangalore,420,10,20.0,24.18
Peas,Patna,296,7,52.0,56.13
Potato,Hyderabad,170,8,21.0,24.48
Beans,Hyderabad,490,2,30.5,30.48
Brinjal,Patna,312,7,25.5,26.49
Peas,Pune,77,2,26.0,28.27
Tomato,Pune,192,7,33.0,36.14
Cauliflower,Kolkata,1363,7,33.5,34.71
Brinjal,Hyderabad,96,9,32.5,37.56
Beans,Pune,167,5,45.5,51.94
Spinach,Pune,259,9,23.0,25.18
Carrot,Chennai,205,6,36.0,40.25
Peas,Delhi,383,4,35.0,37.68
Spinach,Bangalore,62,8,25.0,30.38
Carrot,Patna,370,2,31.5,29.92
Brinjal,Mumbai,317,10,38.0,44.84
Spinach,Bangalore,120,6,21.0,23.12
Tomato,Kolkata,530,8,36.0,37.96
Carrot,Pune,215,4,27.5,28.35
Cabbage,Patna,456,9,15.5,17.22
Potato,Patna,617,5,15.0,15.14
Beans,Patna,310,3,31.0,31.89
Onion,Pune,243,1,21.0,21.04
Cauliflower,Kolkata,452,3,23.0,22.78
Spinach,Mumbai,137,5,27.0,28.87
Cabbage,Pune,246,6,18.5,20.69
Cabbage,Patna,879,2,12.5,11.88
Peas,Kolkata,77,1,40.0,43.02
Tomato,Kolkata,155,7,29.5,32.41
Carrot,Patna,168,6,35.5,38.34
Potato,Hyderabad,307,4,17.0,18.02
Potato,Hyderabad,876,6,18.0,19.73
Cauliflower,Bangalore,61,5,23.5,26.36
Tomato,Hyderabad,343,9,29.5,33.34
Beans,Kolkata,104,8,48.0,54.14
Onion,Chennai,740,1,21.5,22.34
Tomato,Hyderabad,191,6,17.0,18.23
Onion,Pune,754,4,20.0,20.22
Cauliflower,Kolkata,409,5,22.5,23.56
Potato,Mumbai,893,8,24.0,27.58
Onion,Delhi,449,10,39.5,48.73
Carrot,Hyderabad,108,9,46.5,54.94
Peas,Delhi,49,7,51.0,64.48
Tomato,Patna,380,4,18.0,17.1
Brinjal,Mumbai,138,5,41.0,45.19
Peas,Kolkata,270,7,30.0,34.24
Cabbage,Chennai,984,5,17.5,18.48
Cabbage,Delhi,304,8,22.5,26.37
Tomato,Delhi,985,2,25.0,24.79
Carrot,Bangalore,253,2,37.0,40.46
Onion,Hyderabad,1107,10,40.5,48.32
Potato,Delhi,1959,10,20.5,24.64
Onion,Chennai,405,4,24.5,26.09
Spinach,Mumbai,171,5,28.0,29.85
Spinach,Patna,25,5,23.0,24.46
Potato,Pune,1134,2,15.5,15.14
Potato,Chennai,638,7,20.0,22.09
Cabbage,Mumbai,513,6,16.5,18.2
Tomato,Mumbai,184,6,28.5,31.9
Cabbage,Pune,1647,5,17.0,17.74
Spinach,Pune,187,10,22.5,25.11
Cabbage,Kolkata,448,4,17.0,17.52
Spinach,Patna,25,5,14.5,15.56
Cabbage,Bangalore,147,2,15.5,16.25
Peas,Bangalore,253,6,63.0,73.81
Brinjal,Patna,331,7,19.5,20.92
Cauliflower,Pune,181,3,20.5,21.73
Beans,Kolkata,45,6,51.0,58.76
Cabbage,Kolkata,1870,9,24.0,26.62
Beans,Patna,225,5,27.5,29.29
Brinjal,Patna,182,3,20.5,20.06
Onion,Mumbai,774,8,34.0,39.79
Peas,Pune,81,5,51.5,59.08
Tomato,Chennai,468,4,26.0,27.09
Spinach,Pune,96,7,21.5,23.97
Tomato,Delhi,291,5,23.0,24.46
Carrot,Delhi,797,5,30.0,32.65
Cauliflower,Chennai,403,6,32.0,35.85
Cauliflower,Kolkata,449,5,18.0,18.62
Cabbage,Hyderabad,224,5,16.0,17.38
Onion,Mumbai,183,4,22.0,25.29
Onion,Mumbai,692,5,22.0,24.51
Carrot,Patna,302,4,27.5,27.98
Tomato,Delhi,206,7,21.5,24.65
Spinach,Mumbai,189,4,30.5,32.46
Cauliflower,Mumbai,281,5,27.0,30.92
Peas,Mumbai,126,6,53.5,63.7
Carrot,Mumbai,57,7,39.0,46.42
Cabbage,Delhi,389,4,16.5,17.34
Spinach,Kolkata,160,8,23.0,26.21
Cauliflower,Mumbai,405,5,23.0,24.38
Potato,Pune,488,2,16.0,16.57
Brinjal,Hyderabad,589,9,31.5,36.32
Cauliflower,Mumbai,160,4,32.0,35.69
Peas,Mumbai,202,2,39.5,43.7
Tomato,Bangalore,180,5,24.5,27.76
Tomato,Patna,88,1,28.0,27.17
Carrot,Delhi,57,5,40.5,45.11
Tomato,Patna,646,9,34.5,37.31
Cauliflower,Chennai,299,7,32.0,35.95
Spinach,Bangalore,47,3,17.5,19.15
Cauliflower,Hyderabad,277,5,29.0,31.52
Beans,Patna,287,8,35.0,37.78
Peas,Delhi,198,7,48.0,55.1
Cabbage,Patna,464,6,18.0,19.36
Peas,Pune,168,8,61.0,71.1
Brinjal,Patna,390,3,17.5,16.81
Beans,Pune,236,3,41.5,45.28
Cabbage,Chennai,893,5,13.0,13.7
Spinach,Chennai,41,4,19.5,20.59
Tomato,Kolkata,220,7,24.5,26.75
Carrot,Kolkata,55,7,30.0,34.47
Spinach,Chennai,75,8,24.0,27.54
Carrot,Pune,152,3,32.5,34.4
Carrot,Chennai,249,1,24.5,24.29
Potato,Delhi,1419,3,21.0,21.38
Carrot,Mumbai,538,6,38.5,42.59
Onion,Delhi,367,8,21.0,24.38
Beans,Delhi,123,7,51.0,59.21
Cabbage,Pune,970,1,16.0,15.83
Spinach,Mumbai,161,6,29.5,33.89
Onion,Delhi,261,4,21.0,23.06
Potato,Pune,1193,6,20.5,21.58
Onion,Patna,486,4,18.5,18.51
Peas,Chennai,250,4,56.5,61.57
Beans,Pune,31,8,40.5,48.79
Onion,Kolkata,398,8,21.5,24.1
Spinach,Delhi,84,5,19.0,20.82
Tomato,Kolkata,183,6,21.0,22.25
Beans,Mumbai,38,6,40.0,47.33
Brinjal,Pune,114,8,29.5,33.84
Cauliflower,Hyderabad,268,2,23.5,23.25
Cauliflower,Pune,361,4,21.5,22.46
Beans,Hyderabad,168,9,48.0,55.14
Peas,Patna,119,6,56.5,60.58
Peas,Pune,59,5,56.0,64.89
Carrot,Hyderabad,143,5,49.5,52.75
Peas,Pune,344,3,40.5,42.31
Brinjal,Pune,307,7,25.0,27.56
Brinjal,Chennai,402,3,23.5,24.65
Cabbage,Kolkata,227,3,13.5,13.91
Onion,Hyderabad,873,7,36.0,40.14
Spinach,Mumbai,134,8,21.0,24.34
Spinach,Mumbai,117,5,20.0,21.47
Cabbage,Patna,546,4,15.0,15.16
Peas,Bangalore,72,6,58.5,70.59
Brinjal,Delhi,124,9,32.5,39.01
Peas,Delhi,184,6,57.0,65.62
Spinach,Kolkata,132,2,16.0,15.37
Tomato,Bangalore,462,6,26.0,28.75
Carrot,Hyderabad,222,7,36.0,41.41
Cauliflower,Delhi,376,3,34.5,34.28
Peas,Bangalore,217,5,68.0,75.66
Cauliflower,Patna,241,3,15.5,15.02
Peas,Bangalore,199,6,40.0,44.85
Peas,Hyderabad,111,5,43.5,49.68
Cabbage,Pune,649,3,14.0,14.25
Cauliflower,Bangalore,570,10,33.5,40.05
Cauliflower,Chennai,388,7,31.5,34.53
Carrot,Mumbai,221,6,40.0,43.84
Carrot,Delhi,250,5,29.5,32.23
Potato,Chennai,1359,6,21.5,23.45
Tomato,Delhi,149,7,26.5,29.53
Spinach,Mumbai,73,8,24.5,28.73
Beans,Chennai,169,2,30.5,32.61
Brinjal,Delhi,207,6,32.0,36.69
Spinach,Delhi,38,10,29.0,35.24
Spinach,Patna,74,1,15.5,15.23
Cabbage,Pune,352,6,16.5,17.69
Cauliflower,Patna,88,3,17.5,17.29
Onion,Hyderabad,873,8,37.5,40.91
Spinach,Patna,221,4,21.0,20.18
Onion,Kolkata,269,7,31.0,34.52
Potato,Mumbai,399,10,21.5,26.26
Carrot,Pune,302,8,40.0,45.99
Onion,Bangalore,441,4,21.5,23.47
Potato,Pune,491,6,20.0,21.9
Cabbage,Chennai,397,9,19.5,22.57
Onion,Mumbai,342,9,40.5,49.04
Beans,Chennai,118,5,33.0,38.36
Onion,Hyderabad,159,6,22.0,25.34
Beans,Bangalore,151,5,37.5,42.32
Onion,Hyderabad,458,5,33.5,36.04
Brinjal,Patna,439,4,25.0,24.27
Potato,Kolkata,1080,4,16.0,16.49
Beans,Kolkata,121,4,40.5,44.26
Cauliflower,Hyderabad,193,4,25.5,27.15
Potato,Mumbai,393,8,21.0,25.05
Spinach,Patna,77,2,13.5,13.47
Peas,Delhi,130,8,63.5,74.2
Onion,Pune,440,3,27.0,28.16
Tomato,Bangalore,926,10,35.5,40.66
Spinach,Pune,113,7,23.5,26.29
Onion,Bangalore,785,6,29.0,33.88
Tomato,Chennai,531,3,21.0,20.74
Carrot,Patna,94,6,32.0,34.34
Cabbage,Patna,1377,5,16.5,15.77
Spinach,Pune,125,4,17.0,17.6
Cauliflower,Mumbai,360,7,21.5,24.52
Potato,Hyderabad,354,6,16.0,17.98
Tomato,Patna,348,5,17.5,17.25
Potato,Pune,459,3,18.0,18.53
Cabbage,Hyderabad,224,6,21.0,22.82
Cauliflower,Delhi,70,5,30.0,33.8
Spinach,Kolkata,46,7,19.5,22.25
Cauliflower,Chennai,422,4,24.5,25.28
Brinjal,Bangalore,202,6,24.5,26.72
Cabbage,Delhi,1720,6,23.5,25.54
Onion,Mumbai,506,7,34.0,40.48
Spinach,Delhi,285,9,27.5,31.65
Spinach,Mumbai,64,8,28.0,34.09
Cabbage,Bangalore,186,4,23.0,25.29
Brinjal,Bangalore,511,2,22.5,23.84
Tomato,Hyderabad,222,5,27.5,29.56
Brinjal,Chennai,143,5,23.5,24.97
Cabbage,Chennai,439,5,19.5,19.79
Brinjal,Pune,576,5,28.0,29.46
Peas,Pune,85,1,33.5,35.77
Cauliflower,Hyderabad,330,6,26.0,28.33
Beans,Bangalore,169,1,34.0,37.47
Cabbage,Hyderabad,432,5,16.5,17.58
Tomato,Hyderabad,218,6,21.5,24.38
Cauliflower,Mumbai,609,6,29.0,32.41
Spinach,Mumbai,170,3,17.5,18.13
Carrot,Delhi,399,5,35.5,38.96
Spinach,Pune,67,6,26.0,28.41
Onion,Kolkata,553,5,34.0,36.3
Potato,Mumbai,1970,7,26.5,30.78
Spinach,Bangalore,162,9,15.0,17.18
Brinjal,Patna,97,8,24.0,26.5
Peas,Hyderabad,49,8,59.0,71.1
Beans,Patna,300,6,52.0,54.4
Beans,Pune,152,1,31.0,32.87
Tomato,Bangalore,103,6,17.0,19.29
Cauliflower,Pune,249,5,26.0,28.69
Onion,Kolkata,770,7,18.0,19.62
Potato,Delhi,805,7,18.0,20.76
Cabbage,Mumbai,68,9,23.5,28.97
Cauliflower,Bangalore,243,6,25.5,28.74
Carrot,Mumbai,121,3,38.5,43.9
Potato,Mumbai,551,4,19.5,21.98
Onion,Pune,411,4,24.0,25.43
Onion,Pune,581,2,20.0,20.41
Cabbage,Kolkata,601,6,20.0,21.85
Onion,Delhi,452,7,27.0,31.23
Tomato,Mumbai,313,5,23.5,25.53
Tomato,Hyderabad,701,6,26.5,28.74
Cabbage,Chennai,579,8,22.5,25.5
Peas,Mumbai,286,8,39.5,47.54
Brinjal,Pune,164,6,26.5,29.3
Potato,Patna,515,5,15.0,15.64
Peas,Kolkata,131,4,35.0,37.77
Potato,Chennai,862,7,19.5,21.77
Tomato,Bangalore,572,7,35.5,40.43
Cabbage,Pune,1507,1,17.0,16.58
Cauliflower,Chennai,372,7,37.0,41.56
Onion,Hyderabad,666,10,40.5,45.92
Cabbage,Patna,251,7,19.5,21.1
Spinach,Patna,57,4,13.5,13.59
Brinjal,Bangalore,83,2,25.5,26.64
Carrot,Kolkata,199,6,43.0,47.31
Cabbage,Patna,296,5,16.0,16.99
Carrot,Pune,79,1,29.0,30.44
Beans,Kolkata,92,4,30.0,32.78
Cabbage,Chennai,924,6,21.0,23.35
Beans,Mumbai,191,10,52.0,65.69
Cabbage,Delhi,789,8,20.5,23.23
Cauliflower,Chennai,463,7,19.5,21.72
Cauliflower,Kolkata,468,7,15.0,15.85
Carrot,Pune,303,7,38.0,41.59
Peas,Pune,125,9,50.0,60.76
Spinach,Pune,54,5,19.0,20.06
Cauliflower,Bangalore,125,4,20.5,22.87
Carrot,Bangalore,607,9,42.0,49.25
Potato,Pune,295,5,20.5,22.94
Carrot,Delhi,350,4,42.5,45.84
Brinjal,Kolkata,305,9,33.5,37.51
Peas,Delhi,295,9,48.0,60.57
Brinjal,Pune,210,1,23.0,22.17
Cabbage,Kolkata,174,5,17.0,18.0
Cabbage,Patna,247,5,14.5,15.22
Peas,Delhi,136,9,62.0,77.25
Cauliflower,Delhi,329,4,31.5,34.51
Cabbage,Pune,182,5,15.0,16.34
Spinach,Delhi,70,7,18.5,20.98
Onion,Hyderabad,491,4,24.0,25.3
Potato,Patna,335,7,17.5,19.65
Tomato,Pune,167,9,30.0,35.27
Peas,Bangalore,248,9,56.0,66.57
Brinjal,Chennai,158,4,26.0,27.67
Tomato,Chennai,242,5,35.5,37.22
Cauliflower,Kolkata,181,3,17.5,17.28
Cabbage,Bangalore,271,7,21.5,25.11
Peas,Patna,118,7,49.5,55.47
Cabbage,Mumbai,300,7,15.5,18.28
Cauliflower,Bangalore,156,10,33.5,40.86
Carrot,Pune,369,2,33.5,34.64
Brinjal,Patna,130,4,20.0,20.34
Brinjal,Delhi,379,5,32.5,36.59
Spinach,Mumbai,123,3,16.0,17.21
Carrot,Bangalore,200,7,31.0,36.79
Beans,Delhi,98,6,40.5,46.91
Potato,Mumbai,757,10,21.5,26.59
Cabbage,Mumbai,192,8,18.0,21.26
Spinach,Mumbai,47,8,31.0,36.19
Spinach,Bangalore,45,7,17.5,20.9
Cabbage,Delhi,377,9,21.5,25.18
Cabbage,Bangalore,260,6,18.5,21.26
Spinach,Hyderabad,93,7,17.5,19.55
Carrot,Pune,1097,9,40.0,44.83
Brinjal,Bangalore,196,6,27.5,30.38
Cabbage,Chennai,178,6,15.0,17.12
Cauliflower,Mumbai,306,6,21.0,24.05
Peas,Hyderabad,635,4,40.0,45.01
Cauliflower,Patna,258,3,16.0,15.84
Spinach,Delhi,179,8,29.0,32.04
Carrot,Mumbai,137,6,46.5,55.16
Cabbage,Patna,199,6,12.0,12.31
Peas,Hyderabad,113,8,63.0,74.99
Brinjal,Chennai,302,3,23.0,23.68
Peas,Hyderabad,255,4,50.0,54.15
Tomato,Patna,109,4,18.0,17.74
Spinach,Hyderabad,125,4,23.0,23.5
Potato,Kolkata,900,4,15.0,15.34
Spinach,Kolkata,141,5,21.0,22.27
Beans,Pune,81,10,49.0,59.22
Cabbage,Pune,280,3,14.0,14.15
Carrot,Delhi,544,5,35.0,38.43
Spinach,Kolkata,121,9,18.0,20.01
Peas,Patna,77,3,35.5,37.11
Peas,Patna,28,5,53.0,57.97
Cauliflower,Delhi,302,10,32.0,38.44
Peas,Mumbai,214,7,69.5,83.27
Spinach,Patna,37,3,15.5,14.83
Brinjal,Kolkata,143,5,29.5,31.88
Cabbage,Pune,512,7,18.5,21.19
Cauliflower,Pune,119,8,32.0,37.0
Tomato,Chennai,821,10,35.5,40.22
Brinjal,Hyderabad,156,2,20.0,20.35
Cabbage,Patna,796,4,19.5,18.64
Beans,Delhi,209,6,46.0,53.19
Spinach,Kolkata,219,7,15.5,16.7
Potato,Chennai,1629,3,18.5,19.52
Tomato,Chennai,227,4,19.5,20.74
Tomato,Delhi,421,2,20.0,20.17
Spinach,Mumbai,27,6,24.5,27.66
Peas,Bangalore,111,7,63.0,77.45
Beans,Mumbai,109,4,42.0,50.46
Peas,Bangalore,64,6,68.0,81.83
Brinjal,Patna,579,2,17.5,16.62
Beans,Mumbai,118,4,37.0,42.47
Peas,Bangalore,127,3,29.5,32.69
Onion,Patna,836,4,20.5,21.02
Tomato,Pune,188,7,17.5,18.83
Beans,Mumbai,274,8,60.5,72.91
Brinjal,Patna,517,5,23.5,24.01
Carrot,Bangalore,254,9,34.0,40.1
Cabbage,Bangalore,238,7,24.0,26.98
Carrot,Patna,401,4,32.5,31.19
Peas,Delhi,130,4,31.5,35.96
Spinach,Hyderabad,466,10,25.0,29.74
Spinach,Pune,63,5,20.5,21.42
Beans,Pune,61,9,44.5,55.64
Peas,Patna,177,4,29.5,30.55
Peas,Bangalore,253,6,32.0,38.25
Carrot,Bangalore,336,7,42.0,49.65
Spinach,Delhi,51,10,21.0,25.29
Cabbage,Delhi,76,5,21.5,24.1
Spinach,Delhi,94,7,26.5,30.88
Potato,Hyderabad,414,6,14.0,15.22
Tomato,Pune,230,6,25.0,27.71
Spinach,Pune,61,3,21.0,22.6
Spinach,Chennai,57,1,19.0,19.75
Carrot,Pune,633,5,43.0,46.43
Beans,Chennai,110,4,36.5,41.18
Cauliflower,Hyderabad,244,4,19.5,20.87
Onion,Hyderabad,306,7,38.0,41.75
Carrot,Hyderabad,428,7,43.0,48.77
Cabbage,Bangalore,492,6,19.0,21.3
Cauliflower,Pune,319,6,20.0,20.96
Cabbage,Pune,644,4,12.5,12.86
Beans,Pune,130,10,32.0,40.29
Cabbage,Mumbai,443,8,20.5,23.76
Onion,Bangalore,658,4,44.0,49.38
Peas,Pune,308,9,60.5,72.81
Brinjal,Delhi,173,7,32.0,36.73
Potato,Hyderabad,552,8,20.0,22.89
Peas,Chennai,46,6,65.5,76.48
Brinjal,Mumbai,116,10,31.5,39.84
Onion,Delhi,354,3,23.0,24.56
Potato,Patna,677,5,17.0,17.52
Cabbage,Chennai,853,6,23.0,24.33
Peas,Hyderabad,278,3,51.5,56.83
Cauliflower,Pune,176,6,23.0,25.41
Onion,Delhi,599,4,32.0,34.25
Beans,Hyderabad,249,5,45.5,51.95
Peas,Hyderabad,228,5,35.0,41.03
Cauliflower,Mumbai,394,5,20.5,23.49
Carrot,Kolkata,518,4,28.0,27.76
Peas,Mumbai,157,7,74.5,91.75
Tomato,Delhi,502,4,27.5,28.15
Cauliflower,Patna,327,2,13.5,13.03
Potato,Delhi,378,2,15.5,16.41
Brinjal,Patna,298,5,17.5,17.96
Spinach,Pune,82,2,18.0,18.1
Onion,Bangalore,588,8,28.5,33.93
Spinach,Mumbai,56,5,25.0,27.04
Brinjal,Mumbai,88,6,24.0,27.6
Potato,Patna,580,2,11.5,10.92
Potato,Chennai,416,3,18.5,19.53
Carrot,Patna,262,3,22.5,21.99
Cauliflower,Chennai,299,5,36.5,39.15
Potato,Kolkata,743,6,17.5,18.81
Spinach,Patna,92,9,21.0,22.75
Beans,Delhi,64,8,44.5,53.76
Cauliflower,Patna,308,1,16.5,15.67
Beans,Bangalore,69,4,43.5,50.54
Peas,Kolkata,334,3,41.5,42.04
Brinjal,Hyderabad,268,4,26.0,25.14
Peas,Patna,168,5,39.5,42.49
Tomato,Pune,113,6,23.5,25.62
Brinjal,Pune,308,9,26.0,29.99
Potato,Kolkata,2500,2,14.5,13.77
Brinjal,Mumbai,730,7,39.0,45.68
Cabbage,Bangalore,381,10,22.5,26.9
Potato,Patna,684,2,17.5,16.62
Beans,Kolkata,32,5,29.0,33.61
Potato,Kolkata,387,6,21.0,21.92
Onion,Bangalore,372,4,24.0,26.91
Spinach,Hyderabad,166,3,23.5,24.66
Brinjal,Patna,319,6,19.5,19.44
Beans,Hyderabad,122,8,42.5,50.35
Beans,Mumbai,193,8,42.0,51.72
Potato,Hyderabad,2008,7,18.5,20.11
Cabbage,Hyderabad,782,3,17.5,17.89
Onion,Chennai,247,6,38.5,43.39
Cabbage,Bangalore,176,6,20.5,23.38
Cabbage,Pune,312,7,19.0,21.06
Tomato,Patna,173,6,28.0,29.39
Peas,Mumbai,182,10,75.5,93.19
Brinjal,Bangalore,280,4,26.0,28.35
Potato,Delhi,390,10,23.0,27.86
Carrot,Pune,131,5,36.0,37.62
Peas,Hyderabad,77,6,46.5,55.57
Carrot,Kolkata,483,7,32.5,35.11
Spinach,Mumbai,132,5,20.0,21.56
Peas,Chennai,116,10,67.0,83.27
Tomato,Hyderabad,428,4,21.5,21.08
Brinjal,Bangalore,161,9,30.5,36.17
Carrot,Pune,546,3,33.0,32.0
Onion,Bangalore,956,9,40.5,47.31
Carrot,Chennai,204,7,41.5,48.38
Potato,Bangalore,1631,6,20.5,22.94
Carrot,Bangalore,572,9,41.5,47.96
Brinjal,Hyderabad,603,1,28.0,28.01
Carrot,Hyderabad,466,4,33.5,34.81
Cauliflower,Delhi,437,8,33.0,37.87
Cabbage,Mumbai,454,7,25.0,27.9
Peas,Mumbai,331,9,44.0,56.38
Beans,Patna,272,5,41.0,43.07
Potato,Bangalore,731,7,18.0,21.04
Cauliflower,Mumbai,248,5,27.5,30.89
Peas,Bangalore,333,5,43.5,49.15
Beans,Pune,461,4,32.5,35.03
Brinjal,Patna,369,1,20.5,19.47
Onion,Delhi,343,7,32.0,36.79
Cabbage,Kolkata,647,4,15.0,15.18
Cauliflower,Pune,235,6,25.0,26.94
Peas,Hyderabad,121,6,54.0,62.1
Beans,Mumbai,307,8,55.5,66.87
Beans,Kolkata,287,6,33.0,37.81
Beans,Mumbai,37,10,49.0,64.83
Peas,Delhi,378,2,35.0,37.17
Tomato,Mumbai,67,9,38.5,47.29
Spinach,Mumbai,112,7,28.5,33.93
Onion,Pune,758,5,30.0,31.2
Onion,Bangalore,911,3,23.5,24.59
Tomato,Hyderabad,219,1,22.5,22.96
Cauliflower,Chennai,231,2,22.5,22.42
Cauliflower,Patna,710,1,15.5,14.72
Onion,Pune,1917,1,29.0,28.92
Tomato,Patna,287,5,26.5,27.38
Onion,Chennai,545,4,31.0,33.51
Spinach,Delhi,51,3,17.5,18.12
Tomato,Bangalore,123,6,20.5,23.91
Tomato,Patna,122,1,17.0,16.23
Brinjal,Mumbai,385,10,37.0,44.22
Cabbage,Hyderabad,250,6,16.0,17.62
Tomato,Mumbai,68,10,40.0,50.05
Carrot,Bangalore,817,1,36.0,36.38
Potato,Bangalore,847,6,25.5,28.98
Beans,Kolkata,80,6,32.0,36.91
Potato,Delhi,415,7,19.5,22.29
Spinach,Delhi,163,7,18.0,19.92
Cabbage,Hyderabad,319,3,20.0,20.14
Brinjal,Bangalore,291,6,34.0,37.93
Cabbage,Chennai,562,7,19.0,20.13
Brinjal,Delhi,146,9,28.0,33.79
Tomato,Patna,212,2,31.0,29.45
Brinjal,Kolkata,289,2,24.0,23.11
Brinjal,Bangalore,197,7,29.5,33.38
Brinjal,Bangalore,314,3,24.0,26.07
Cabbage,Patna,569,5,12.0,11.6
Potato,Chennai,772,3,16.0,16.41
Onion,Kolkata,609,2,19.0,18.89
Peas,Delhi,201,5,53.5,61.36
Carrot,Kolkata,428,6,38.0,40.21
Carrot,Pune,321,5,27.5,30.44
Peas,Kolkata,235,5,60.0,65.2
Spinach,Chennai,76,6,17.0,19.65
Spinach,Bangalore,83,8,24.0,27.52
Spinach,Mumbai,67,7,24.5,28.33
Cauliflower,Pune,464,3,20.0,20.77
Brinjal,Mumbai,100,10,34.5,42.5
Potato,Chennai,515,10,19.0,22.33
Tomato,Chennai,545,10,33.5,38.15
Spinach,Mumbai,51,7,31.0,35.17
Potato,Chennai,894,2,17.5,17.32
Beans,Chennai,44,8,49.5,62.12
Tomato,Pune,427,4,26.0,25.63
Potato,Kolkata,1529,6,15.0,15.85
Potato,Kolkata,382,7,21.5,23.56
Cabbage,Kolkata,133,4,18.0,18.56
Cabbage,Pune,495,9,18.5,20.83
Brinjal,Delhi,832,9,28.5,31.56
Spinach,Hyderabad,138,6,24.0,25.81
Peas,Hyderabad,289,9,64.0,75.04
Beans,Pune,101,5,36.0,40.58
Onion,Delhi,607,1,25.0,26.65
Potato,Mumbai,347,7,18.0,21.42
Carrot,Hyderabad,265,2,32.5,33.24
Potato,Delhi,461,10,20.5,24.27
Onion,Kolkata,326,6,26.5,29.39
Cabbage,Patna,370,3,11.5,11.0
Potato,Hyderabad,627,7,22.0,25.1
Spinach,Patna,188,5,18.5,18.67
Cabbage,Bangalore,599,4,14.0,15.38
Cauliflower,Hyderabad,176,5,19.5,21.15
Spinach,Bangalore,75,7,29.0,33.46
Cauliflower,Patna,89,7,18.5,20.37
Cabbage,Mumbai,81,4,19.5,22.08
Onion,Chennai,431,8,31.0,35.65
Spinach,Patna,65,5,14.0,14.69
Tomato,Patna,400,5,24.5,24.87
Potato,Bangalore,963,5,19.5,21.96
Cabbage,Hyderabad,1018,8,20.5,22.27
Cauliflower,Kolkata,205,5,18.5,18.85
Carrot,Pune,195,6,41.5,46.79
Tomato,Pune,270,1,18.0,17.54
Tomato,Bangalore,184,6,21.0,24.1
Onion,Chennai,214,4,35.0,38.72
Tomato,Kolkata,206,1,17.5,16.62
Peas,Delhi,342,2,48.5,54.4
Carrot,Kolkata,497,6,38.5,39.93
Onion,Bangalore,334,3,20.5,22.55
Brinjal,Hyderabad,172,2,20.0,20.92
Carrot,Kolkata,285,6,36.5,38.48
Cabbage,Pune,504,3,13.5,13.22
Onion,Bangalore,737,6,32.5,36.68
Beans,Kolkata,461,6,41.0,44.87
Brinjal,Chennai,721,3,23.0,23.35
Peas,Bangalore,88,7,34.5,42.73
Beans,Patna,159,6,34.5,37.75
Tomato,Delhi,312,5,21.5,23.22
Tomato,Patna,326,8,33.5,35.72
Spinach,Pune,164,2,18.0,18.29
Carrot,Kolkata,447,5,38.0,40.2
Onion,Kolkata,832,5,19.5,20.7
Carrot,Chennai,301,8,22.5,25.74
Potato,Pune,1602,3,17.5,17.43
Spinach,Patna,74,2,17.5,16.99
Peas,Hyderabad,380,7,63.5,72.39
Carrot,Chennai,306,6,33.0,35.33
Tomato,Mumbai,339,4,18.5,19.21
Onion,Delhi,364,6,35.0,40.14
Onion,Delhi,1578,6,27.0,29.63
Cauliflower,Chennai,652,6,22.5,23.8
Potato,Bangalore,470,5,17.0,19.01
Cauliflower,Chennai,231,2,22.0,22.49
Spinach,Hyderabad,46,7,15.0,17.03
Cauliflower,Mumbai,188,7,22.5,26.58
Beans,Hyderabad,179,8,49.0,57.26
Beans,Kolkata,81,2,28.5,29.97
Cauliflower,Bangalore,129,7,26.0,29.91
Onion,Delhi,695,9,29.0,35.14
Cabbage,Delhi,474,10,20.0,23.65
Cauliflower,Delhi,460,8,28.5,33.03
Brinjal,Kolkata,342,7,35.0,38.44
Tomato,Hyderabad,186,3,19.0,19.51
Potato,Patna,1700,5,12.5,12.68
Peas,Chennai,198,6,60.5,69.84
Tomato,Hyderabad,238,7,20.0,21.63
Carrot,Chennai,285,3,28.5,31.35
Potato,Chennai,381,1,15.0,15.26
Peas,Mumbai,512,7,41.5,48.48
Tomato,Pune,263,4,17.0,17.08
Carrot,Hyderabad,250,6,40.5,44.38
Cabbage,Chennai,826,8,15.5,17.72
Peas,Chennai,124,6,60.5,69.61
Cauliflower,Hyderabad,427,5,17.5,18.62
Tomato,Hyderabad,384,5,28.0,29.77
Brinjal,Bangalore,353,6,25.0,27.12
Tomato,Hyderabad,216,4,19.0,18.94
Spinach,Hyderabad,39,3,16.5,17.45
Brinjal,Patna,450,6,20.0,21.01
Peas,Pune,99,4,41.0,46.81
Beans,Hyderabad,125,8,40.5,46.79
Brinjal,Delhi,354,8,30.0,34.91
Spinach,Bangalore,140,9,26.5,31.36
Spinach,Bangalore,48,7,23.0,26.79
Spinach,Hyderabad,177,6,20.5,22.24
Potato,Kolkata,856,4,15.0,16.06
Peas,Delhi,226,7,63.5,76.91
Cabbage,Pune,784,4,15.0,15.27
Cabbage,Mumbai,410,9,24.5,30.03
Cabbage,Mumbai,568,4,20.0,21.62
Spinach,Pune,28,6,17.5,19.42
Tomato,Kolkata,268,6,21.0,22.62
Cabbage,Pune,407,4,20.5,20.7
Cabbage,Bangalore,148,3,16.5,18.77
Tomato,Hyderabad,101,10,21.0,24.26
Tomato,Chennai,266,5,17.5,18.19
Spinach,Bangalore,56,9,24.5,29.8
Peas,Patna,327,2,30.5,30.35
Beans,Delhi,43,5,37.5,44.32
Carrot,Patna,144,4,24.0,24.72
Cauliflower,Chennai,279,3,30.5,31.26
Beans,Delhi,382,7,37.5,44.64
Peas,Kolkata,115,2,38.0,40.64
Cabbage,Patna,559,5,17.5,18.35
Onion,Bangalore,399,8,29.0,34.89
Cabbage,Mumbai,214,5,23.0,26.78
Cabbage,Hyderabad,211,5,15.5,16.53
Carrot,Bangalore,732,7,31.5,34.99
Tomato,Pune,343,1,21.5,21.01
Peas,Kolkata,213,6,60.0,65.82
Cabbage,Pune,406,3,14.0,13.79
Beans,Patna,191,8,47.0,51.37
Cabbage,Kolkata,252,4,19.0,20.22
Brinjal,Hyderabad,86,9,27.0,31.26
Cabbage,Bangalore,194,8,22.0,26.34
Potato,Chennai,1625,8,21.0,22.53
Cabbage,Bangalore,655,6,18.0,19.66
Tomato,Bangalore,165,1,19.5,20.48
Peas,Chennai,203,6,42.5,47.89
Beans,Delhi,355,8,46.5,55.13
Peas,Delhi,298,8,45.0,55.69
Potato,Kolkata,175,6,17.5,19.65
Carrot,Delhi,84,8,34.5,40.62
Peas,Kolkata,148,7,40.5,45.89
Carrot,Chennai,512,6,38.0,41.87
Potato,Kolkata,1038,10,18.5,20.3
Cabbage,Kolkata,669,7,15.5,16.74
Cabbage,Delhi,491,4,16.5,17.35
Cabbage,Delhi,365,6,20.0,22.62
Tomato,Patna,794,4,15.5,14.72
Brinjal,Mumbai,167,3,26.0,27.86
Cabbage,Bangalore,168,2,16.0,17.51
Cabbage,Bangalore,952,5,17.5,19.02
Potato,Bangalore,199,6,22.5,26.78
Peas,Mumbai,105,10,63.5,80.13
Beans,Delhi,226,10,56.5,69.41
Beans,Delhi,277,8,55.5,66.97
Peas,Hyderabad,151,5,37.0,40.95
Potato,Mumbai,408,4,18.5,20.06
Tomato,Chennai,314,5,34.5,37.12
Potato,Bangalore,583,7,23.0,26.44
Peas,Pune,448,8,46.0,53.4
Tomato,Bangalore,326,5,22.0,24.32
Tomato,Chennai,223,4,22.5,23.62
Brinjal,Chennai,129,3,24.0,25.13
Cabbage,Mumbai,828,7,16.0,18.14
Spinach,Chennai,73,3,21.5,22.11
Cabbage,Patna,429,3,14.0,13.3
Carrot,Pune,170,5,40.0,44.78
Cabbage,Hyderabad,248,3,20.5,20.9
Peas,Pune,59,7,55.5,66.26
Spinach,Patna,162,5,21.0,20.71
Potato,Kolkata,184,1,15.0,14.87
Cabbage,Kolkata,493,6,12.5,13.04
Peas,Kolkata,439,5,33.0,36.26
Carrot,Chennai,214,10,42.0,49.32
Peas,Hyderabad,40,5,40.0,45.98
Cabbage,Bangalore,696,4,15.5,17.01
Cabbage,Chennai,341,2,15.5,15.72
Spinach,Patna,94,5,18.5,19.27
Peas,Mumbai,271,8,63.0,78.02
Carrot,Mumbai,436,8,34.5,40.01
Cabbage,Kolkata,259,5,15.0,15.33
Cabbage,Bangalore,538,2,17.5,18.82
Carrot,Patna,226,1,23.0,22.15
Beans,Hyderabad,159,7,43.5,49.81
Cabbage,Kolkata,425,7,19.0,20.19
Carrot,Chennai,137,6,48.0,53.79
Peas,Bangalore,112,8,36.0,44.21
Tomato,Hyderabad,98,5,26.5,29.03
Carrot,Pune,236,8,32.5,36.36
Spinach,Mumbai,122,8,22.5,26.1
Cabbage,Delhi,356,2,18.5,19.19
Peas,Bangalore,114,10,56.5,72.2
Cauliflower,Bangalore,327,6,35.5,39.43
Beans,Chennai,92,3,35.5,38.26
Brinjal,Kolkata,257,7,26.0,27.96
Tomato,Chennai,394,3,22.5,23.17
Peas,Bangalore,281,7,53.0,63.85
Onion,Pune,338,7,19.0,21.36
Cauliflower,Patna,103,6,16.0,17.48
Potato,Mumbai,336,4,19.0,20.56
Onion,Patna,753,3,21.5,20.91
Cauliflower,Delhi,614,7,37.5,41.74
Spinach,Mumbai,46,10,25.5,32.02
Potato,Mumbai,466,2,17.5,18.81
Potato,Chennai,1754,2,19.5,19.56
Cauliflower,Kolkata,416,2,14.5,14.26
Potato,Hyderabad,589,7,19.5,22.05
Tomato,Mumbai,499,1,22.0,22.4
Brinjal,Delhi,866,6,33.5,36.75
Cabbage,Mumbai,435,10,23.5,28.67
Cauliflower,Chennai,155,5,22.5,24.88
Peas,Patna,296,4,29.0,29.74
Beans,Kolkata,46,2,39.5,40.14
Potato,Pune,441,8,21.5,24.57
Beans,Pune,81,6,49.0,55.43
Peas,Mumbai,77,5,57.5,67.38
Onion,Patna,665,5,36.5,36.64
Peas,Delhi,136,5,37.5,42.54
Peas,Bangalore,161,8,53.0,65.78
Beans,Pune,375,10,50.5,59.11
Potato,Chennai,824,5,17.0,19.07
Carrot,Hyderabad,131,8,38.0,44.08
Onion,Kolkata,448,5,19.0,19.81
Beans,Delhi,217,7,50.5,59.66
Potato,Kolkata,529,2,16.0,15.75
Carrot,Pune,388,6,33.0,37.07
Cauliflower,Mumbai,157,6,24.0,28.32
Peas,Hyderabad,119,4,43.0,48.42
Onion,Hyderabad,448,7,39.5,44.86
Beans,Pune,144,3,33.5,35.55
Spinach,Patna,49,2,13.5,13.3
Cauliflower,Chennai,211,4,28.0,28.92
Potato,Chennai,663,9,17.0,19.97
Brinjal,Chennai,854,3,29.0,29.17
Potato,Pune,631,2,16.5,15.67
Potato,Chennai,672,3,16.5,18.13
Potato,Patna,1058,4,13.0,13.13
Carrot,Mumbai,672,4,44.5,46.28
Spinach,Chennai,42,6,28.5,32.54
Onion,Hyderabad,337,9,44.0,51.72
Carrot,Mumbai,492,7,40.5,47.21
Brinjal,Patna,637,6,22.5,24.06
Brinjal,Delhi,126,8,25.0,29.59
