crop,location,year,month,season,avg_market_price,prev_demand,festival_flag,rainfall_mm,temperature_c,demand_kg
Tomato,Delhi,2022,1,Winter,26.27,5250,0,24.6,32.9,7900.0
Tomato,Delhi,2022,2,Winter,25.6,7900,0,0.0,28.0,7872.0
Tomato,Delhi,2022,3,Summer,27.21,7872,0,19.7,24.2,7293.0
Tomato,Delhi,2022,4,Summer,27.39,7293,0,21.0,23.9,5446.0
Tomato,Delhi,2022,5,Summer,28.72,5446,0,72.1,19.6,4015.0
Tomato,Delhi,2022,6,Monsoon,29.76,4015,0,144.5,21.2,2712.0
Tomato,Delhi,2022,7,Monsoon,28.99,2712,0,187.4,25.0,2232.0
Tomato,Delhi,2022,8,Monsoon,31.04,2232,0,200.1,30.6,2112.0
Tomato,Delhi,2022,9,Monsoon,28.35,2112,0,139.6,33.3,3553.0
Tomato,Delhi,2022,10,Autumn,25.58,3553,1,64.9,36.5,5989.0
Tomato,Delhi,2022,11,Autumn,25.04,5989,1,31.1,39.8,7877.0
Tomato,Delhi,2022,12,Winter,26.64,7877,0,21.8,38.1,8003.0
Tomato,Delhi,2023,1,Winter,26.4,8003,0,30.2,34.6,8487.0
Tomato,Delhi,2023,2,Winter,25.55,8487,0,0.0,29.5,7918.0
Tomato,Delhi,2023,3,Summer,25.57,7918,0,15.9,27.7,7417.0
Tomato,Delhi,2023,4,Summer,27.79,7417,0,0.0,21.7,5919.0
Tomato,Delhi,2023,5,Summer,27.85,5919,0,77.3,22.2,4031.0
Tomato,Delhi,2023,6,Monsoon,27.13,4031,0,160.1,21.9,2482.0
Tomato,Delhi,2023,7,Monsoon,29.32,2482,0,180.1,26.2,2271.0
Tomato,Delhi,2023,8,Monsoon,29.79,2271,0,187.5,30.2,2200.0
Tomato,Delhi,2023,9,Monsoon,27.83,2200,0,154.1,33.5,3107.0
Tomato,Delhi,2023,10,Autumn,26.9,3107,1,48.6,38.5,5634.0
Tomato,Delhi,2023,11,Autumn,27.71,5634,1,27.2,39.7,7599.0
Tomato,Delhi,2023,12,Winter,23.85,7599,0,13.7,37.7,7496.0
Tomato,Delhi,2024,1,Winter,27.34,7496,0,0.2,33.0,7846.0
Tomato,Delhi,2024,2,Winter,26.5,7846,0,14.3,31.9,8161.0
Tomato,Delhi,2024,3,Summer,26.25,8161,0,6.0,25.2,7044.0
Tomato,Delhi,2024,4,Summer,28.99,7044,0,32.6,19.6,5678.0
Tomato,Delhi,2024,5,Summer,29.29,5678,0,57.7,18.8,3904.0
Tomato,Delhi,2024,6,Monsoon,32.02,3904,0,150.8,22.2,2581.0
Tomato,Delhi,2024,7,Monsoon,30.3,2581,0,178.5,25.8,2476.0
Tomato,Delhi,2024,8,Monsoon,31.83,2476,0,206.4,30.5,1898.0
Tomato,Delhi,2024,9,Monsoon,28.64,1898,0,137.7,33.1,2702.0
Tomato,Delhi,2024,10,Autumn,26.33,2702,1,76.1,37.5,5228.0
Tomato,Delhi,2024,11,Autumn,30.38,5228,1,24.7,40.3,8361.0
Tomato,Delhi,2024,12,Winter,24.01,8361,0,26.2,36.3,8222.0
Tomato,Mumbai,2022,1,Winter,24.36,5670,0,7.8,33.9,8226.0
Tomato,Mumbai,2022,2,Winter,25.2,8226,0,36.0,30.2,8192.0
Tomato,Mumbai,2022,3,Summer,25.9,8192,0,0.0,24.8,8181.0
Tomato,Mumbai,2022,4,Summer,26.03,8181,0,22.0,23.7,5894.0
Tomato,Mumbai,2022,5,Summer,30.47,5894,0,52.1,19.9,4028.0
Tomato,Mumbai,2022,6,Monsoon,29.35,4028,0,159.9,20.9,3050.0
Tomato,Mumbai,2022,7,Monsoon,27.33,3050,0,191.5,25.4,2530.0
Tomato,Mumbai,2022,8,Monsoon,26.25,2530,0,187.0,28.2,2686.0
Tomato,Mumbai,2022,9,Monsoon,27.32,2686,0,171.0,34.7,3673.0
Tomato,Mumbai,2022,10,Autumn,26.16,3673,1,86.2,38.1,6563.0
Tomato,Mumbai,2022,11,Autumn,26.23,6563,1,26.4,41.3,7995.0
Tomato,Mumbai,2022,12,Winter,27.84,7995,0,0.0,40.3,8341.0
Tomato,Mumbai,2023,1,Winter,24.45,8341,0,14.3,36.7,8634.0
Tomato,Mumbai,2023,2,Winter,26.2,8634,0,29.6,29.4,8559.0
Tomato,Mumbai,2023,3,Summer,26.91,8559,0,25.1,27.6,7858.0
Tomato,Mumbai,2023,4,Summer,26.38,7858,0,0.0,22.1,5790.0
Tomato,Mumbai,2023,5,Summer,29.62,5790,0,53.4,20.5,3857.0
Tomato,Mumbai,2023,6,Monsoon,28.45,3857,0,147.7,21.5,3253.0
Tomato,Mumbai,2023,7,Monsoon,28.9,3253,0,201.9,27.5,2135.0
Tomato,Mumbai,2023,8,Monsoon,29.16,2135,0,190.5,30.4,2064.0
Tomato,Mumbai,2023,9,Monsoon,31.86,2064,0,148.6,34.8,3926.0
Tomato,Mumbai,2023,10,Autumn,25.51,3926,1,53.8,37.4,6069.0
Tomato,Mumbai,2023,11,Autumn,25.76,6069,1,24.7,40.8,8081.0
Tomato,Mumbai,2023,12,Winter,24.72,8081,0,0.0,37.6,8343.0
Tomato,Mumbai,2024,1,Winter,24.32,8343,0,6.8,34.4,8444.0
Tomato,Mumbai,2024,2,Winter,25.46,8444,0,51.9,28.1,9215.0
Tomato,Mumbai,2024,3,Summer,27.07,9215,0,63.6,23.7,7914.0
Tomato,Mumbai,2024,4,Summer,28.04,7914,0,45.9,20.7,6430.0
Tomato,Mumbai,2024,5,Summer,29.0,6430,0,73.1,20.4,4020.0
Tomato,Mumbai,2024,6,Monsoon,30.1,4020,0,143.7,21.8,2713.0
Tomato,Mumbai,2024,7,Monsoon,30.21,2713,0,200.9,27.0,2316.0
Tomato,Mumbai,2024,8,Monsoon,28.77,2316,0,194.7,30.0,2596.0
Tomato,Mumbai,2024,9,Monsoon,31.39,2596,0,145.8,37.6,3569.0
Tomato,Mumbai,2024,10,Autumn,30.05,3569,1,55.1,36.1,6125.0
Tomato,Mumbai,2024,11,Autumn,28.88,6125,1,27.2,36.4,8372.0
Tomato,Mumbai,2024,12,Winter,27.36,8372,0,3.3,37.1,8529.0
Tomato,Pune,2022,1,Winter,24.87,4200,0,15.6,34.3,6165.0
Tomato,Pune,2022,2,Winter,25.09,6165,0,42.1,26.2,6402.0
Tomato,Pune,2022,3,Summer,23.52,6402,0,24.4,24.9,5858.0
Tomato,Pune,2022,4,Summer,27.94,5858,0,45.9,19.9,4470.0
Tomato,Pune,2022,5,Summer,27.02,4470,0,65.7,19.4,3617.0
Tomato,Pune,2022,6,Monsoon,29.69,3617,0,156.0,24.8,2388.0
Tomato,Pune,2022,7,Monsoon,29.41,2388,0,220.0,26.2,1613.0
Tomato,Pune,2022,8,Monsoon,29.43,1613,0,194.9,29.0,1465.0
Tomato,Pune,2022,9,Monsoon,29.13,1465,0,159.0,34.2,2637.0
Tomato,Pune,2022,10,Autumn,24.53,2637,1,93.9,38.9,4595.0
Tomato,Pune,2022,11,Autumn,28.09,4595,1,2.4,38.2,6264.0
Tomato,Pune,2022,12,Winter,25.47,6264,0,9.5,36.3,6063.0
Tomato,Pune,2023,1,Winter,27.62,6063,0,9.9,35.0,6657.0
Tomato,Pune,2023,2,Winter,26.31,6657,0,0.0,30.5,6545.0
Tomato,Pune,2023,3,Summer,25.95,6545,0,44.2,22.4,5882.0
Tomato,Pune,2023,4,Summer,28.08,5882,0,0.0,24.4,4767.0
Tomato,Pune,2023,5,Summer,29.84,4767,0,58.0,22.2,3333.0
Tomato,Pune,2023,6,Monsoon,27.7,3333,0,150.8,22.6,2236.0
Tomato,Pune,2023,7,Monsoon,30.52,2236,0,191.6,26.1,1365.0
Tomato,Pune,2023,8,Monsoon,27.87,1365,0,192.0,32.2,1544.0
Tomato,Pune,2023,9,Monsoon,28.36,1544,0,150.3,35.8,2832.0
Tomato,Pune,2023,10,Autumn,28.34,2832,1,79.4,39.1,5126.0
Tomato,Pune,2023,11,Autumn,29.03,5126,1,16.9,36.0,6090.0
Tomato,Pune,2023,12,Winter,23.97,6090,0,21.6,39.8,6059.0
Tomato,Pune,2024,1,Winter,27.4,6059,0,0.0,33.3,6642.0
Tomato,Pune,2024,2,Winter,23.76,6642,0,24.1,27.9,6533.0
Tomato,Pune,2024,3,Summer,28.57,6533,0,12.9,26.2,5681.0
Tomato,Pune,2024,4,Summer,29.13,5681,0,31.4,22.5,4293.0
Tomato,Pune,2024,5,Summer,30.34,4293,0,63.9,21.3,3040.0
Tomato,Pune,2024,6,Monsoon,29.61,3040,0,155.1,21.8,2346.0
Tomato,Pune,2024,7,Monsoon,27.92,2346,0,164.0,23.6,1171.0
Tomato,Pune,2024,8,Monsoon,29.38,1171,0,183.7,31.1,1709.0
Tomato,Pune,2024,9,Monsoon,29.09,1709,0,163.6,36.5,2848.0
Tomato,Pune,2024,10,Autumn,27.55,2848,1,68.0,36.5,4195.0
Tomato,Pune,2024,11,Autumn,28.71,4195,1,6.7,38.5,6417.0
Tomato,Pune,2024,12,Winter,25.54,6417,0,0.0,38.4,6525.0
Tomato,Bangalore,2022,1,Winter,26.52,4830,0,18.0,31.8,6812.0
Tomato,Bangalore,2022,2,Winter,24.51,6812,0,12.0,28.4,7380.0
Tomato,Bangalore,2022,3,Summer,26.48,7380,0,17.2,26.0,6922.0
Tomato,Bangalore,2022,4,Summer,28.23,6922,0,14.9,20.0,5186.0
Tomato,Bangalore,2022,5,Summer,27.31,5186,0,83.3,21.6,3892.0
Tomato,Bangalore,2022,6,Monsoon,28.14,3892,0,176.5,25.3,2657.0
Tomato,Bangalore,2022,7,Monsoon,28.71,2657,0,210.0,24.2,1965.0
Tomato,Bangalore,2022,8,Monsoon,25.82,1965,0,198.6,28.7,1589.0
Tomato,Bangalore,2022,9,Monsoon,27.08,1589,0,130.5,33.8,3454.0
Tomato,Bangalore,2022,10,Autumn,27.22,3454,1,83.2,36.4,5198.0
Tomato,Bangalore,2022,11,Autumn,26.84,5198,1,15.7,39.3,6948.0
Tomato,Bangalore,2022,12,Winter,25.43,6948,0,36.0,36.1,8013.0
Tomato,Bangalore,2023,1,Winter,26.13,8013,0,23.3,36.6,7963.0
Tomato,Bangalore,2023,2,Winter,25.12,7963,0,19.1,29.7,7648.0
Tomato,Bangalore,2023,3,Summer,28.3,7648,0,7.2,26.5,6654.0
Tomato,Bangalore,2023,4,Summer,27.13,6654,0,15.7,22.9,5521.0
Tomato,Bangalore,2023,5,Summer,25.55,5521,0,39.1,20.5,3497.0
Tomato,Bangalore,2023,6,Monsoon,27.9,3497,0,167.7,23.5,2089.0
Tomato,Bangalore,2023,7,Monsoon,32.51,2089,0,149.4,24.7,1871.0
Tomato,Bangalore,2023,8,Monsoon,26.73,1871,0,185.5,30.7,2059.0
Tomato,Bangalore,2023,9,Monsoon,29.45,2059,0,148.8,34.4,3023.0
Tomato,Bangalore,2023,10,Autumn,28.82,3023,1,76.6,36.8,5630.0
Tomato,Bangalore,2023,11,Autumn,28.65,5630,1,5.4,37.7,7042.0
Tomato,Bangalore,2023,12,Winter,28.25,7042,0,41.1,37.1,7232.0
Tomato,Bangalore,2024,1,Winter,26.27,7232,0,23.9,36.8,7323.0
Tomato,Bangalore,2024,2,Winter,24.8,7323,0,13.3,30.7,7559.0
Tomato,Bangalore,2024,3,Summer,24.23,7559,0,11.9,27.2,6428.0
Tomato,Bangalore,2024,4,Summer,28.73,6428,0,0.0,21.0,5090.0
Tomato,Bangalore,2024,5,Summer,29.47,5090,0,62.8,20.8,3405.0
Tomato,Bangalore,2024,6,Monsoon,30.32,3405,0,157.9,23.2,2592.0
Tomato,Bangalore,2024,7,Monsoon,29.87,2592,0,198.3,28.6,1837.0
Tomato,Bangalore,2024,8,Monsoon,28.04,1837,0,182.6,28.5,1839.0
Tomato,Bangalore,2024,9,Monsoon,29.26,1839,0,146.2,35.0,2654.0
Tomato,Bangalore,2024,10,Autumn,28.16,2654,1,80.1,38.9,4897.0
Tomato,Bangalore,2024,11,Autumn,25.56,4897,1,28.2,39.3,6993.0
Tomato,Bangalore,2024,12,Winter,27.26,6993,0,23.9,36.4,6791.0
Tomato,Kolkata,2022,1,Winter,24.87,4620,0,40.0,36.4,6836.0
Tomato,Kolkata,2022,2,Winter,25.01,6836,0,0.0,28.3,6709.0
Tomato,Kolkata,2022,3,Summer,24.33,6709,0,30.7,28.5,6003.0
Tomato,Kolkata,2022,4,Summer,25.02,6003,0,23.5,24.6,5066.0
Tomato,Kolkata,2022,5,Summer,25.7,5066,0,93.9,18.5,3584.0
Tomato,Kolkata,2022,6,Monsoon,28.38,3584,0,139.5,23.4,1981.0
Tomato,Kolkata,2022,7,Monsoon,30.03,1981,0,201.6,24.6,1529.0
Tomato,Kolkata,2022,8,Monsoon,29.11,1529,0,184.3,30.8,2033.0
Tomato,Kolkata,2022,9,Monsoon,26.04,2033,0,122.0,35.3,2996.0
Tomato,Kolkata,2022,10,Autumn,25.6,2996,1,45.2,38.5,4703.0
Tomato,Kolkata,2022,11,Autumn,25.12,4703,1,30.7,39.4,7129.0
Tomato,Kolkata,2022,12,Winter,25.8,7129,0,13.4,37.8,6882.0
Tomato,Kolkata,2023,1,Winter,25.42,6882,0,27.1,33.7,7661.0
Tomato,Kolkata,2023,2,Winter,28.46,7661,0,4.4,26.4,7809.0
Tomato,Kolkata,2023,3,Summer,26.35,7809,0,13.9,22.6,6366.0
Tomato,Kolkata,2023,4,Summer,28.37,6366,0,17.2,20.5,5126.0
Tomato,Kolkata,2023,5,Summer,31.21,5126,0,44.2,22.0,3588.0
Tomato,Kolkata,2023,6,Monsoon,29.77,3588,0,142.2,22.0,1948.0
Tomato,Kolkata,2023,7,Monsoon,31.71,1948,0,196.3,24.9,1596.0
Tomato,Kolkata,2023,8,Monsoon,29.73,1596,0,218.9,28.3,1973.0
Tomato,Kolkata,2023,9,Monsoon,30.04,1973,0,134.2,34.8,2691.0
Tomato,Kolkata,2023,10,Autumn,26.3,2691,1,41.2,37.8,4865.0
Tomato,Kolkata,2023,11,Autumn,24.52,4865,1,18.8,36.4,6921.0
Tomato,Kolkata,2023,12,Winter,27.31,6921,0,12.2,33.9,7029.0
Tomato,Kolkata,2024,1,Winter,27.95,7029,0,9.3,32.5,7336.0
Tomato,Kolkata,2024,2,Winter,27.54,7336,0,55.7,30.6,7004.0
Tomato,Kolkata,2024,3,Summer,29.34,7004,0,32.3,26.4,6004.0
Tomato,Kolkata,2024,4,Summer,29.49,6004,0,13.5,21.5,5270.0
Tomato,Kolkata,2024,5,Summer,29.63,5270,0,59.7,20.4,3559.0
Tomato,Kolkata,2024,6,Monsoon,28.62,3559,0,161.6,18.8,2229.0
Tomato,Kolkata,2024,7,Monsoon,28.71,2229,0,159.1,24.1,1777.0
Tomato,Kolkata,2024,8,Monsoon,28.34,1777,0,210.6,29.6,1964.0
Tomato,Kolkata,2024,9,Monsoon,27.92,1964,0,163.0,33.0,2984.0
Tomato,Kolkata,2024,10,Autumn,28.37,2984,1,63.3,38.8,5161.0
Tomato,Kolkata,2024,11,Autumn,27.29,5161,1,4.5,39.0,6435.0
Tomato,Kolkata,2024,12,Winter,26.5,6435,0,0.0,38.8,6575.0
Tomato,Patna,2022,1,Winter,22.03,3150,0,18.6,36.2,4412.0
Tomato,Patna,2022,2,Winter,25.82,4412,0,6.2,32.2,4844.0
Tomato,Patna,2022,3,Summer,26.6,4844,0,2.9,23.8,4274.0
Tomato,Patna,2022,4,Summer,27.12,4274,0,28.2,21.9,3425.0
Tomato,Patna,2022,5,Summer,25.22,3425,0,78.3,22.2,2110.0
Tomato,Patna,2022,6,Monsoon,26.61,2110,0,162.3,24.0,1266.0
Tomato,Patna,2022,7,Monsoon,30.76,1266,0,195.4,26.9,1161.0
Tomato,Patna,2022,8,Monsoon,28.06,1161,0,188.3,28.7,1262.0
Tomato,Patna,2022,9,Monsoon,29.99,1262,0,132.1,37.6,2049.0
Tomato,Patna,2022,10,Autumn,27.63,2049,1,52.8,39.1,3473.0
Tomato,Patna,2022,11,Autumn,27.01,3473,1,38.7,40.0,4722.0
Tomato,Patna,2022,12,Winter,25.54,4722,0,25.1,35.1,4680.0
Tomato,Patna,2023,1,Winter,28.42,4680,0,0.8,37.0,5129.0
Tomato,Patna,2023,2,Winter,26.23,5129,0,23.8,32.0,4903.0
Tomato,Patna,2023,3,Summer,26.86,4903,0,3.6,26.1,4023.0
Tomato,Patna,2023,4,Summer,30.08,4023,0,19.2,22.1,3407.0
Tomato,Patna,2023,5,Summer,28.4,3407,0,66.8,21.4,2390.0
Tomato,Patna,2023,6,Monsoon,27.87,2390,0,131.0,22.0,1430.0
Tomato,Patna,2023,7,Monsoon,26.62,1430,0,201.5,26.1,1211.0
Tomato,Patna,2023,8,Monsoon,30.35,1211,0,208.8,31.6,1253.0
Tomato,Patna,2023,9,Monsoon,28.82,1253,0,134.6,32.9,1940.0
Tomato,Patna,2023,10,Autumn,27.37,1940,1,85.9,39.4,3135.0
Tomato,Patna,2023,11,Autumn,26.5,3135,1,15.2,39.3,4424.0
Tomato,Patna,2023,12,Winter,25.33,4424,0,23.8,37.0,4776.0
Tomato,Patna,2024,1,Winter,27.16,4776,0,14.0,34.9,4721.0
Tomato,Patna,2024,2,Winter,25.37,4721,0,12.8,32.2,4391.0
Tomato,Patna,2024,3,Summer,27.63,4391,0,0.0,25.5,4095.0
Tomato,Patna,2024,4,Summer,28.94,4095,0,38.2,18.2,3587.0
Tomato,Patna,2024,5,Summer,28.14,3587,0,49.7,20.4,2313.0
Tomato,Patna,2024,6,Monsoon,32.35,2313,0,142.4,24.3,1433.0
Tomato,Patna,2024,7,Monsoon,32.45,1433,0,222.4,25.6,1018.0
Tomato,Patna,2024,8,Monsoon,34.23,1018,0,195.8,30.5,1241.0
Tomato,Patna,2024,9,Monsoon,28.68,1241,0,136.7,36.0,1776.0
Tomato,Patna,2024,10,Autumn,28.78,1776,1,80.2,37.8,3287.0
Tomato,Patna,2024,11,Autumn,24.87,3287,1,25.0,39.6,4750.0
Tomato,Patna,2024,12,Winter,26.91,4750,0,5.3,35.6,4764.0
Tomato,Hyderabad,2022,1,Winter,23.34,4410,0,9.6,35.7,6372.0
Tomato,Hyderabad,2022,2,Winter,25.81,6372,0,11.2,29.9,6358.0
Tomato,Hyderabad,2022,3,Summer,23.33,6358,0,30.9,25.6,5457.0
Tomato,Hyderabad,2022,4,Summer,26.59,5457,0,19.8,21.9,4646.0
Tomato,Hyderabad,2022,5,Summer,25.93,4646,0,70.0,22.4,3169.0
Tomato,Hyderabad,2022,6,Monsoon,29.79,3169,0,130.9,22.6,2139.0
Tomato,Hyderabad,2022,7,Monsoon,27.08,2139,0,156.3,22.9,1654.0
Tomato,Hyderabad,2022,8,Monsoon,27.61,1654,0,187.7,30.1,2188.0
Tomato,Hyderabad,2022,9,Monsoon,28.16,2188,0,137.1,33.2,2377.0
Tomato,Hyderabad,2022,10,Autumn,26.53,2377,1,72.4,37.9,5099.0
Tomato,Hyderabad,2022,11,Autumn,25.66,5099,1,10.7,42.1,6220.0
Tomato,Hyderabad,2022,12,Winter,24.37,6220,0,21.0,36.2,6738.0
Tomato,Hyderabad,2023,1,Winter,27.38,6738,0,28.3,33.6,7239.0
Tomato,Hyderabad,2023,2,Winter,28.12,7239,0,41.5,30.8,6270.0
Tomato,Hyderabad,2023,3,Summer,26.95,6270,0,15.2,24.2,5686.0
Tomato,Hyderabad,2023,4,Summer,27.32,5686,0,17.5,25.0,4796.0
Tomato,Hyderabad,2023,5,Summer,28.35,4796,0,63.1,21.1,3558.0
Tomato,Hyderabad,2023,6,Monsoon,29.34,3558,0,164.8,24.7,2500.0
Tomato,Hyderabad,2023,7,Monsoon,30.44,2500,0,176.6,25.4,2001.0
Tomato,Hyderabad,2023,8,Monsoon,29.6,2001,0,197.0,31.3,2245.0
Tomato,Hyderabad,2023,9,Monsoon,28.81,2245,0,151.6,34.0,1992.0
Tomato,Hyderabad,2023,10,Autumn,25.15,1992,1,72.3,32.3,4746.0
Tomato,Hyderabad,2023,11,Autumn,25.78,4746,1,27.2,37.3,6828.0
Tomato,Hyderabad,2023,12,Winter,26.21,6828,0,12.7,41.2,6834.0
Tomato,Hyderabad,2024,1,Winter,25.38,6834,0,44.3,34.7,6991.0
Tomato,Hyderabad,2024,2,Winter,26.64,6991,0,19.5,28.0,6557.0
Tomato,Hyderabad,2024,3,Summer,27.19,6557,0,33.9,25.6,5873.0
Tomato,Hyderabad,2024,4,Summer,26.99,5873,0,23.3,23.1,4469.0
Tomato,Hyderabad,2024,5,Summer,27.21,4469,0,83.2,20.4,3511.0
Tomato,Hyderabad,2024,6,Monsoon,30.1,3511,0,154.2,19.9,2510.0
Tomato,Hyderabad,2024,7,Monsoon,28.03,2510,0,199.5,26.4,1926.0
Tomato,Hyderabad,2024,8,Monsoon,31.0,1926,0,189.3,29.3,2260.0
Tomato,Hyderabad,2024,9,Monsoon,29.04,2260,0,174.2,36.5,2844.0
Tomato,Hyderabad,2024,10,Autumn,28.57,2844,1,78.1,38.0,4948.0
Tomato,Hyderabad,2024,11,Autumn,27.0,4948,1,19.1,37.9,6645.0
Tomato,Hyderabad,2024,12,Winter,27.93,6645,0,20.0,38.3,6526.0
Tomato,Chennai,2022,1,Winter,23.49,4200,0,31.3,35.1,6534.0
Tomato,Chennai,2022,2,Winter,23.96,6534,0,12.5,27.5,6228.0
Tomato,Chennai,2022,3,Summer,25.51,6228,0,20.8,25.1,5824.0
Tomato,Chennai,2022,4,Summer,27.31,5824,0,25.1,22.7,4719.0
Tomato,Chennai,2022,5,Summer,24.44,4719,0,35.0,20.5,3444.0
Tomato,Chennai,2022,6,Monsoon,29.71,3444,0,147.2,23.8,2290.0
Tomato,Chennai,2022,7,Monsoon,27.51,2290,0,186.4,26.2,1744.0
Tomato,Chennai,2022,8,Monsoon,29.17,1744,0,208.7,29.2,1965.0
Tomato,Chennai,2022,9,Monsoon,28.47,1965,0,133.0,36.0,2635.0
Tomato,Chennai,2022,10,Autumn,25.98,2635,1,55.2,36.5,4702.0
Tomato,Chennai,2022,11,Autumn,24.24,4702,1,5.7,39.7,6202.0
Tomato,Chennai,2022,12,Winter,23.49,6202,0,21.6,41.5,6788.0
Tomato,Chennai,2023,1,Winter,26.17,6788,0,22.2,35.1,6844.0
Tomato,Chennai,2023,2,Winter,25.57,6844,0,17.7,32.2,6797.0
Tomato,Chennai,2023,3,Summer,25.28,6797,0,10.3,25.4,5932.0
Tomato,Chennai,2023,4,Summer,27.28,5932,0,41.7,22.1,4311.0
Tomato,Chennai,2023,5,Summer,27.06,4311,0,63.1,18.6,3306.0
Tomato,Chennai,2023,6,Monsoon,28.09,3306,0,167.1,26.4,2606.0
Tomato,Chennai,2023,7,Monsoon,29.73,2606,0,197.5,25.3,1761.0
Tomato,Chennai,2023,8,Monsoon,26.95,1761,0,195.5,29.4,1489.0
Tomato,Chennai,2023,9,Monsoon,27.51,1489,0,157.1,34.1,2509.0
Tomato,Chennai,2023,10,Autumn,26.64,2509,1,78.5,38.1,4822.0
Tomato,Chennai,2023,11,Autumn,28.14,4822,1,43.7,39.7,6471.0
Tomato,Chennai,2023,12,Winter,27.05,6471,0,37.0,38.7,6502.0
Tomato,Chennai,2024,1,Winter,24.88,6502,0,3.5,35.6,6501.0
Tomato,Chennai,2024,2,Winter,29.08,6501,0,39.6,31.3,6245.0
Tomato,Chennai,2024,3,Summer,27.73,6245,0,2.7,25.1,5621.0
Tomato,Chennai,2024,4,Summer,28.88,5621,0,37.0,21.7,4214.0
Tomato,Chennai,2024,5,Summer,28.14,4214,0,73.3,21.0,3131.0
Tomato,Chennai,2024,6,Monsoon,32.26,3131,0,144.5,21.8,2056.0
Tomato,Chennai,2024,7,Monsoon,28.74,2056,0,190.2,22.4,1578.0
Tomato,Chennai,2024,8,Monsoon,29.55,1578,0,183.6,32.1,2081.0
Tomato,Chennai,2024,9,Monsoon,29.07,2081,0,148.2,34.6,2611.0
Tomato,Chennai,2024,10,Autumn,25.58,2611,1,92.4,34.3,4435.0
Tomato,Chennai,2024,11,Autumn,28.25,4435,1,20.2,40.0,5961.0
Tomato,Chennai,2024,12,Winter,27.25,5961,0,35.3,39.3,6480.0
Potato,Delhi,2022,1,Winter,22.49,7500,0,24.1,33.7,9489.0
Potato,Delhi,2022,2,Winter,18.55,9489,0,20.0,32.2,8553.0
Potato,Delhi,2022,3,Summer,22.26,8553,0,2.2,25.0,7080.0
Potato,Delhi,2022,4,Summer,26.7,7080,0,5.2,20.9,6987.0
Potato,Delhi,2022,5,Summer,22.12,6987,0,60.4,20.5,4562.0
Potato,Delhi,2022,6,Monsoon,23.78,4562,0,145.5,20.7,3753.0
Potato,Delhi,2022,7,Monsoon,24.24,3753,0,182.4,25.7,4742.0
Potato,Delhi,2022,8,Monsoon,22.14,4742,0,174.1,31.3,5954.0
Potato,Delhi,2022,9,Monsoon,22.18,5954,0,147.1,32.4,7268.0
Potato,Delhi,2022,10,Autumn,24.12,7268,1,75.8,37.6,10530.0
Potato,Delhi,2022,11,Autumn,24.22,10530,1,16.2,40.1,12745.0
Potato,Delhi,2022,12,Winter,23.42,12745,0,1.6,36.4,10557.0
Potato,Delhi,2023,1,Winter,22.77,10557,0,0.2,33.8,10151.0
Potato,Delhi,2023,2,Winter,21.66,10151,0,10.2,29.0,8899.0
Potato,Delhi,2023,3,Summer,24.56,8899,0,54.2,25.9,7578.0
Potato,Delhi,2023,4,Summer,20.27,7578,0,17.2,21.1,5809.0
Potato,Delhi,2023,5,Summer,22.79,5809,0,39.4,17.6,5709.0
Potato,Delhi,2023,6,Monsoon,25.22,5709,0,146.6,24.1,5083.0
Potato,Delhi,2023,7,Monsoon,25.48,5083,0,180.4,26.3,4603.0
Potato,Delhi,2023,8,Monsoon,23.21,4603,0,202.3,30.8,5101.0
Potato,Delhi,2023,9,Monsoon,23.78,5101,0,129.5,34.6,6506.0
Potato,Delhi,2023,10,Autumn,23.53,6506,1,67.0,38.7,10597.0
Potato,Delhi,2023,11,Autumn,24.53,10597,1,39.2,37.5,11634.0
Potato,Delhi,2023,12,Winter,21.42,11634,0,35.7,37.9,9982.0
Potato,Delhi,2024,1,Winter,24.2,9982,0,17.4,32.2,10708.0
Potato,Delhi,2024,2,Winter,22.32,10708,0,8.0,30.5,9138.0
Potato,Delhi,2024,3,Summer,26.46,9138,0,31.6,25.4,7603.0
Potato,Delhi,2024,4,Summer,25.81,7603,0,35.0,22.4,6123.0
Potato,Delhi,2024,5,Summer,24.03,6123,0,65.8,20.8,5465.0
Potato,Delhi,2024,6,Monsoon,27.53,5465,0,157.0,23.1,5274.0
Potato,Delhi,2024,7,Monsoon,24.32,5274,0,188.2,26.1,4942.0
Potato,Delhi,2024,8,Monsoon,25.21,4942,0,184.9,32.4,5557.0
Potato,Delhi,2024,9,Monsoon,21.2,5557,0,165.2,31.2,7377.0
Potato,Delhi,2024,10,Autumn,21.48,7377,1,67.5,38.2,10147.0
Potato,Delhi,2024,11,Autumn,23.08,10147,1,50.1,40.2,11592.0
Potato,Delhi,2024,12,Winter,23.02,11592,0,14.1,34.6,11133.0
Potato,Mumbai,2022,1,Winter,19.89,8100,0,0.0,33.5,9777.0
Potato,Mumbai,2022,2,Winter,22.84,9777,0,20.8,26.9,10084.0
Potato,Mumbai,2022,3,Summer,21.23,10084,0,16.2,21.8,9211.0
Potato,Mumbai,2022,4,Summer,21.61,9211,0,0.0,21.7,7562.0
Potato,Mumbai,2022,5,Summer,24.52,7562,0,56.5,21.6,6703.0
Potato,Mumbai,2022,6,Monsoon,21.82,6703,0,144.2,22.8,5897.0
Potato,Mumbai,2022,7,Monsoon,23.7,5897,0,182.5,24.7,4636.0
Potato,Mumbai,2022,8,Monsoon,23.67,4636,0,197.3,31.5,5194.0
Potato,Mumbai,2022,9,Monsoon,19.99,5194,0,145.4,35.6,6885.0
Potato,Mumbai,2022,10,Autumn,22.56,6885,1,79.7,38.2,11581.0
Potato,Mumbai,2022,11,Autumn,25.31,11581,1,27.0,40.0,12741.0
Potato,Mumbai,2022,12,Winter,21.95,12741,0,8.0,38.4,11435.0
Potato,Mumbai,2023,1,Winter,22.63,11435,0,4.5,38.0,10670.0
Potato,Mumbai,2023,2,Winter,22.31,10670,0,33.7,29.8,10225.0
Potato,Mumbai,2023,3,Summer,26.0,10225,0,0.6,26.0,8778.0
Potato,Mumbai,2023,4,Summer,23.41,8778,0,14.4,21.4,6903.0
Potato,Mumbai,2023,5,Summer,22.04,6903,0,60.9,22.4,6115.0
Potato,Mumbai,2023,6,Monsoon,23.06,6115,0,141.6,22.8,5793.0
Potato,Mumbai,2023,7,Monsoon,22.34,5793,0,212.6,26.9,5792.0
Potato,Mumbai,2023,8,Monsoon,23.95,5792,0,199.9,27.6,6426.0
Potato,Mumbai,2023,9,Monsoon,23.73,6426,0,155.6,34.8,8354.0
Potato,Mumbai,2023,10,Autumn,22.22,8354,1,85.0,33.5,10971.0
Potato,Mumbai,2023,11,Autumn,23.93,10971,1,0.0,39.1,12192.0
Potato,Mumbai,2023,12,Winter,21.06,12192,0,25.0,36.4,12290.0
Potato,Mumbai,2024,1,Winter,20.22,12290,0,11.9,35.2,12193.0
Potato,Mumbai,2024,2,Winter,24.15,12193,0,29.0,29.7,9610.0
Potato,Mumbai,2024,3,Summer,23.73,9610,0,37.7,25.0,8204.0
Potato,Mumbai,2024,4,Summer,25.06,8204,0,11.3,23.2,7167.0
Potato,Mumbai,2024,5,Summer,24.61,7167,0,66.5,21.8,6794.0
Potato,Mumbai,2024,6,Monsoon,27.29,6794,0,123.8,24.1,4823.0
Potato,Mumbai,2024,7,Monsoon,26.56,4823,0,227.3,27.0,5072.0
Potato,Mumbai,2024,8,Monsoon,25.25,5072,0,190.6,29.7,6726.0
Potato,Mumbai,2024,9,Monsoon,25.17,6726,0,150.0,33.1,8133.0
Potato,Mumbai,2024,10,Autumn,22.96,8133,1,76.4,38.9,10529.0
Potato,Mumbai,2024,11,Autumn,23.17,10529,1,7.0,36.5,12584.0
Potato,Mumbai,2024,12,Winter,20.91,12584,0,13.4,33.4,12217.0
Potato,Pune,2022,1,Winter,19.56,6000,0,10.0,35.0,8125.0
Potato,Pune,2022,2,Winter,25.24,8125,0,17.8,30.4,7912.0
Potato,Pune,2022,3,Summer,22.16,7912,0,15.4,24.6,6658.0
Potato,Pune,2022,4,Summer,25.31,6658,0,18.4,21.6,5157.0
Potato,Pune,2022,5,Summer,26.23,5157,0,101.1,21.1,4274.0
Potato,Pune,2022,6,Monsoon,22.71,4274,0,161.7,21.1,3909.0
Potato,Pune,2022,7,Monsoon,21.93,3909,0,208.7,25.6,3408.0
Potato,Pune,2022,8,Monsoon,23.41,3408,0,172.5,27.3,4816.0
Potato,Pune,2022,9,Monsoon,22.35,4816,0,147.1,31.1,5632.0
Potato,Pune,2022,10,Autumn,21.43,5632,1,98.0,35.6,8675.0
Potato,Pune,2022,11,Autumn,21.67,8675,1,26.7,39.8,9714.0
Potato,Pune,2022,12,Winter,22.57,9714,0,31.7,36.6,8223.0
Potato,Pune,2023,1,Winter,21.31,8223,0,24.9,34.8,8120.0
Potato,Pune,2023,2,Winter,22.16,8120,0,10.7,28.4,7029.0
Potato,Pune,2023,3,Summer,24.32,7029,0,24.8,23.8,5786.0
Potato,Pune,2023,4,Summer,25.84,5786,0,11.5,21.3,5089.0
Potato,Pune,2023,5,Summer,21.51,5089,0,63.4,21.7,4208.0
Potato,Pune,2023,6,Monsoon,24.74,4208,0,177.2,22.4,3880.0
Potato,Pune,2023,7,Monsoon,22.11,3880,0,207.3,22.5,3963.0
Potato,Pune,2023,8,Monsoon,23.54,3963,0,183.1,32.0,3848.0
Potato,Pune,2023,9,Monsoon,22.99,3848,0,128.3,30.4,5372.0
Potato,Pune,2023,10,Autumn,24.34,5372,1,60.2,39.4,7877.0
Potato,Pune,2023,11,Autumn,22.95,7877,1,0.0,39.9,9481.0
Potato,Pune,2023,12,Winter,24.81,9481,0,34.7,36.0,8269.0
Potato,Pune,2024,1,Winter,21.54,8269,0,31.2,32.0,8681.0
Potato,Pune,2024,2,Winter,23.67,8681,0,16.1,31.3,7499.0
Potato,Pune,2024,3,Summer,21.53,7499,0,40.5,25.1,6095.0
Potato,Pune,2024,4,Summer,22.51,6095,0,28.3,22.8,4853.0
Potato,Pune,2024,5,Summer,23.27,4853,0,57.9,20.5,3903.0
Potato,Pune,2024,6,Monsoon,26.51,3903,0,136.4,23.4,3529.0
Potato,Pune,2024,7,Monsoon,24.05,3529,0,188.0,25.7,3352.0
Potato,Pune,2024,8,Monsoon,23.07,3352,0,179.8,29.0,4460.0
Potato,Pune,2024,9,Monsoon,24.05,4460,0,158.2,32.1,5485.0
Potato,Pune,2024,10,Autumn,21.3,5485,1,71.7,37.8,7573.0
Potato,Pune,2024,11,Autumn,19.74,7573,1,20.4,40.5,9482.0
Potato,Pune,2024,12,Winter,23.43,9482,0,37.8,37.6,8389.0
Potato,Bangalore,2022,1,Winter,18.23,6900,0,18.2,32.1,9158.0
Potato,Bangalore,2022,2,Winter,20.04,9158,0,5.2,29.3,7955.0
Potato,Bangalore,2022,3,Summer,23.15,7955,0,17.4,24.4,7328.0
Potato,Bangalore,2022,4,Summer,25.47,7328,0,24.8,22.6,5461.0
Potato,Bangalore,2022,5,Summer,25.5,5461,0,65.8,22.7,4089.0
Potato,Bangalore,2022,6,Monsoon,24.61,4089,0,142.6,24.2,4150.0
Potato,Bangalore,2022,7,Monsoon,24.13,4150,0,190.6,24.9,4255.0
Potato,Bangalore,2022,8,Monsoon,22.31,4255,0,193.2,30.1,5400.0
Potato,Bangalore,2022,9,Monsoon,23.07,5400,0,191.0,31.8,6171.0
Potato,Bangalore,2022,10,Autumn,23.05,6171,1,75.2,37.9,9647.0
Potato,Bangalore,2022,11,Autumn,18.23,9647,1,22.9,40.7,11678.0
Potato,Bangalore,2022,12,Winter,19.63,11678,0,25.6,39.4,9868.0
Potato,Bangalore,2023,1,Winter,22.57,9868,0,22.2,34.5,9872.0
Potato,Bangalore,2023,2,Winter,22.67,9872,0,0.0,31.5,8580.0
Potato,Bangalore,2023,3,Summer,19.94,8580,0,0.0,26.3,7630.0
Potato,Bangalore,2023,4,Summer,23.81,7630,0,0.0,22.3,6495.0
Potato,Bangalore,2023,5,Summer,23.75,6495,0,63.9,20.0,5498.0
Potato,Bangalore,2023,6,Monsoon,24.31,5498,0,155.3,21.6,3776.0
Potato,Bangalore,2023,7,Monsoon,25.52,3776,0,199.7,22.9,4289.0
Potato,Bangalore,2023,8,Monsoon,23.84,4289,0,229.7,28.3,5893.0
Potato,Bangalore,2023,9,Monsoon,23.63,5893,0,165.2,33.5,6605.0
Potato,Bangalore,2023,10,Autumn,22.53,6605,1,70.8,36.7,8617.0
Potato,Bangalore,2023,11,Autumn,21.86,8617,1,22.0,39.7,10021.0
Potato,Bangalore,2023,12,Winter,20.98,10021,0,34.8,38.3,9654.0
Potato,Bangalore,2024,1,Winter,22.09,9654,0,0.0,33.0,9888.0
Potato,Bangalore,2024,2,Winter,22.59,9888,0,10.4,31.0,8773.0
Potato,Bangalore,2024,3,Summer,23.27,8773,0,17.9,26.8,6692.0
Potato,Bangalore,2024,4,Summer,22.95,6692,0,0.0,21.4,5964.0
Potato,Bangalore,2024,5,Summer,22.76,5964,0,59.6,24.6,4942.0
Potato,Bangalore,2024,6,Monsoon,25.58,4942,0,130.4,21.5,3304.0
Potato,Bangalore,2024,7,Monsoon,24.56,3304,0,197.4,28.4,4245.0
Potato,Bangalore,2024,8,Monsoon,23.89,4245,0,209.2,29.8,4199.0
Potato,Bangalore,2024,9,Monsoon,22.6,4199,0,156.9,34.3,6256.0
Potato,Bangalore,2024,10,Autumn,24.19,6256,1,57.8,37.0,8604.0
Potato,Bangalore,2024,11,Autumn,21.91,8604,1,35.7,36.9,11481.0
Potato,Bangalore,2024,12,Winter,21.34,11481,0,36.9,37.9,9909.0
Potato,Kolkata,2022,1,Winter,21.38,6600,0,21.1,34.6,8315.0
Potato,Kolkata,2022,2,Winter,21.26,8315,0,16.8,27.8,8396.0
Potato,Kolkata,2022,3,Summer,21.47,8396,0,0.0,25.2,7104.0
Potato,Kolkata,2022,4,Summer,23.97,7104,0,14.2,24.4,5177.0
Potato,Kolkata,2022,5,Summer,22.92,5177,0,76.7,19.8,4635.0
Potato,Kolkata,2022,6,Monsoon,22.82,4635,0,139.9,23.5,3862.0
Potato,Kolkata,2022,7,Monsoon,25.27,3862,0,184.0,24.7,4368.0
Potato,Kolkata,2022,8,Monsoon,21.82,4368,0,219.5,33.4,5059.0
Potato,Kolkata,2022,9,Monsoon,21.74,5059,0,129.6,33.3,5799.0
Potato,Kolkata,2022,10,Autumn,20.28,5799,1,50.8,37.6,9124.0
Potato,Kolkata,2022,11,Autumn,20.88,9124,1,6.2,43.2,10493.0
Potato,Kolkata,2022,12,Winter,22.91,10493,0,0.6,40.4,9653.0
Potato,Kolkata,2023,1,Winter,20.61,9653,0,0.0,34.8,9685.0
Potato,Kolkata,2023,2,Winter,19.25,9685,0,32.1,30.1,8027.0
Potato,Kolkata,2023,3,Summer,24.87,8027,0,30.3,27.3,6269.0
Potato,Kolkata,2023,4,Summer,21.66,6269,0,24.5,23.7,5531.0
Potato,Kolkata,2023,5,Summer,21.87,5531,0,70.7,20.5,4492.0
Potato,Kolkata,2023,6,Monsoon,23.85,4492,0,142.4,22.0,3875.0
Potato,Kolkata,2023,7,Monsoon,24.04,3875,0,193.3,26.2,3983.0
Potato,Kolkata,2023,8,Monsoon,24.65,3983,0,195.3,27.1,4884.0
Potato,Kolkata,2023,9,Monsoon,20.59,4884,0,147.9,35.9,5411.0
Potato,Kolkata,2023,10,Autumn,22.9,5411,1,70.7,37.8,8458.0
Potato,Kolkata,2023,11,Autumn,22.85,8458,1,30.0,40.4,10156.0
Potato,Kolkata,2023,12,Winter,23.71,10156,0,0.0,38.9,9690.0
Potato,Kolkata,2024,1,Winter,24.05,9690,0,6.8,35.5,9664.0
Potato,Kolkata,2024,2,Winter,24.39,9664,0,6.9,29.7,8331.0
Potato,Kolkata,2024,3,Summer,24.83,8331,0,3.2,26.1,7011.0
Potato,Kolkata,2024,4,Summer,26.77,7011,0,23.3,21.8,5261.0
Potato,Kolkata,2024,5,Summer,26.43,5261,0,57.8,21.0,3869.0
Potato,Kolkata,2024,6,Monsoon,25.42,3869,0,127.6,19.1,3424.0
Potato,Kolkata,2024,7,Monsoon,24.3,3424,0,188.1,26.5,4120.0
Potato,Kolkata,2024,8,Monsoon,25.36,4120,0,189.4,31.0,4631.0
Potato,Kolkata,2024,9,Monsoon,24.57,4631,0,144.7,36.1,5497.0
Potato,Kolkata,2024,10,Autumn,25.32,5497,1,76.4,36.2,9020.0
Potato,Kolkata,2024,11,Autumn,22.55,9020,1,24.3,39.2,10674.0
Potato,Kolkata,2024,12,Winter,23.88,10674,0,14.4,38.1,9338.0
Potato,Patna,2022,1,Winter,20.02,4500,0,10.8,32.7,5215.0
Potato,Patna,2022,2,Winter,23.98,5215,0,30.9,32.7,4875.0
Potato,Patna,2022,3,Summer,21.98,4875,0,30.9,27.6,4622.0
Potato,Patna,2022,4,Summer,21.77,4622,0,0.0,22.6,3914.0
Potato,Patna,2022,5,Summer,25.16,3914,0,43.2,21.8,2910.0
Potato,Patna,2022,6,Monsoon,23.53,2910,0,130.2,19.0,2562.0
Potato,Patna,2022,7,Monsoon,23.1,2562,0,170.6,26.2,2521.0
Potato,Patna,2022,8,Monsoon,24.1,2521,0,185.5,31.6,3237.0
Potato,Patna,2022,9,Monsoon,22.67,3237,0,156.6,32.8,4202.0
Potato,Patna,2022,10,Autumn,20.89,4202,1,59.5,38.4,6192.0
Potato,Patna,2022,11,Autumn,23.18,6192,1,28.3,34.6,6266.0
Potato,Patna,2022,12,Winter,20.9,6266,0,10.8,39.3,5918.0
Potato,Patna,2023,1,Winter,19.49,5918,0,3.6,36.0,6379.0
Potato,Patna,2023,2,Winter,21.84,6379,0,19.2,28.2,5373.0
Potato,Patna,2023,3,Summer,20.91,5373,0,33.0,26.6,4631.0
Potato,Patna,2023,4,Summer,22.09,4631,0,7.1,24.1,4289.0
Potato,Patna,2023,5,Summer,23.51,4289,0,66.1,19.3,3031.0
Potato,Patna,2023,6,Monsoon,22.92,3031,0,128.2,22.3,2174.0
Potato,Patna,2023,7,Monsoon,23.41,2174,0,188.2,22.8,2459.0
Potato,Patna,2023,8,Monsoon,24.06,2459,0,180.8,33.0,3325.0
Potato,Patna,2023,9,Monsoon,23.62,3325,0,120.6,33.5,3897.0
Potato,Patna,2023,10,Autumn,22.26,3897,1,80.2,36.0,5792.0
Potato,Patna,2023,11,Autumn,21.8,5792,1,22.5,38.0,6953.0
Potato,Patna,2023,12,Winter,22.33,6953,0,9.0,38.5,6433.0
Potato,Patna,2024,1,Winter,22.51,6433,0,13.5,35.7,6059.0
Potato,Patna,2024,2,Winter,21.46,6059,0,21.6,32.5,5783.0
Potato,Patna,2024,3,Summer,26.22,5783,0,0.0,25.8,4868.0
Potato,Patna,2024,4,Summer,24.74,4868,0,22.6,21.4,3794.0
Potato,Patna,2024,5,Summer,25.47,3794,0,54.8,20.6,2878.0
Potato,Patna,2024,6,Monsoon,25.93,2878,0,135.2,20.2,2809.0
Potato,Patna,2024,7,Monsoon,25.32,2809,0,197.3,26.9,2928.0
Potato,Patna,2024,8,Monsoon,23.96,2928,0,198.4,29.9,3971.0
Potato,Patna,2024,9,Monsoon,24.63,3971,0,140.5,33.5,4378.0
Potato,Patna,2024,10,Autumn,23.21,4378,1,45.5,39.5,5752.0
Potato,Patna,2024,11,Autumn,21.07,5752,1,37.8,39.9,7501.0
Potato,Patna,2024,12,Winter,24.89,7501,0,29.9,37.8,6586.0
Potato,Hyderabad,2022,1,Winter,22.33,6300,0,19.6,33.5,8110.0
Potato,Hyderabad,2022,2,Winter,22.16,8110,0,20.2,28.8,7668.0
Potato,Hyderabad,2022,3,Summer,23.41,7668,0,0.0,23.3,5630.0
Potato,Hyderabad,2022,4,Summer,25.09,5630,0,23.1,21.5,4939.0
Potato,Hyderabad,2022,5,Summer,23.89,4939,0,76.5,20.4,4564.0
Potato,Hyderabad,2022,6,Monsoon,22.51,4564,0,140.3,23.7,4072.0
Potato,Hyderabad,2022,7,Monsoon,26.41,4072,0,207.7,26.5,3707.0
Potato,Hyderabad,2022,8,Monsoon,24.19,3707,0,173.2,28.5,4838.0
Potato,Hyderabad,2022,9,Monsoon,23.69,4838,0,148.8,32.8,5430.0
Potato,Hyderabad,2022,10,Autumn,22.49,5430,1,84.0,42.1,8542.0
Potato,Hyderabad,2022,11,Autumn,20.67,8542,1,12.6,36.3,9539.0
Potato,Hyderabad,2022,12,Winter,21.72,9539,0,0.0,40.4,9149.0
Potato,Hyderabad,2023,1,Winter,23.53,9149,0,15.4,34.2,8606.0
Potato,Hyderabad,2023,2,Winter,22.18,8606,0,28.0,29.7,7286.0
Potato,Hyderabad,2023,3,Summer,23.4,7286,0,0.0,25.1,6032.0
Potato,Hyderabad,2023,4,Summer,20.96,6032,0,19.5,22.3,4963.0
Potato,Hyderabad,2023,5,Summer,22.85,4963,0,72.7,21.6,4372.0
Potato,Hyderabad,2023,6,Monsoon,24.51,4372,0,162.6,23.4,3690.0
Potato,Hyderabad,2023,7,Monsoon,24.74,3690,0,184.4,26.2,4178.0
Potato,Hyderabad,2023,8,Monsoon,24.11,4178,0,195.8,31.2,5060.0
Potato,Hyderabad,2023,9,Monsoon,20.79,5060,0,160.3,33.3,6588.0
Potato,Hyderabad,2023,10,Autumn,21.66,6588,1,70.4,35.2,8920.0
Potato,Hyderabad,2023,11,Autumn,24.14,8920,1,15.8,38.2,9582.0
Potato,Hyderabad,2023,12,Winter,22.55,9582,0,8.0,38.1,9187.0
Potato,Hyderabad,2024,1,Winter,23.53,9187,0,33.7,34.8,8530.0
Potato,Hyderabad,2024,2,Winter,23.64,8530,0,20.9,30.2,8062.0
Potato,Hyderabad,2024,3,Summer,22.89,8062,0,28.3,25.6,6748.0
Potato,Hyderabad,2024,4,Summer,27.79,6748,0,19.6,22.5,5153.0
Potato,Hyderabad,2024,5,Summer,25.33,5153,0,72.9,22.6,5193.0
Potato,Hyderabad,2024,6,Monsoon,24.26,5193,0,141.6,22.7,3950.0
Potato,Hyderabad,2024,7,Monsoon,25.64,3950,0,197.6,26.8,4459.0
Potato,Hyderabad,2024,8,Monsoon,28.48,4459,0,192.4,29.5,4896.0
Potato,Hyderabad,2024,9,Monsoon,22.7,4896,0,136.5,33.5,6285.0
Potato,Hyderabad,2024,10,Autumn,23.25,6285,1,61.1,38.0,8797.0
Potato,Hyderabad,2024,11,Autumn,23.16,8797,1,7.3,37.4,10194.0
Potato,Hyderabad,2024,12,Winter,23.61,10194,0,25.0,36.6,8850.0
Potato,Chennai,2022,1,Winter,23.33,6000,0,12.2,33.1,7760.0
Potato,Chennai,2022,2,Winter,25.92,7760,0,29.1,31.9,6646.0
Potato,Chennai,2022,3,Summer,21.43,6646,0,8.9,24.6,5785.0
Potato,Chennai,2022,4,Summer,23.73,5785,0,15.5,20.4,5030.0
Potato,Chennai,2022,5,Summer,24.57,5030,0,73.8,21.8,4013.0
Potato,Chennai,2022,6,Monsoon,21.29,4013,0,179.1,22.6,3342.0
Potato,Chennai,2022,7,Monsoon,23.56,3342,0,167.8,25.5,3565.0
Potato,Chennai,2022,8,Monsoon,24.28,3565,0,224.0,30.8,4085.0
Potato,Chennai,2022,9,Monsoon,22.86,4085,0,132.3,34.6,4833.0
Potato,Chennai,2022,10,Autumn,21.68,4833,1,63.9,37.8,7564.0
Potato,Chennai,2022,11,Autumn,21.64,7564,1,11.9,38.7,9535.0
Potato,Chennai,2022,12,Winter,20.7,9535,0,36.2,37.4,8867.0
Potato,Chennai,2023,1,Winter,23.28,8867,0,29.2,33.8,8603.0
Potato,Chennai,2023,2,Winter,21.45,8603,0,39.4,32.7,7567.0
Potato,Chennai,2023,3,Summer,22.41,7567,0,20.2,25.4,5849.0
Potato,Chennai,2023,4,Summer,24.1,5849,0,21.4,21.1,4734.0
Potato,Chennai,2023,5,Summer,24.67,4734,0,50.1,21.4,4280.0
Potato,Chennai,2023,6,Monsoon,25.32,4280,0,180.1,22.6,3301.0
Potato,Chennai,2023,7,Monsoon,23.17,3301,0,174.6,27.9,3354.0
Potato,Chennai,2023,8,Monsoon,22.72,3354,0,193.3,29.9,4296.0
Potato,Chennai,2023,9,Monsoon,21.37,4296,0,165.7,33.3,5915.0
Potato,Chennai,2023,10,Autumn,20.44,5915,1,74.0,36.9,7884.0
Potato,Chennai,2023,11,Autumn,20.73,7884,1,19.2,40.7,9385.0
Potato,Chennai,2023,12,Winter,23.45,9385,0,30.1,34.2,8192.0
Potato,Chennai,2024,1,Winter,24.36,8192,0,25.0,34.9,8258.0
Potato,Chennai,2024,2,Winter,23.53,8258,0,0.0,28.8,7364.0
Potato,Chennai,2024,3,Summer,24.87,7364,0,27.2,26.7,6206.0
Potato,Chennai,2024,4,Summer,25.28,6206,0,0.0,21.5,4693.0
Potato,Chennai,2024,5,Summer,25.37,4693,0,76.1,22.4,2944.0
Potato,Chennai,2024,6,Monsoon,24.61,2944,0,128.1,25.0,2667.0
Potato,Chennai,2024,7,Monsoon,26.74,2667,0,212.4,25.5,3590.0
Potato,Chennai,2024,8,Monsoon,25.68,3590,0,200.7,30.5,5224.0
Potato,Chennai,2024,9,Monsoon,24.64,5224,0,161.8,32.1,6154.0
Potato,Chennai,2024,10,Autumn,24.97,6154,1,84.6,37.2,8455.0
Potato,Chennai,2024,11,Autumn,22.13,8455,1,58.6,37.9,9420.0
Potato,Chennai,2024,12,Winter,18.79,9420,0,12.6,36.5,8563.0
Onion,Delhi,2022,1,Winter,33.56,6500,0,25.5,33.8,6370.0
Onion,Delhi,2022,2,Winter,32.88,6370,0,39.4,30.4,5167.0
Onion,Delhi,2022,3,Summer,33.05,5167,0,40.5,25.6,3942.0
Onion,Delhi,2022,4,Summer,35.72,3942,0,15.7,22.8,2938.0
Onion,Delhi,2022,5,Summer,33.95,2938,0,72.9,22.9,3212.0
Onion,Delhi,2022,6,Monsoon,28.61,3212,0,111.5,23.0,5004.0
Onion,Delhi,2022,7,Monsoon,29.58,5004,0,196.4,27.0,5510.0
Onion,Delhi,2022,8,Monsoon,29.28,5510,0,197.8,29.9,7585.0
Onion,Delhi,2022,9,Monsoon,30.8,7585,0,188.8,35.8,9297.0
Onion,Delhi,2022,10,Autumn,26.22,9297,1,88.8,37.5,11507.0
Onion,Delhi,2022,11,Autumn,29.09,11507,1,32.2,37.5,11344.0
Onion,Delhi,2022,12,Winter,30.89,11344,0,42.5,38.9,9220.0
Onion,Delhi,2023,1,Winter,30.14,9220,0,19.4,34.8,6322.0
Onion,Delhi,2023,2,Winter,34.39,6322,0,22.3,30.5,5601.0
Onion,Delhi,2023,3,Summer,32.87,5601,0,43.5,24.0,4102.0
Onion,Delhi,2023,4,Summer,35.17,4102,0,58.0,24.4,2953.0
Onion,Delhi,2023,5,Summer,31.82,2953,0,53.3,22.2,3200.0
Onion,Delhi,2023,6,Monsoon,32.2,3200,0,145.6,24.6,3331.0
Onion,Delhi,2023,7,Monsoon,31.86,3331,0,201.4,24.5,5575.0
Onion,Delhi,2023,8,Monsoon,28.75,5575,0,189.8,31.2,7390.0
Onion,Delhi,2023,9,Monsoon,27.99,7390,0,157.5,33.6,9298.0
Onion,Delhi,2023,10,Autumn,27.25,9298,1,83.4,37.7,11817.0
Onion,Delhi,2023,11,Autumn,29.0,11817,1,0.0,39.5,11242.0
Onion,Delhi,2023,12,Winter,30.0,11242,0,13.4,37.5,9215.0
Onion,Delhi,2024,1,Winter,33.15,9215,0,13.3,36.0,6787.0
Onion,Delhi,2024,2,Winter,34.09,6787,0,7.0,27.5,4978.0
Onion,Delhi,2024,3,Summer,33.1,4978,0,0.0,24.7,4365.0
Onion,Delhi,2024,4,Summer,36.16,4365,0,0.0,20.0,3661.0
Onion,Delhi,2024,5,Summer,35.22,3661,0,55.4,20.1,2433.0
Onion,Delhi,2024,6,Monsoon,35.85,2433,0,119.4,21.8,3791.0
Onion,Delhi,2024,7,Monsoon,35.7,3791,0,195.4,27.2,5355.0
Onion,Delhi,2024,8,Monsoon,29.7,5355,0,193.6,32.7,7900.0
Onion,Delhi,2024,9,Monsoon,30.81,7900,0,132.0,34.7,8693.0
Onion,Delhi,2024,10,Autumn,32.29,8693,1,51.8,38.2,11148.0
Onion,Delhi,2024,11,Autumn,29.79,11148,1,21.1,39.9,11785.0
Onion,Delhi,2024,12,Winter,31.3,11785,0,32.3,41.7,8893.0
Onion,Mumbai,2022,1,Winter,30.1,7020,0,31.5,35.7,6847.0
Onion,Mumbai,2022,2,Winter,31.14,6847,0,28.1,28.8,5567.0
Onion,Mumbai,2022,3,Summer,29.78,5567,0,34.9,24.6,3426.0
Onion,Mumbai,2022,4,Summer,32.38,3426,0,1.1,20.2,2722.0
Onion,Mumbai,2022,5,Summer,31.74,2722,0,56.0,19.8,4005.0
Onion,Mumbai,2022,6,Monsoon,31.07,4005,0,157.2,22.2,4626.0
Onion,Mumbai,2022,7,Monsoon,29.58,4626,0,198.8,26.4,6425.0
Onion,Mumbai,2022,8,Monsoon,31.04,6425,0,163.4,30.3,8103.0
Onion,Mumbai,2022,9,Monsoon,29.64,8103,0,174.5,33.2,9702.0
Onion,Mumbai,2022,10,Autumn,29.25,9702,1,65.1,37.6,12653.0
Onion,Mumbai,2022,11,Autumn,30.48,12653,1,40.7,39.0,12248.0
Onion,Mumbai,2022,12,Winter,31.5,12248,0,31.5,36.7,10605.0
Onion,Mumbai,2023,1,Winter,31.03,10605,0,18.2,31.2,8396.0
Onion,Mumbai,2023,2,Winter,34.11,8396,0,28.3,30.4,6008.0
Onion,Mumbai,2023,3,Summer,35.49,6008,0,38.3,26.9,4278.0
Onion,Mumbai,2023,4,Summer,32.76,4278,0,33.6,21.7,4141.0
Onion,Mumbai,2023,5,Summer,33.53,4141,0,69.8,22.2,3487.0
Onion,Mumbai,2023,6,Monsoon,33.48,3487,0,147.4,24.4,3870.0
Onion,Mumbai,2023,7,Monsoon,31.5,3870,0,190.6,28.2,5392.0
Onion,Mumbai,2023,8,Monsoon,30.8,5392,0,222.3,31.0,7794.0
Onion,Mumbai,2023,9,Monsoon,31.85,7794,0,163.5,33.7,9788.0
Onion,Mumbai,2023,10,Autumn,29.76,9788,1,70.3,38.0,12739.0
Onion,Mumbai,2023,11,Autumn,31.1,12739,1,7.0,36.6,12807.0
Onion,Mumbai,2023,12,Winter,30.45,12807,0,27.2,38.4,10185.0
Onion,Mumbai,2024,1,Winter,32.32,10185,0,19.3,33.8,8574.0
Onion,Mumbai,2024,2,Winter,31.33,8574,0,0.0,30.7,5908.0
Onion,Mumbai,2024,3,Summer,34.9,5908,0,13.5,22.4,3964.0
Onion,Mumbai,2024,4,Summer,36.62,3964,0,0.0,23.5,3824.0
Onion,Mumbai,2024,5,Summer,36.22,3824,0,72.0,21.1,4261.0
Onion,Mumbai,2024,6,Monsoon,33.96,4261,0,164.3,20.8,4945.0
Onion,Mumbai,2024,7,Monsoon,35.94,4945,0,166.7,26.2,6529.0
Onion,Mumbai,2024,8,Monsoon,31.72,6529,0,216.0,30.3,8363.0
Onion,Mumbai,2024,9,Monsoon,32.92,8363,0,135.0,33.1,10249.0
Onion,Mumbai,2024,10,Autumn,30.78,10249,1,51.7,39.2,12518.0
Onion,Mumbai,2024,11,Autumn,31.26,12518,1,26.9,40.5,13074.0
Onion,Mumbai,2024,12,Winter,30.66,13074,0,24.6,38.7,10822.0
Onion,Pune,2022,1,Winter,28.59,5200,0,27.0,35.6,4997.0
Onion,Pune,2022,2,Winter,29.04,4997,0,38.6,30.4,4470.0
Onion,Pune,2022,3,Summer,32.24,4470,0,11.8,27.6,3195.0
Onion,Pune,2022,4,Summer,31.2,3195,0,37.7,20.9,2512.0
Onion,Pune,2022,5,Summer,30.02,2512,0,79.0,19.0,2983.0
Onion,Pune,2022,6,Monsoon,29.12,2983,0,138.2,21.6,3421.0
Onion,Pune,2022,7,Monsoon,29.77,3421,0,193.8,26.9,5255.0
Onion,Pune,2022,8,Monsoon,32.13,5255,0,183.6,29.0,6217.0
Onion,Pune,2022,9,Monsoon,31.23,6217,0,139.0,34.3,7660.0
Onion,Pune,2022,10,Autumn,29.23,7660,1,54.3,37.7,8927.0
Onion,Pune,2022,11,Autumn,30.93,8927,1,19.2,39.0,9535.0
Onion,Pune,2022,12,Winter,30.9,9535,0,15.1,37.5,7107.0
Onion,Pune,2023,1,Winter,30.44,7107,0,28.8,34.4,5361.0
Onion,Pune,2023,2,Winter,35.0,5361,0,41.7,29.8,3850.0
Onion,Pune,2023,3,Summer,31.88,3850,0,24.4,29.1,2398.0
Onion,Pune,2023,4,Summer,33.57,2398,0,39.3,21.0,2101.0
Onion,Pune,2023,5,Summer,33.11,2101,0,70.6,19.6,2646.0
Onion,Pune,2023,6,Monsoon,32.21,2646,0,132.2,21.2,2987.0
Onion,Pune,2023,7,Monsoon,31.24,2987,0,187.5,25.7,4491.0
Onion,Pune,2023,8,Monsoon,31.87,4491,0,193.6,29.0,6414.0
Onion,Pune,2023,9,Monsoon,29.91,6414,0,140.3,35.2,7415.0
Onion,Pune,2023,10,Autumn,27.52,7415,1,90.1,38.6,9380.0
Onion,Pune,2023,11,Autumn,31.64,9380,1,38.5,38.7,9029.0
Onion,Pune,2023,12,Winter,28.44,9029,0,0.0,38.0,7182.0
Onion,Pune,2024,1,Winter,30.96,7182,0,39.3,31.6,5337.0
Onion,Pune,2024,2,Winter,35.64,5337,0,19.1,29.5,4278.0
Onion,Pune,2024,3,Summer,34.91,4278,0,27.4,25.7,2713.0
Onion,Pune,2024,4,Summer,35.78,2713,0,32.9,20.5,2649.0
Onion,Pune,2024,5,Summer,34.92,2649,0,69.8,20.7,1681.0
Onion,Pune,2024,6,Monsoon,33.61,1681,0,151.8,22.0,3352.0
Onion,Pune,2024,7,Monsoon,32.56,3352,0,192.7,23.8,4636.0
Onion,Pune,2024,8,Monsoon,33.28,4636,0,195.6,30.2,5609.0
Onion,Pune,2024,9,Monsoon,28.72,5609,0,149.9,36.4,7198.0
Onion,Pune,2024,10,Autumn,29.63,7198,1,57.8,37.2,9051.0
Onion,Pune,2024,11,Autumn,29.51,9051,1,47.6,37.1,8837.0
Onion,Pune,2024,12,Winter,31.79,8837,0,45.9,37.1,6956.0
Onion,Bangalore,2022,1,Winter,34.29,5980,0,5.8,34.1,6317.0
Onion,Bangalore,2022,2,Winter,30.55,6317,0,7.2,31.0,4210.0
Onion,Bangalore,2022,3,Summer,33.82,4210,0,35.3,27.2,3152.0
Onion,Bangalore,2022,4,Summer,33.14,3152,0,17.5,23.3,2620.0
Onion,Bangalore,2022,5,Summer,33.87,2620,0,42.3,21.2,2492.0
Onion,Bangalore,2022,6,Monsoon,32.77,2492,0,156.9,22.7,4107.0
Onion,Bangalore,2022,7,Monsoon,30.1,4107,0,183.4,23.1,5805.0
Onion,Bangalore,2022,8,Monsoon,27.42,5805,0,185.7,29.0,7836.0
Onion,Bangalore,2022,9,Monsoon,30.69,7836,0,159.7,35.7,8682.0
Onion,Bangalore,2022,10,Autumn,28.5,8682,1,62.9,37.5,11557.0
Onion,Bangalore,2022,11,Autumn,29.99,11557,1,28.3,38.3,10533.0
Onion,Bangalore,2022,12,Winter,30.67,10533,0,42.6,36.8,8671.0
Onion,Bangalore,2023,1,Winter,31.82,8671,0,25.8,34.6,6564.0
Onion,Bangalore,2023,2,Winter,34.77,6564,0,11.3,29.3,4710.0
Onion,Bangalore,2023,3,Summer,34.9,4710,0,8.2,24.7,3647.0
Onion,Bangalore,2023,4,Summer,34.4,3647,0,28.4,21.8,2607.0
Onion,Bangalore,2023,5,Summer,34.58,2607,0,62.7,22.5,2539.0
Onion,Bangalore,2023,6,Monsoon,35.12,2539,0,134.4,22.4,3037.0
Onion,Bangalore,2023,7,Monsoon,30.91,3037,0,198.0,23.4,5052.0
Onion,Bangalore,2023,8,Monsoon,30.91,5052,0,187.6,29.2,6694.0
Onion,Bangalore,2023,9,Monsoon,31.3,6694,0,125.3,35.7,8481.0
Onion,Bangalore,2023,10,Autumn,30.95,8481,1,43.5,38.2,10098.0
Onion,Bangalore,2023,11,Autumn,32.82,10098,1,20.1,38.8,11114.0
Onion,Bangalore,2023,12,Winter,29.62,11114,0,0.0,41.5,8826.0
Onion,Bangalore,2024,1,Winter,33.44,8826,0,34.6,33.0,6522.0
Onion,Bangalore,2024,2,Winter,35.36,6522,0,28.3,30.3,4743.0
Onion,Bangalore,2024,3,Summer,35.17,4743,0,17.5,27.1,3665.0
Onion,Bangalore,2024,4,Summer,33.81,3665,0,10.0,20.6,2642.0
Onion,Bangalore,2024,5,Summer,34.14,2642,0,78.4,22.5,3430.0
Onion,Bangalore,2024,6,Monsoon,32.53,3430,0,167.8,22.6,4599.0
Onion,Bangalore,2024,7,Monsoon,32.28,4599,0,193.0,25.7,5203.0
Onion,Bangalore,2024,8,Monsoon,30.73,5203,0,171.8,30.9,8034.0
Onion,Bangalore,2024,9,Monsoon,31.86,8034,0,131.0,32.6,9039.0
Onion,Bangalore,2024,10,Autumn,28.32,9039,1,67.6,38.7,10464.0
Onion,Bangalore,2024,11,Autumn,31.31,10464,1,3.9,36.2,9767.0
Onion,Bangalore,2024,12,Winter,30.66,9767,0,0.2,37.0,8240.0
Onion,Kolkata,2022,1,Winter,31.9,5720,0,24.6,35.8,6039.0
Onion,Kolkata,2022,2,Winter,32.44,6039,0,20.0,30.5,4612.0
Onion,Kolkata,2022,3,Summer,31.21,4612,0,14.0,25.0,3560.0
Onion,Kolkata,2022,4,Summer,31.66,3560,0,18.6,21.2,2413.0
Onion,Kolkata,2022,5,Summer,31.15,2413,0,81.3,21.1,3146.0
Onion,Kolkata,2022,6,Monsoon,33.15,3146,0,138.9,20.1,3622.0
Onion,Kolkata,2022,7,Monsoon,32.45,3622,0,187.7,25.6,5086.0
Onion,Kolkata,2022,8,Monsoon,29.29,5086,0,175.9,30.8,7361.0
Onion,Kolkata,2022,9,Monsoon,29.83,7361,0,147.3,31.1,8776.0
Onion,Kolkata,2022,10,Autumn,27.67,8776,1,90.2,40.5,10615.0
Onion,Kolkata,2022,11,Autumn,27.55,10615,1,9.2,39.3,10183.0
Onion,Kolkata,2022,12,Winter,31.09,10183,0,9.9,39.1,8033.0
Onion,Kolkata,2023,1,Winter,30.76,8033,0,0.0,34.0,6568.0
Onion,Kolkata,2023,2,Winter,31.64,6568,0,37.7,31.6,3785.0
Onion,Kolkata,2023,3,Summer,32.8,3785,0,0.0,27.6,2891.0
Onion,Kolkata,2023,4,Summer,33.63,2891,0,44.6,24.1,2486.0
Onion,Kolkata,2023,5,Summer,35.6,2486,0,64.6,21.3,2862.0
Onion,Kolkata,2023,6,Monsoon,31.06,2862,0,158.2,24.0,4067.0
Onion,Kolkata,2023,7,Monsoon,28.82,4067,0,189.4,21.7,4978.0
Onion,Kolkata,2023,8,Monsoon,31.16,4978,0,201.8,30.2,7275.0
Onion,Kolkata,2023,9,Monsoon,30.67,7275,0,128.2,34.5,7809.0
Onion,Kolkata,2023,10,Autumn,31.97,7809,1,67.0,35.4,9663.0
Onion,Kolkata,2023,11,Autumn,31.68,9663,1,50.5,39.0,9991.0
Onion,Kolkata,2023,12,Winter,31.07,9991,0,19.5,36.9,8000.0
Onion,Kolkata,2024,1,Winter,31.9,8000,0,8.2,34.3,7007.0
Onion,Kolkata,2024,2,Winter,33.41,7007,0,18.7,32.3,4857.0
Onion,Kolkata,2024,3,Summer,34.65,4857,0,0.2,24.8,3890.0
Onion,Kolkata,2024,4,Summer,35.51,3890,0,23.3,24.3,3324.0
Onion,Kolkata,2024,5,Summer,33.68,3324,0,65.7,24.6,2737.0
Onion,Kolkata,2024,6,Monsoon,34.83,2737,0,129.1,25.7,3529.0
Onion,Kolkata,2024,7,Monsoon,35.51,3529,0,212.6,26.5,4399.0
Onion,Kolkata,2024,8,Monsoon,29.06,4399,0,189.9,29.3,6909.0
Onion,Kolkata,2024,9,Monsoon,34.45,6909,0,143.2,35.6,7700.0
Onion,Kolkata,2024,10,Autumn,32.28,7700,1,60.3,38.0,9663.0
Onion,Kolkata,2024,11,Autumn,31.68,9663,1,10.5,40.6,9308.0
Onion,Kolkata,2024,12,Winter,32.39,9308,0,1.6,40.0,7409.0
Onion,Patna,2022,1,Winter,31.88,3900,0,17.4,34.5,3511.0
Onion,Patna,2022,2,Winter,31.58,3511,0,7.4,30.4,3097.0
Onion,Patna,2022,3,Summer,33.89,3097,0,1.6,26.0,2314.0
Onion,Patna,2022,4,Summer,31.42,2314,0,22.1,22.1,1873.0
Onion,Patna,2022,5,Summer,31.11,1873,0,85.5,20.8,1885.0
Onion,Patna,2022,6,Monsoon,32.4,1885,0,150.3,21.6,2637.0
Onion,Patna,2022,7,Monsoon,32.24,2637,0,207.2,27.6,3250.0
Onion,Patna,2022,8,Monsoon,29.34,3250,0,180.3,29.9,4255.0
Onion,Patna,2022,9,Monsoon,28.39,4255,0,140.7,33.8,5320.0
Onion,Patna,2022,10,Autumn,32.56,5320,1,84.3,38.1,6740.0
Onion,Patna,2022,11,Autumn,29.69,6740,1,15.6,39.0,7020.0
Onion,Patna,2022,12,Winter,31.18,7020,0,51.2,36.5,5464.0
Onion,Patna,2023,1,Winter,33.57,5464,0,0.0,35.7,3955.0
Onion,Patna,2023,2,Winter,30.94,3955,0,19.9,27.4,3343.0
Onion,Patna,2023,3,Summer,33.68,3343,0,13.0,23.8,2148.0
Onion,Patna,2023,4,Summer,31.97,2148,0,12.9,23.3,1615.0
Onion,Patna,2023,5,Summer,35.09,1615,0,68.9,22.5,1629.0
Onion,Patna,2023,6,Monsoon,35.26,1629,0,161.3,21.0,2073.0
Onion,Patna,2023,7,Monsoon,34.62,2073,0,213.8,24.5,3373.0
Onion,Patna,2023,8,Monsoon,31.99,3373,0,178.6,29.2,4698.0
Onion,Patna,2023,9,Monsoon,31.3,4698,0,146.2,34.6,5423.0
Onion,Patna,2023,10,Autumn,30.33,5423,1,47.2,36.6,7095.0
Onion,Patna,2023,11,Autumn,30.64,7095,1,44.2,40.2,7146.0
Onion,Patna,2023,12,Winter,29.75,7146,0,10.0,37.6,5209.0
Onion,Patna,2024,1,Winter,33.72,5209,0,25.0,34.8,4214.0
Onion,Patna,2024,2,Winter,33.62,4214,0,23.6,30.8,3158.0
Onion,Patna,2024,3,Summer,35.3,3158,0,9.1,26.1,2006.0
Onion,Patna,2024,4,Summer,33.87,2006,0,20.8,21.3,1456.0
Onion,Patna,2024,5,Summer,35.11,1456,0,85.6,22.6,2205.0
Onion,Patna,2024,6,Monsoon,33.36,2205,0,144.4,26.8,2620.0
Onion,Patna,2024,7,Monsoon,33.92,2620,0,187.9,26.1,3380.0
Onion,Patna,2024,8,Monsoon,32.21,3380,0,220.5,30.4,4218.0
Onion,Patna,2024,9,Monsoon,30.3,4218,0,153.6,34.3,5126.0
Onion,Patna,2024,10,Autumn,28.86,5126,1,106.7,37.4,6629.0
Onion,Patna,2024,11,Autumn,31.93,6629,1,19.2,39.8,6964.0
Onion,Patna,2024,12,Winter,30.6,6964,0,10.3,38.3,5278.0
Onion,Hyderabad,2022,1,Winter,32.34,5460,0,6.2,32.7,5597.0
Onion,Hyderabad,2022,2,Winter,32.81,5597,0,34.6,30.1,3719.0
Onion,Hyderabad,2022,3,Summer,33.24,3719,0,32.9,25.8,3135.0
Onion,Hyderabad,2022,4,Summer,31.6,3135,0,5.2,20.0,2819.0
Onion,Hyderabad,2022,5,Summer,30.98,2819,0,76.9,18.9,2634.0
Onion,Hyderabad,2022,6,Monsoon,29.73,2634,0,141.9,20.2,3395.0
Onion,Hyderabad,2022,7,Monsoon,30.68,3395,0,195.2,23.7,5238.0
Onion,Hyderabad,2022,8,Monsoon,31.41,5238,0,174.3,29.7,6287.0
Onion,Hyderabad,2022,9,Monsoon,28.91,6287,0,138.7,36.2,7955.0
Onion,Hyderabad,2022,10,Autumn,29.77,7955,1,73.0,37.3,9757.0
Onion,Hyderabad,2022,11,Autumn,29.39,9757,1,35.3,38.2,9752.0
Onion,Hyderabad,2022,12,Winter,31.4,9752,0,30.6,36.3,7725.0
Onion,Hyderabad,2023,1,Winter,34.93,7725,0,0.2,36.3,6167.0
Onion,Hyderabad,2023,2,Winter,30.37,6167,0,41.4,30.1,3926.0
Onion,Hyderabad,2023,3,Summer,32.08,3926,0,23.8,24.6,3086.0
Onion,Hyderabad,2023,4,Summer,32.97,3086,0,29.2,20.0,3064.0
Onion,Hyderabad,2023,5,Summer,32.68,3064,0,50.5,22.3,3047.0
Onion,Hyderabad,2023,6,Monsoon,33.97,3047,0,163.7,23.3,3221.0
Onion,Hyderabad,2023,7,Monsoon,32.16,3221,0,210.6,24.2,4871.0
Onion,Hyderabad,2023,8,Monsoon,29.72,4871,0,201.1,30.5,5945.0
Onion,Hyderabad,2023,9,Monsoon,31.85,5945,0,160.4,34.8,7374.0
Onion,Hyderabad,2023,10,Autumn,29.48,7374,1,45.5,39.2,9630.0
Onion,Hyderabad,2023,11,Autumn,29.01,9630,1,10.3,41.5,9644.0
Onion,Hyderabad,2023,12,Winter,31.36,9644,0,21.6,36.2,8074.0
Onion,Hyderabad,2024,1,Winter,28.9,8074,0,12.6,35.1,6142.0
Onion,Hyderabad,2024,2,Winter,35.2,6142,0,15.3,28.8,4234.0
Onion,Hyderabad,2024,3,Summer,31.68,4234,0,17.3,24.9,2828.0
Onion,Hyderabad,2024,4,Summer,33.54,2828,0,34.4,19.0,2353.0
Onion,Hyderabad,2024,5,Summer,33.58,2353,0,92.7,22.2,3083.0
Onion,Hyderabad,2024,6,Monsoon,31.78,3083,0,136.2,23.7,4052.0
Onion,Hyderabad,2024,7,Monsoon,32.45,4052,0,187.8,24.0,5082.0
Onion,Hyderabad,2024,8,Monsoon,31.01,5082,0,186.4,30.8,6599.0
Onion,Hyderabad,2024,9,Monsoon,30.53,6599,0,153.9,34.4,7654.0
Onion,Hyderabad,2024,10,Autumn,32.22,7654,1,74.8,40.9,9804.0
Onion,Hyderabad,2024,11,Autumn,31.83,9804,1,66.3,39.8,9922.0
Onion,Hyderabad,2024,12,Winter,31.12,9922,0,4.9,37.1,7837.0
Onion,Chennai,2022,1,Winter,32.37,5200,0,17.4,34.7,5379.0
Onion,Chennai,2022,2,Winter,33.31,5379,0,17.6,29.0,4320.0
Onion,Chennai,2022,3,Summer,32.59,4320,0,0.0,25.0,3323.0
Onion,Chennai,2022,4,Summer,33.41,3323,0,33.7,22.6,2541.0
Onion,Chennai,2022,5,Summer,32.38,2541,0,56.5,20.6,2632.0
Onion,Chennai,2022,6,Monsoon,31.8,2632,0,119.0,21.6,3362.0
Onion,Chennai,2022,7,Monsoon,29.34,3362,0,190.2,26.2,4233.0
Onion,Chennai,2022,8,Monsoon,32.34,4233,0,188.6,31.1,6129.0
Onion,Chennai,2022,9,Monsoon,29.69,6129,0,125.3,34.2,7299.0
Onion,Chennai,2022,10,Autumn,29.19,7299,1,74.7,36.4,9277.0
Onion,Chennai,2022,11,Autumn,28.85,9277,1,32.4,37.8,8481.0
Onion,Chennai,2022,12,Winter,28.55,8481,0,10.7,37.0,7167.0
Onion,Chennai,2023,1,Winter,32.1,7167,0,19.2,31.1,5322.0
Onion,Chennai,2023,2,Winter,32.74,5322,0,27.3,28.1,3998.0
Onion,Chennai,2023,3,Summer,33.0,3998,0,24.5,25.7,2505.0
Onion,Chennai,2023,4,Summer,33.59,2505,0,0.0,21.3,2120.0
Onion,Chennai,2023,5,Summer,32.01,2120,0,76.0,20.6,2466.0
Onion,Chennai,2023,6,Monsoon,35.33,2466,0,150.7,22.7,3055.0
Onion,Chennai,2023,7,Monsoon,31.77,3055,0,192.8,26.1,4415.0
Onion,Chennai,2023,8,Monsoon,29.4,4415,0,170.6,29.2,5510.0
Onion,Chennai,2023,9,Monsoon,31.06,5510,0,135.3,32.9,7221.0
Onion,Chennai,2023,10,Autumn,27.4,7221,1,53.0,37.4,9040.0
Onion,Chennai,2023,11,Autumn,29.24,9040,1,26.0,40.2,9579.0
Onion,Chennai,2023,12,Winter,31.89,9579,0,0.0,35.9,7784.0
Onion,Chennai,2024,1,Winter,29.68,7784,0,27.4,34.4,5227.0
Onion,Chennai,2024,2,Winter,32.13,5227,0,21.9,29.5,4106.0
Onion,Chennai,2024,3,Summer,34.55,4106,0,21.7,26.9,3335.0
Onion,Chennai,2024,4,Summer,36.1,3335,0,20.1,22.0,2117.0
Onion,Chennai,2024,5,Summer,34.89,2117,0,108.8,21.6,2606.0
Onion,Chennai,2024,6,Monsoon,31.43,2606,0,175.4,23.4,3875.0
Onion,Chennai,2024,7,Monsoon,30.96,3875,0,188.8,25.7,4972.0
Onion,Chennai,2024,8,Monsoon,31.43,4972,0,184.1,30.2,6707.0
Onion,Chennai,2024,9,Monsoon,31.24,6707,0,177.0,34.6,7195.0
Onion,Chennai,2024,10,Autumn,30.31,7195,1,83.2,37.3,9383.0
Onion,Chennai,2024,11,Autumn,28.93,9383,1,11.9,38.9,9568.0
Onion,Chennai,2024,12,Winter,33.87,9568,0,49.1,38.9,6921.0
Carrot,Delhi,2022,1,Winter,34.88,3250,0,23.5,33.1,4497.0
Carrot,Delhi,2022,2,Winter,34.13,4497,0,21.5,27.9,3955.0
Carrot,Delhi,2022,3,Summer,38.92,3955,0,27.4,28.6,2986.0
Carrot,Delhi,2022,4,Summer,35.9,2986,0,41.3,23.6,2510.0
Carrot,Delhi,2022,5,Summer,37.0,2510,0,83.0,21.8,2091.0
Carrot,Delhi,2022,6,Monsoon,40.7,2091,0,115.2,21.9,1616.0
Carrot,Delhi,2022,7,Monsoon,40.19,1616,0,186.4,26.8,1907.0
Carrot,Delhi,2022,8,Monsoon,39.09,1907,0,207.0,31.6,2248.0
Carrot,Delhi,2022,9,Monsoon,35.32,2248,0,148.6,34.1,2821.0
Carrot,Delhi,2022,10,Autumn,37.98,2821,1,62.4,38.2,4401.0
Carrot,Delhi,2022,11,Autumn,34.88,4401,1,35.1,40.6,5528.0
Carrot,Delhi,2022,12,Winter,35.81,5528,0,16.3,39.8,4827.0
Carrot,Delhi,2023,1,Winter,36.04,4827,0,22.4,37.0,4800.0
Carrot,Delhi,2023,2,Winter,37.79,4800,0,28.2,28.4,3940.0
Carrot,Delhi,2023,3,Summer,38.66,3940,0,10.6,27.1,3299.0
Carrot,Delhi,2023,4,Summer,39.26,3299,0,26.7,22.1,2695.0
Carrot,Delhi,2023,5,Summer,39.59,2695,0,55.7,21.1,1646.0
Carrot,Delhi,2023,6,Monsoon,40.86,1646,0,133.5,24.6,1235.0
Carrot,Delhi,2023,7,Monsoon,42.22,1235,0,170.8,25.3,1476.0
Carrot,Delhi,2023,8,Monsoon,39.9,1476,0,213.5,30.5,1807.0
Carrot,Delhi,2023,9,Monsoon,39.37,1807,0,161.3,34.0,2637.0
Carrot,Delhi,2023,10,Autumn,36.86,2637,1,69.2,38.3,4469.0
Carrot,Delhi,2023,11,Autumn,38.54,4469,1,16.0,38.0,5545.0
Carrot,Delhi,2023,12,Winter,34.96,5545,0,8.6,38.6,4853.0
Carrot,Delhi,2024,1,Winter,38.68,4853,0,35.5,31.9,4607.0
Carrot,Delhi,2024,2,Winter,39.01,4607,0,16.8,30.6,3973.0
Carrot,Delhi,2024,3,Summer,37.55,3973,0,30.8,25.7,3361.0
Carrot,Delhi,2024,4,Summer,41.42,3361,0,40.7,24.7,2298.0
Carrot,Delhi,2024,5,Summer,42.25,2298,0,73.9,22.3,1946.0
Carrot,Delhi,2024,6,Monsoon,40.68,1946,0,152.7,22.1,1197.0
Carrot,Delhi,2024,7,Monsoon,42.01,1197,0,199.0,25.8,1238.0
Carrot,Delhi,2024,8,Monsoon,40.53,1238,0,203.5,33.1,1984.0
Carrot,Delhi,2024,9,Monsoon,37.87,1984,0,151.9,37.5,2919.0
Carrot,Delhi,2024,10,Autumn,38.12,2919,1,54.6,37.0,4693.0
Carrot,Delhi,2024,11,Autumn,36.85,4693,1,47.0,39.7,5923.0
Carrot,Delhi,2024,12,Winter,34.6,5923,0,13.6,36.9,5459.0
Carrot,Mumbai,2022,1,Winter,33.26,3510,0,34.5,38.1,5038.0
Carrot,Mumbai,2022,2,Winter,33.66,5038,0,21.1,31.2,4924.0
Carrot,Mumbai,2022,3,Summer,37.92,4924,0,31.8,25.4,3656.0
Carrot,Mumbai,2022,4,Summer,35.47,3656,0,11.3,21.5,3074.0
Carrot,Mumbai,2022,5,Summer,39.32,3074,0,84.5,19.9,2110.0
Carrot,Mumbai,2022,6,Monsoon,37.87,2110,0,152.2,21.3,1993.0
Carrot,Mumbai,2022,7,Monsoon,38.89,1993,0,192.9,28.5,1689.0
Carrot,Mumbai,2022,8,Monsoon,39.08,1689,0,212.3,30.9,2537.0
Carrot,Mumbai,2022,9,Monsoon,36.78,2537,0,137.5,34.3,2971.0
Carrot,Mumbai,2022,10,Autumn,36.3,2971,1,62.6,39.8,4503.0
Carrot,Mumbai,2022,11,Autumn,35.07,4503,1,0.0,41.5,5639.0
Carrot,Mumbai,2022,12,Winter,36.91,5639,0,15.9,35.6,5271.0
Carrot,Mumbai,2023,1,Winter,38.29,5271,0,40.5,34.6,5104.0
Carrot,Mumbai,2023,2,Winter,37.95,5104,0,32.8,31.1,4602.0
Carrot,Mumbai,2023,3,Summer,36.89,4602,0,16.5,28.4,3763.0
Carrot,Mumbai,2023,4,Summer,38.64,3763,0,20.2,22.8,2909.0
Carrot,Mumbai,2023,5,Summer,40.04,2909,0,64.1,18.6,1876.0
Carrot,Mumbai,2023,6,Monsoon,41.0,1876,0,121.3,22.4,1758.0
Carrot,Mumbai,2023,7,Monsoon,38.13,1758,0,202.4,22.6,2257.0
Carrot,Mumbai,2023,8,Monsoon,38.28,2257,0,178.2,30.9,2475.0
Carrot,Mumbai,2023,9,Monsoon,38.35,2475,0,137.8,35.3,3095.0
Carrot,Mumbai,2023,10,Autumn,35.38,3095,1,50.8,38.2,4930.0
Carrot,Mumbai,2023,11,Autumn,37.3,4930,1,59.4,41.0,5811.0
Carrot,Mumbai,2023,12,Winter,37.8,5811,0,0.0,35.8,5210.0
Carrot,Mumbai,2024,1,Winter,35.89,5210,0,9.5,34.3,4834.0
Carrot,Mumbai,2024,2,Winter,37.15,4834,0,19.2,28.7,4316.0
Carrot,Mumbai,2024,3,Summer,39.05,4316,0,27.8,25.2,3764.0
Carrot,Mumbai,2024,4,Summer,41.08,3764,0,17.9,21.8,2926.0
Carrot,Mumbai,2024,5,Summer,40.14,2926,0,64.4,21.1,1928.0
Carrot,Mumbai,2024,6,Monsoon,42.17,1928,0,158.8,22.9,1680.0
Carrot,Mumbai,2024,7,Monsoon,42.54,1680,0,194.6,26.5,1910.0
Carrot,Mumbai,2024,8,Monsoon,40.74,1910,0,192.4,32.1,2441.0
Carrot,Mumbai,2024,9,Monsoon,38.27,2441,0,151.5,34.9,3326.0
Carrot,Mumbai,2024,10,Autumn,38.29,3326,1,109.3,37.2,4734.0
Carrot,Mumbai,2024,11,Autumn,36.44,4734,1,12.7,41.3,5701.0
Carrot,Mumbai,2024,12,Winter,34.69,5701,0,0.0,36.7,5556.0
Carrot,Pune,2022,1,Winter,32.87,2600,0,62.0,33.9,3671.0
Carrot,Pune,2022,2,Winter,35.57,3671,0,9.1,31.9,3273.0
Carrot,Pune,2022,3,Summer,36.7,3273,0,17.3,26.6,2674.0
Carrot,Pune,2022,4,Summer,38.62,2674,0,17.0,20.3,1783.0
Carrot,Pune,2022,5,Summer,39.25,1783,0,59.9,22.1,1554.0
Carrot,Pune,2022,6,Monsoon,40.4,1554,0,146.3,24.0,1306.0
Carrot,Pune,2022,7,Monsoon,38.21,1306,0,207.8,26.6,1132.0
Carrot,Pune,2022,8,Monsoon,39.59,1132,0,200.2,30.8,1483.0
Carrot,Pune,2022,9,Monsoon,36.92,1483,0,133.7,35.2,2000.0
Carrot,Pune,2022,10,Autumn,34.64,2000,1,72.2,35.0,3744.0
Carrot,Pune,2022,11,Autumn,34.74,3744,1,47.4,37.2,4401.0
Carrot,Pune,2022,12,Winter,34.25,4401,0,46.7,37.1,4322.0
Carrot,Pune,2023,1,Winter,34.22,4322,0,14.4,35.6,3902.0
Carrot,Pune,2023,2,Winter,38.25,3902,0,0.0,28.4,3358.0
Carrot,Pune,2023,3,Summer,37.85,3358,0,15.2,24.4,2792.0
Carrot,Pune,2023,4,Summer,38.08,2792,0,34.7,18.3,2129.0
Carrot,Pune,2023,5,Summer,40.41,2129,0,65.1,21.6,1473.0
Carrot,Pune,2023,6,Monsoon,41.93,1473,0,139.4,21.8,1068.0
Carrot,Pune,2023,7,Monsoon,42.22,1068,0,192.9,25.8,1143.0
Carrot,Pune,2023,8,Monsoon,39.15,1143,0,208.2,31.8,1607.0
Carrot,Pune,2023,9,Monsoon,39.36,1607,0,142.3,34.1,2301.0
Carrot,Pune,2023,10,Autumn,35.73,2301,1,70.1,36.1,3917.0
Carrot,Pune,2023,11,Autumn,38.29,3917,1,17.3,37.8,4396.0
Carrot,Pune,2023,12,Winter,35.55,4396,0,28.7,37.6,4021.0
Carrot,Pune,2024,1,Winter,37.79,4021,0,0.0,34.4,4057.0
Carrot,Pune,2024,2,Winter,38.06,4057,0,21.3,26.5,3836.0
Carrot,Pune,2024,3,Summer,40.13,3836,0,33.0,24.3,2694.0
Carrot,Pune,2024,4,Summer,40.55,2694,0,0.0,21.7,1728.0
Carrot,Pune,2024,5,Summer,40.66,1728,0,49.4,21.0,1476.0
Carrot,Pune,2024,6,Monsoon,39.87,1476,0,129.1,23.3,1492.0
Carrot,Pune,2024,7,Monsoon,41.82,1492,0,168.1,23.9,1573.0
Carrot,Pune,2024,8,Monsoon,40.44,1573,0,198.6,30.8,1559.0
Carrot,Pune,2024,9,Monsoon,37.51,1559,0,139.9,32.7,2360.0
Carrot,Pune,2024,10,Autumn,36.37,2360,1,49.7,38.3,3628.0
Carrot,Pune,2024,11,Autumn,37.83,3628,1,12.7,41.1,4483.0
Carrot,Pune,2024,12,Winter,35.71,4483,0,8.7,37.9,4001.0
Carrot,Bangalore,2022,1,Winter,33.5,2990,0,16.1,33.4,3780.0
Carrot,Bangalore,2022,2,Winter,36.85,3780,0,0.0,28.4,3449.0
Carrot,Bangalore,2022,3,Summer,36.12,3449,0,0.0,28.2,3159.0
Carrot,Bangalore,2022,4,Summer,35.93,3159,0,29.6,23.2,2424.0
Carrot,Bangalore,2022,5,Summer,36.6,2424,0,42.3,24.7,1662.0
Carrot,Bangalore,2022,6,Monsoon,41.0,1662,0,131.7,20.0,1833.0
Carrot,Bangalore,2022,7,Monsoon,35.7,1833,0,186.7,23.5,1660.0
Carrot,Bangalore,2022,8,Monsoon,38.37,1660,0,189.1,29.0,2083.0
Carrot,Bangalore,2022,9,Monsoon,35.47,2083,0,152.1,34.0,2886.0
Carrot,Bangalore,2022,10,Autumn,37.07,2886,1,66.8,39.1,3892.0
Carrot,Bangalore,2022,11,Autumn,33.72,3892,1,0.0,37.9,5105.0
Carrot,Bangalore,2022,12,Winter,35.48,5105,0,25.3,39.4,4705.0
Carrot,Bangalore,2023,1,Winter,36.38,4705,0,38.0,35.2,4659.0
Carrot,Bangalore,2023,2,Winter,35.91,4659,0,21.7,29.5,4104.0
Carrot,Bangalore,2023,3,Summer,39.99,4104,0,38.6,25.4,2819.0
Carrot,Bangalore,2023,4,Summer,38.22,2819,0,19.2,22.1,2753.0
Carrot,Bangalore,2023,5,Summer,40.07,2753,0,65.6,20.4,1490.0
Carrot,Bangalore,2023,6,Monsoon,39.44,1490,0,135.9,23.7,1243.0
Carrot,Bangalore,2023,7,Monsoon,40.75,1243,0,213.5,27.5,1345.0
Carrot,Bangalore,2023,8,Monsoon,37.85,1345,0,190.3,28.8,1758.0
Carrot,Bangalore,2023,9,Monsoon,35.97,1758,0,138.0,32.9,2717.0
Carrot,Bangalore,2023,10,Autumn,36.14,2717,1,70.1,40.3,4180.0
Carrot,Bangalore,2023,11,Autumn,37.33,4180,1,24.7,38.6,5094.0
Carrot,Bangalore,2023,12,Winter,35.5,5094,0,24.9,37.4,4419.0
Carrot,Bangalore,2024,1,Winter,35.8,4419,0,7.9,33.6,4415.0
Carrot,Bangalore,2024,2,Winter,38.59,4415,0,37.9,28.6,3667.0
Carrot,Bangalore,2024,3,Summer,40.15,3667,0,15.4,24.5,2938.0
Carrot,Bangalore,2024,4,Summer,39.51,2938,0,35.2,21.8,2100.0
Carrot,Bangalore,2024,5,Summer,41.61,2100,0,70.4,22.3,2050.0
Carrot,Bangalore,2024,6,Monsoon,41.08,2050,0,168.7,21.7,1566.0
Carrot,Bangalore,2024,7,Monsoon,41.74,1566,0,181.3,27.2,1540.0
Carrot,Bangalore,2024,8,Monsoon,40.66,1540,0,204.2,32.6,1902.0
Carrot,Bangalore,2024,9,Monsoon,38.86,1902,0,169.9,36.0,2635.0
Carrot,Bangalore,2024,10,Autumn,36.29,2635,1,69.5,38.3,3826.0
Carrot,Bangalore,2024,11,Autumn,36.48,3826,1,6.7,37.6,5001.0
Carrot,Bangalore,2024,12,Winter,35.37,5001,0,17.5,38.1,4561.0
Carrot,Kolkata,2022,1,Winter,34.19,2860,0,28.8,35.4,3872.0
Carrot,Kolkata,2022,2,Winter,35.0,3872,0,53.0,30.0,3651.0
Carrot,Kolkata,2022,3,Summer,36.97,3651,0,21.4,25.3,2787.0
Carrot,Kolkata,2022,4,Summer,37.83,2787,0,5.6,22.0,2157.0
Carrot,Kolkata,2022,5,Summer,40.07,2157,0,63.9,21.1,1628.0
Carrot,Kolkata,2022,6,Monsoon,39.91,1628,0,153.3,21.4,1426.0
Carrot,Kolkata,2022,7,Monsoon,39.65,1426,0,206.9,26.6,1430.0
Carrot,Kolkata,2022,8,Monsoon,37.15,1430,0,197.5,31.6,1800.0
Carrot,Kolkata,2022,9,Monsoon,35.86,1800,0,150.0,35.1,2576.0
Carrot,Kolkata,2022,10,Autumn,35.66,2576,1,65.2,34.5,3926.0
Carrot,Kolkata,2022,11,Autumn,33.5,3926,1,17.6,41.1,4670.0
Carrot,Kolkata,2022,12,Winter,34.37,4670,0,0.0,37.1,4351.0
Carrot,Kolkata,2023,1,Winter,36.4,4351,0,36.6,35.8,4101.0
Carrot,Kolkata,2023,2,Winter,35.93,4101,0,35.4,30.0,3421.0
Carrot,Kolkata,2023,3,Summer,41.35,3421,0,13.4,26.6,2882.0
Carrot,Kolkata,2023,4,Summer,40.01,2882,0,8.5,20.4,1923.0
Carrot,Kolkata,2023,5,Summer,40.64,1923,0,74.8,22.2,1535.0
Carrot,Kolkata,2023,6,Monsoon,39.23,1535,0,155.8,22.5,1671.0
Carrot,Kolkata,2023,7,Monsoon,36.64,1671,0,188.6,26.7,1805.0
Carrot,Kolkata,2023,8,Monsoon,40.02,1805,0,215.9,30.0,2023.0
Carrot,Kolkata,2023,9,Monsoon,37.03,2023,0,137.6,35.3,2516.0
Carrot,Kolkata,2023,10,Autumn,36.09,2516,1,83.5,39.3,3802.0
Carrot,Kolkata,2023,11,Autumn,34.89,3802,1,10.3,40.1,4809.0
Carrot,Kolkata,2023,12,Winter,37.41,4809,0,31.2,37.7,4348.0
Carrot,Kolkata,2024,1,Winter,38.8,4348,0,16.8,33.0,3974.0
Carrot,Kolkata,2024,2,Winter,36.72,3974,0,25.2,29.9,3560.0
Carrot,Kolkata,2024,3,Summer,37.89,3560,0,40.7,25.8,3042.0
Carrot,Kolkata,2024,4,Summer,40.82,3042,0,17.8,27.4,2181.0
Carrot,Kolkata,2024,5,Summer,41.36,2181,0,87.9,18.2,1963.0
Carrot,Kolkata,2024,6,Monsoon,40.98,1963,0,145.5,19.6,1671.0
Carrot,Kolkata,2024,7,Monsoon,40.27,1671,0,199.5,24.2,1399.0
Carrot,Kolkata,2024,8,Monsoon,41.89,1399,0,199.3,32.0,1864.0
Carrot,Kolkata,2024,9,Monsoon,40.05,1864,0,127.3,32.5,2281.0
Carrot,Kolkata,2024,10,Autumn,36.6,2281,1,63.2,38.3,3681.0
Carrot,Kolkata,2024,11,Autumn,38.86,3681,1,18.6,39.8,4726.0
Carrot,Kolkata,2024,12,Winter,35.58,4726,0,21.1,36.7,4336.0
Carrot,Patna,2022,1,Winter,32.26,1950,0,26.1,35.0,2590.0
Carrot,Patna,2022,2,Winter,33.98,2590,0,38.1,30.1,2805.0
Carrot,Patna,2022,3,Summer,37.57,2805,0,19.6,26.1,2083.0
Carrot,Patna,2022,4,Summer,39.47,2083,0,9.1,25.4,1626.0
Carrot,Patna,2022,5,Summer,40.62,1626,0,75.2,19.5,1018.0
Carrot,Patna,2022,6,Monsoon,36.25,1018,0,151.5,19.7,998.0
Carrot,Patna,2022,7,Monsoon,39.59,998,0,181.7,22.5,1214.0
Carrot,Patna,2022,8,Monsoon,38.08,1214,0,214.7,29.6,1421.0
Carrot,Patna,2022,9,Monsoon,37.06,1421,0,164.1,34.0,1814.0
Carrot,Patna,2022,10,Autumn,35.8,1814,1,74.9,37.6,2870.0
Carrot,Patna,2022,11,Autumn,37.61,2870,1,38.1,39.7,3204.0
Carrot,Patna,2022,12,Winter,39.5,3204,0,44.3,38.6,2781.0
Carrot,Patna,2023,1,Winter,36.85,2781,0,9.7,35.1,3007.0
Carrot,Patna,2023,2,Winter,38.71,3007,0,10.0,31.4,2602.0
Carrot,Patna,2023,3,Summer,39.88,2602,0,5.6,27.6,2090.0
Carrot,Patna,2023,4,Summer,39.13,2090,0,23.1,22.5,1614.0
Carrot,Patna,2023,5,Summer,38.56,1614,0,67.1,19.7,1075.0
Carrot,Patna,2023,6,Monsoon,40.62,1075,0,150.6,22.2,929.0
Carrot,Patna,2023,7,Monsoon,39.66,929,0,184.5,27.7,895.0
Carrot,Patna,2023,8,Monsoon,38.13,895,0,201.1,27.2,1355.0
Carrot,Patna,2023,9,Monsoon,40.28,1355,0,121.2,36.2,1655.0
Carrot,Patna,2023,10,Autumn,36.43,1655,1,71.0,39.5,2756.0
Carrot,Patna,2023,11,Autumn,35.17,2756,1,9.9,38.3,3320.0
Carrot,Patna,2023,12,Winter,34.22,3320,0,37.4,37.5,2950.0
Carrot,Patna,2024,1,Winter,37.93,2950,0,25.9,37.3,2750.0
Carrot,Patna,2024,2,Winter,37.66,2750,0,31.5,29.6,2368.0
Carrot,Patna,2024,3,Summer,40.42,2368,0,41.1,21.7,1894.0
Carrot,Patna,2024,4,Summer,39.42,1894,0,13.8,24.7,1404.0
Carrot,Patna,2024,5,Summer,40.61,1404,0,64.6,21.6,877.0
Carrot,Patna,2024,6,Monsoon,41.63,877,0,134.3,24.1,854.0
Carrot,Patna,2024,7,Monsoon,43.58,854,0,189.9,24.5,809.0
Carrot,Patna,2024,8,Monsoon,39.41,809,0,187.2,31.6,1123.0
Carrot,Patna,2024,9,Monsoon,39.67,1123,0,147.4,34.5,1892.0
Carrot,Patna,2024,10,Autumn,38.65,1892,1,71.6,34.2,2665.0
Carrot,Patna,2024,11,Autumn,37.34,2665,1,20.7,39.4,3199.0
Carrot,Patna,2024,12,Winter,35.75,3199,0,29.2,37.0,3363.0
Carrot,Hyderabad,2022,1,Winter,33.11,2730,0,9.3,34.7,3717.0
Carrot,Hyderabad,2022,2,Winter,37.43,3717,0,6.0,29.3,3538.0
Carrot,Hyderabad,2022,3,Summer,39.59,3538,0,28.5,22.8,2651.0
Carrot,Hyderabad,2022,4,Summer,38.87,2651,0,42.9,23.7,1983.0
Carrot,Hyderabad,2022,5,Summer,38.87,1983,0,68.9,20.3,1535.0
Carrot,Hyderabad,2022,6,Monsoon,39.0,1535,0,116.7,23.9,1243.0
Carrot,Hyderabad,2022,7,Monsoon,37.58,1243,0,185.5,26.0,1033.0
Carrot,Hyderabad,2022,8,Monsoon,37.78,1033,0,200.0,30.8,1532.0
Carrot,Hyderabad,2022,9,Monsoon,35.58,1532,0,148.6,32.3,2309.0
Carrot,Hyderabad,2022,10,Autumn,35.34,2309,1,79.2,37.3,4064.0
Carrot,Hyderabad,2022,11,Autumn,34.68,4064,1,25.3,39.5,4549.0
Carrot,Hyderabad,2022,12,Winter,35.55,4549,0,0.0,39.2,4204.0
Carrot,Hyderabad,2023,1,Winter,34.11,4204,0,17.9,35.6,3946.0
Carrot,Hyderabad,2023,2,Winter,38.31,3946,0,3.0,32.7,3137.0
Carrot,Hyderabad,2023,3,Summer,37.5,3137,0,0.0,25.3,2579.0
Carrot,Hyderabad,2023,4,Summer,39.9,2579,0,49.2,22.7,1966.0
Carrot,Hyderabad,2023,5,Summer,39.63,1966,0,77.4,20.4,1653.0
Carrot,Hyderabad,2023,6,Monsoon,40.58,1653,0,122.8,24.6,1523.0
Carrot,Hyderabad,2023,7,Monsoon,38.4,1523,0,177.7,24.1,1496.0
Carrot,Hyderabad,2023,8,Monsoon,37.82,1496,0,194.9,29.3,1629.0
Carrot,Hyderabad,2023,9,Monsoon,37.2,1629,0,146.6,33.8,2671.0
Carrot,Hyderabad,2023,10,Autumn,36.33,2671,1,65.4,39.7,3851.0
Carrot,Hyderabad,2023,11,Autumn,38.29,3851,1,19.2,36.5,4485.0
Carrot,Hyderabad,2023,12,Winter,35.77,4485,0,31.2,36.7,4070.0
Carrot,Hyderabad,2024,1,Winter,37.89,4070,0,38.5,35.0,4140.0
Carrot,Hyderabad,2024,2,Winter,36.2,4140,0,37.3,31.1,3482.0
Carrot,Hyderabad,2024,3,Summer,39.54,3482,0,4.9,26.6,2605.0
Carrot,Hyderabad,2024,4,Summer,40.34,2605,0,17.2,20.0,1805.0
Carrot,Hyderabad,2024,5,Summer,43.9,1805,0,74.5,21.6,1550.0
Carrot,Hyderabad,2024,6,Monsoon,39.57,1550,0,140.9,23.4,1148.0
Carrot,Hyderabad,2024,7,Monsoon,41.18,1148,0,198.9,22.3,1121.0
Carrot,Hyderabad,2024,8,Monsoon,41.01,1121,0,195.4,28.4,1669.0
Carrot,Hyderabad,2024,9,Monsoon,38.23,1669,0,168.3,34.5,2356.0
Carrot,Hyderabad,2024,10,Autumn,39.02,2356,1,46.4,38.4,4072.0
Carrot,Hyderabad,2024,11,Autumn,36.57,4072,1,10.7,38.6,4638.0
Carrot,Hyderabad,2024,12,Winter,38.6,4638,0,25.7,37.7,4081.0
Carrot,Chennai,2022,1,Winter,35.18,2600,0,34.8,35.3,3426.0
Carrot,Chennai,2022,2,Winter,36.38,3426,0,56.4,28.8,3174.0
Carrot,Chennai,2022,3,Summer,36.07,3174,0,46.8,26.8,2822.0
Carrot,Chennai,2022,4,Summer,39.12,2822,0,23.9,21.4,2147.0
Carrot,Chennai,2022,5,Summer,39.43,2147,0,69.8,20.9,1585.0
Carrot,Chennai,2022,6,Monsoon,41.48,1585,0,148.2,21.2,1054.0
Carrot,Chennai,2022,7,Monsoon,41.29,1054,0,200.3,25.0,1066.0
Carrot,Chennai,2022,8,Monsoon,38.52,1066,0,182.8,28.5,1429.0
Carrot,Chennai,2022,9,Monsoon,37.35,1429,0,140.1,31.3,2191.0
Carrot,Chennai,2022,10,Autumn,34.14,2191,1,44.3,39.4,3718.0
Carrot,Chennai,2022,11,Autumn,36.25,3718,1,9.5,41.4,4194.0
Carrot,Chennai,2022,12,Winter,34.55,4194,0,6.2,38.7,3995.0
Carrot,Chennai,2023,1,Winter,36.42,3995,0,39.1,33.4,3943.0
Carrot,Chennai,2023,2,Winter,36.68,3943,0,32.1,29.8,3142.0
Carrot,Chennai,2023,3,Summer,37.97,3142,0,4.2,26.0,2700.0
Carrot,Chennai,2023,4,Summer,38.91,2700,0,35.6,20.4,2091.0
Carrot,Chennai,2023,5,Summer,41.3,2091,0,56.0,23.1,1535.0
Carrot,Chennai,2023,6,Monsoon,40.31,1535,0,174.2,20.0,1283.0
Carrot,Chennai,2023,7,Monsoon,38.48,1283,0,180.1,26.0,1445.0
Carrot,Chennai,2023,8,Monsoon,36.65,1445,0,209.7,30.4,1624.0
Carrot,Chennai,2023,9,Monsoon,34.39,1624,0,155.7,34.5,2578.0
Carrot,Chennai,2023,10,Autumn,38.47,2578,1,68.6,36.6,3480.0
Carrot,Chennai,2023,11,Autumn,38.78,3480,1,9.7,39.5,4484.0
Carrot,Chennai,2023,12,Winter,37.11,4484,0,25.4,38.5,3836.0
Carrot,Chennai,2024,1,Winter,37.82,3836,0,29.7,33.4,3685.0
Carrot,Chennai,2024,2,Winter,33.89,3685,0,27.5,30.2,3444.0
Carrot,Chennai,2024,3,Summer,39.16,3444,0,29.6,26.2,2991.0
Carrot,Chennai,2024,4,Summer,41.88,2991,0,24.7,22.9,2119.0
Carrot,Chennai,2024,5,Summer,40.56,2119,0,53.1,17.3,1633.0
Carrot,Chennai,2024,6,Monsoon,41.74,1633,0,142.0,23.4,1427.0
Carrot,Chennai,2024,7,Monsoon,41.94,1427,0,189.4,26.2,1522.0
Carrot,Chennai,2024,8,Monsoon,41.61,1522,0,168.3,29.3,1929.0
Carrot,Chennai,2024,9,Monsoon,40.36,1929,0,150.9,34.1,2454.0
Carrot,Chennai,2024,10,Autumn,39.85,2454,1,61.2,38.3,3817.0
Carrot,Chennai,2024,11,Autumn,37.3,3817,1,31.1,39.1,4438.0
Carrot,Chennai,2024,12,Winter,35.6,4438,0,18.3,38.1,4259.0
Spinach,Delhi,2022,1,Winter,19.69,1875,0,2.9,33.9,2997.0
Spinach,Delhi,2022,2,Winter,19.21,2997,0,13.7,29.0,2870.0
Spinach,Delhi,2022,3,Summer,24.39,2870,0,0.0,24.0,2120.0
Spinach,Delhi,2022,4,Summer,21.24,2120,0,3.4,22.1,1496.0
Spinach,Delhi,2022,5,Summer,20.82,1496,0,94.2,21.6,963.0
Spinach,Delhi,2022,6,Monsoon,19.26,963,0,136.8,20.7,439.0
Spinach,Delhi,2022,7,Monsoon,22.01,439,0,180.4,23.7,410.0
Spinach,Delhi,2022,8,Monsoon,20.49,410,0,146.7,28.4,897.0
Spinach,Delhi,2022,9,Monsoon,21.8,897,0,170.1,33.6,1562.0
Spinach,Delhi,2022,10,Autumn,19.9,1562,1,66.0,36.5,2658.0
Spinach,Delhi,2022,11,Autumn,18.23,2658,1,22.6,38.6,3602.0
Spinach,Delhi,2022,12,Winter,19.6,3602,0,26.4,37.1,3335.0
Spinach,Delhi,2023,1,Winter,19.29,3335,0,7.0,34.6,3038.0
Spinach,Delhi,2023,2,Winter,21.39,3038,0,0.0,29.5,2581.0
Spinach,Delhi,2023,3,Summer,23.03,2581,0,57.8,26.8,2093.0
Spinach,Delhi,2023,4,Summer,18.21,2093,0,47.8,21.0,1392.0
Spinach,Delhi,2023,5,Summer,22.62,1392,0,75.0,21.2,968.0
Spinach,Delhi,2023,6,Monsoon,21.08,968,0,153.0,23.4,452.0
Spinach,Delhi,2023,7,Monsoon,21.37,452,0,218.1,25.7,461.0
Spinach,Delhi,2023,8,Monsoon,20.0,461,0,184.1,28.9,789.0
Spinach,Delhi,2023,9,Monsoon,22.75,789,0,144.4,33.6,1574.0
Spinach,Delhi,2023,10,Autumn,20.43,1574,1,70.6,36.7,2779.0
Spinach,Delhi,2023,11,Autumn,21.67,2779,1,30.7,38.9,3466.0
Spinach,Delhi,2023,12,Winter,17.46,3466,0,31.9,37.1,3375.0
Spinach,Delhi,2024,1,Winter,21.36,3375,0,30.9,35.4,3082.0
Spinach,Delhi,2024,2,Winter,21.82,3082,0,7.9,30.8,2600.0
Spinach,Delhi,2024,3,Summer,21.02,2600,0,36.6,24.2,2224.0
Spinach,Delhi,2024,4,Summer,22.86,2224,0,33.0,21.7,1418.0
Spinach,Delhi,2024,5,Summer,22.84,1418,0,25.4,19.6,782.0
Spinach,Delhi,2024,6,Monsoon,22.62,782,0,151.0,23.9,386.0
Spinach,Delhi,2024,7,Monsoon,22.69,386,0,198.7,25.0,475.0
Spinach,Delhi,2024,8,Monsoon,21.91,475,0,227.5,26.6,898.0
Spinach,Delhi,2024,9,Monsoon,22.97,898,0,135.6,35.8,1566.0
Spinach,Delhi,2024,10,Autumn,21.07,1566,1,62.5,37.6,2718.0
Spinach,Delhi,2024,11,Autumn,21.82,2718,1,17.2,39.4,3310.0
Spinach,Delhi,2024,12,Winter,21.81,3310,0,4.2,35.2,3264.0
Spinach,Mumbai,2022,1,Winter,22.05,2025,0,27.6,32.4,2883.0
Spinach,Mumbai,2022,2,Winter,18.6,2883,0,22.5,31.3,2752.0
Spinach,Mumbai,2022,3,Summer,20.99,2752,0,22.7,29.8,2386.0
Spinach,Mumbai,2022,4,Summer,19.76,2386,0,38.1,22.8,1691.0
Spinach,Mumbai,2022,5,Summer,21.85,1691,0,44.1,23.4,625.0
Spinach,Mumbai,2022,6,Monsoon,21.4,625,0,142.2,23.2,609.0
Spinach,Mumbai,2022,7,Monsoon,21.47,609,0,181.1,23.5,641.0
Spinach,Mumbai,2022,8,Monsoon,19.96,641,0,188.6,31.8,1109.0
Spinach,Mumbai,2022,9,Monsoon,18.72,1109,0,148.3,32.2,1797.0
Spinach,Mumbai,2022,10,Autumn,17.57,1797,1,96.3,38.7,2651.0
Spinach,Mumbai,2022,11,Autumn,21.15,2651,1,31.0,38.9,3559.0
Spinach,Mumbai,2022,12,Winter,18.77,3559,0,25.3,39.1,3490.0
Spinach,Mumbai,2023,1,Winter,20.14,3490,0,20.4,35.3,3472.0
Spinach,Mumbai,2023,2,Winter,23.37,3472,0,13.1,28.0,2816.0
Spinach,Mumbai,2023,3,Summer,21.29,2816,0,11.5,25.4,2155.0
Spinach,Mumbai,2023,4,Summer,22.04,2155,0,19.7,22.1,1181.0
Spinach,Mumbai,2023,5,Summer,23.05,1181,0,94.8,20.8,633.0
Spinach,Mumbai,2023,6,Monsoon,24.46,633,0,140.2,21.2,406.0
Spinach,Mumbai,2023,7,Monsoon,21.61,406,0,205.2,24.5,536.0
Spinach,Mumbai,2023,8,Monsoon,19.96,536,0,213.1,27.2,790.0
Spinach,Mumbai,2023,9,Monsoon,18.94,790,0,131.0,33.3,1636.0
Spinach,Mumbai,2023,10,Autumn,22.28,1636,1,36.4,36.3,2962.0
Spinach,Mumbai,2023,11,Autumn,18.01,2962,1,22.8,37.5,3655.0
Spinach,Mumbai,2023,12,Winter,21.26,3655,0,19.4,39.1,3603.0
Spinach,Mumbai,2024,1,Winter,20.32,3603,0,8.9,34.5,3355.0
Spinach,Mumbai,2024,2,Winter,20.89,3355,0,50.6,27.4,3047.0
Spinach,Mumbai,2024,3,Summer,21.1,3047,0,0.0,24.5,2236.0
Spinach,Mumbai,2024,4,Summer,23.39,2236,0,0.0,23.1,1528.0
Spinach,Mumbai,2024,5,Summer,21.65,1528,0,53.5,21.1,869.0
Spinach,Mumbai,2024,6,Monsoon,21.41,869,0,179.6,22.3,577.0
Spinach,Mumbai,2024,7,Monsoon,21.45,577,0,173.6,23.7,581.0
Spinach,Mumbai,2024,8,Monsoon,23.19,581,0,207.9,30.9,857.0
Spinach,Mumbai,2024,9,Monsoon,20.96,857,0,139.2,34.9,1670.0
Spinach,Mumbai,2024,10,Autumn,21.53,1670,1,73.2,37.3,3127.0
Spinach,Mumbai,2024,11,Autumn,21.55,3127,1,17.4,40.8,3600.0
Spinach,Mumbai,2024,12,Winter,19.4,3600,0,3.5,36.5,3531.0
Spinach,Pune,2022,1,Winter,19.99,1500,0,29.2,36.4,2175.0
Spinach,Pune,2022,2,Winter,20.02,2175,0,0.0,30.1,2097.0
Spinach,Pune,2022,3,Summer,21.66,2097,0,51.6,27.4,1536.0
Spinach,Pune,2022,4,Summer,20.06,1536,0,12.3,22.1,1141.0
Spinach,Pune,2022,5,Summer,23.25,1141,0,71.9,19.4,653.0
Spinach,Pune,2022,6,Monsoon,22.12,653,0,121.3,22.1,516.0
Spinach,Pune,2022,7,Monsoon,21.83,516,0,188.8,26.7,340.0
Spinach,Pune,2022,8,Monsoon,22.82,340,0,172.6,31.7,742.0
Spinach,Pune,2022,9,Monsoon,21.52,742,0,169.7,36.1,1167.0
Spinach,Pune,2022,10,Autumn,19.44,1167,1,92.6,38.6,2122.0
Spinach,Pune,2022,11,Autumn,20.54,2122,1,23.9,36.5,2674.0
Spinach,Pune,2022,12,Winter,19.03,2674,0,25.6,37.0,2566.0
Spinach,Pune,2023,1,Winter,22.1,2566,0,17.6,37.3,2479.0
Spinach,Pune,2023,2,Winter,22.18,2479,0,19.6,31.3,2048.0
Spinach,Pune,2023,3,Summer,22.77,2048,0,18.8,22.8,1778.0
Spinach,Pune,2023,4,Summer,22.65,1778,0,21.2,19.0,1033.0
Spinach,Pune,2023,5,Summer,22.6,1033,0,56.6,21.9,583.0
Spinach,Pune,2023,6,Monsoon,21.83,583,0,137.5,22.4,304.0
Spinach,Pune,2023,7,Monsoon,21.99,304,0,188.9,26.0,276.0
Spinach,Pune,2023,8,Monsoon,21.18,276,0,208.7,25.9,640.0
Spinach,Pune,2023,9,Monsoon,22.78,640,0,149.5,35.3,1154.0
Spinach,Pune,2023,10,Autumn,18.2,1154,1,75.4,38.1,2370.0
Spinach,Pune,2023,11,Autumn,20.71,2370,1,0.0,39.6,2844.0
Spinach,Pune,2023,12,Winter,17.82,2844,0,12.6,39.0,2690.0
Spinach,Pune,2024,1,Winter,21.37,2690,0,11.5,33.5,2587.0
Spinach,Pune,2024,2,Winter,21.29,2587,0,14.9,31.2,2083.0
Spinach,Pune,2024,3,Summer,20.86,2083,0,16.1,25.1,1671.0
Spinach,Pune,2024,4,Summer,20.14,1671,0,23.5,19.8,1166.0
Spinach,Pune,2024,5,Summer,24.0,1166,0,54.4,21.5,524.0
Spinach,Pune,2024,6,Monsoon,23.56,524,0,126.1,24.7,332.0
Spinach,Pune,2024,7,Monsoon,21.24,332,0,179.9,24.7,508.0
Spinach,Pune,2024,8,Monsoon,21.89,508,0,182.2,31.6,669.0
Spinach,Pune,2024,9,Monsoon,21.67,669,0,140.9,30.6,1235.0
Spinach,Pune,2024,10,Autumn,22.84,1235,1,79.0,35.0,2219.0
Spinach,Pune,2024,11,Autumn,22.19,2219,1,38.8,38.9,2625.0
Spinach,Pune,2024,12,Winter,18.29,2625,0,30.7,36.6,2532.0
Spinach,Bangalore,2022,1,Winter,20.08,1725,0,20.1,33.3,2358.0
Spinach,Bangalore,2022,2,Winter,21.25,2358,0,0.0,32.1,2229.0
Spinach,Bangalore,2022,3,Summer,21.15,2229,0,20.0,27.0,1848.0
Spinach,Bangalore,2022,4,Summer,21.19,1848,0,36.4,21.1,1260.0
Spinach,Bangalore,2022,5,Summer,21.67,1260,0,62.5,20.4,764.0
Spinach,Bangalore,2022,6,Monsoon,20.36,764,0,131.6,23.4,499.0
Spinach,Bangalore,2022,7,Monsoon,18.61,499,0,189.4,26.0,659.0
Spinach,Bangalore,2022,8,Monsoon,20.48,659,0,183.7,31.8,924.0
Spinach,Bangalore,2022,9,Monsoon,22.3,924,0,176.0,34.1,1450.0
Spinach,Bangalore,2022,10,Autumn,21.17,1450,1,72.8,37.9,2437.0
Spinach,Bangalore,2022,11,Autumn,19.7,2437,1,5.2,38.0,3165.0
Spinach,Bangalore,2022,12,Winter,18.03,3165,0,30.7,39.8,2989.0
Spinach,Bangalore,2023,1,Winter,20.59,2989,0,0.0,37.5,2903.0
Spinach,Bangalore,2023,2,Winter,21.31,2903,0,0.0,30.0,2447.0
Spinach,Bangalore,2023,3,Summer,19.87,2447,0,36.1,29.0,1802.0
Spinach,Bangalore,2023,4,Summer,23.26,1802,0,6.8,24.6,1204.0
Spinach,Bangalore,2023,5,Summer,23.49,1204,0,67.1,19.8,678.0
Spinach,Bangalore,2023,6,Monsoon,22.14,678,0,143.4,23.1,438.0
Spinach,Bangalore,2023,7,Monsoon,24.54,438,0,194.0,26.7,514.0
Spinach,Bangalore,2023,8,Monsoon,20.81,514,0,205.9,29.7,938.0
Spinach,Bangalore,2023,9,Monsoon,20.74,938,0,149.8,32.4,1485.0
Spinach,Bangalore,2023,10,Autumn,21.27,1485,1,58.9,40.0,2657.0
Spinach,Bangalore,2023,11,Autumn,18.85,2657,1,24.0,39.1,3258.0
Spinach,Bangalore,2023,12,Winter,19.24,3258,0,20.2,35.7,3036.0
Spinach,Bangalore,2024,1,Winter,19.95,3036,0,26.2,35.2,2924.0
Spinach,Bangalore,2024,2,Winter,20.54,2924,0,17.3,25.7,2602.0
Spinach,Bangalore,2024,3,Summer,24.06,2602,0,0.0,25.7,1801.0
Spinach,Bangalore,2024,4,Summer,24.73,1801,0,20.0,20.2,1185.0
Spinach,Bangalore,2024,5,Summer,23.83,1185,0,67.3,23.0,616.0
Spinach,Bangalore,2024,6,Monsoon,22.2,616,0,137.6,22.9,232.0
Spinach,Bangalore,2024,7,Monsoon,25.17,232,0,193.1,23.3,411.0
Spinach,Bangalore,2024,8,Monsoon,19.81,411,0,180.3,29.0,766.0
Spinach,Bangalore,2024,9,Monsoon,22.85,766,0,162.5,37.8,1398.0
Spinach,Bangalore,2024,10,Autumn,24.1,1398,1,60.1,36.4,2428.0
Spinach,Bangalore,2024,11,Autumn,18.33,2428,1,51.7,41.1,3139.0
Spinach,Bangalore,2024,12,Winter,20.52,3139,0,10.0,37.7,3329.0
Spinach,Kolkata,2022,1,Winter,20.42,1650,0,3.8,34.8,2429.0
Spinach,Kolkata,2022,2,Winter,20.13,2429,0,21.7,28.4,2347.0
Spinach,Kolkata,2022,3,Summer,22.54,2347,0,24.9,26.4,1876.0
Spinach,Kolkata,2022,4,Summer,20.31,1876,0,21.1,20.4,1226.0
Spinach,Kolkata,2022,5,Summer,20.26,1226,0,70.4,20.3,636.0
Spinach,Kolkata,2022,6,Monsoon,19.67,636,0,122.5,21.9,393.0
Spinach,Kolkata,2022,7,Monsoon,22.1,393,0,188.0,23.5,538.0
Spinach,Kolkata,2022,8,Monsoon,21.9,538,0,185.6,29.3,768.0
Spinach,Kolkata,2022,9,Monsoon,21.8,768,0,135.5,36.3,1449.0
Spinach,Kolkata,2022,10,Autumn,21.88,1449,1,80.5,34.8,2441.0
Spinach,Kolkata,2022,11,Autumn,19.62,2441,1,35.2,39.6,3051.0
Spinach,Kolkata,2022,12,Winter,20.62,3051,0,25.5,37.3,2741.0
Spinach,Kolkata,2023,1,Winter,19.28,2741,0,11.9,37.6,2696.0
Spinach,Kolkata,2023,2,Winter,19.57,2696,0,6.8,30.5,2354.0
Spinach,Kolkata,2023,3,Summer,22.3,2354,0,32.7,24.5,1871.0
Spinach,Kolkata,2023,4,Summer,26.34,1871,0,35.8,22.4,1254.0
Spinach,Kolkata,2023,5,Summer,22.1,1254,0,71.5,19.7,873.0
Spinach,Kolkata,2023,6,Monsoon,23.5,873,0,172.9,24.4,328.0
Spinach,Kolkata,2023,7,Monsoon,20.16,328,0,201.2,23.6,494.0
Spinach,Kolkata,2023,8,Monsoon,22.5,494,0,201.7,31.4,859.0
Spinach,Kolkata,2023,9,Monsoon,19.09,859,0,132.5,34.3,1259.0
Spinach,Kolkata,2023,10,Autumn,21.82,1259,1,77.7,36.7,2465.0
Spinach,Kolkata,2023,11,Autumn,19.24,2465,1,10.7,39.9,2908.0
Spinach,Kolkata,2023,12,Winter,19.38,2908,0,21.8,37.1,3077.0
Spinach,Kolkata,2024,1,Winter,19.37,3077,0,0.0,35.1,2893.0
Spinach,Kolkata,2024,2,Winter,19.9,2893,0,24.5,30.6,2340.0
Spinach,Kolkata,2024,3,Summer,22.51,2340,0,33.9,28.2,1694.0
Spinach,Kolkata,2024,4,Summer,22.6,1694,0,25.1,25.8,1310.0
Spinach,Kolkata,2024,5,Summer,23.77,1310,0,55.5,20.9,758.0
Spinach,Kolkata,2024,6,Monsoon,24.46,758,0,135.8,21.0,554.0
Spinach,Kolkata,2024,7,Monsoon,23.09,554,0,216.5,28.2,437.0
Spinach,Kolkata,2024,8,Monsoon,21.08,437,0,214.1,31.1,703.0
Spinach,Kolkata,2024,9,Monsoon,21.8,703,0,154.7,34.2,1465.0
Spinach,Kolkata,2024,10,Autumn,18.51,1465,1,78.0,39.8,2485.0
Spinach,Kolkata,2024,11,Autumn,19.85,2485,1,30.4,36.7,3002.0
Spinach,Kolkata,2024,12,Winter,23.43,3002,0,20.3,40.2,2760.0
Spinach,Patna,2022,1,Winter,20.1,1125,0,27.9,35.3,1686.0
Spinach,Patna,2022,2,Winter,21.53,1686,0,24.6,32.5,1479.0
Spinach,Patna,2022,3,Summer,21.0,1479,0,31.9,26.8,1274.0
Spinach,Patna,2022,4,Summer,21.32,1274,0,22.8,22.5,696.0
Spinach,Patna,2022,5,Summer,19.91,696,0,65.4,20.0,580.0
Spinach,Patna,2022,6,Monsoon,20.94,580,0,154.8,22.2,349.0
Spinach,Patna,2022,7,Monsoon,21.57,349,0,208.7,24.3,362.0
Spinach,Patna,2022,8,Monsoon,20.54,362,0,164.8,29.9,574.0
Spinach,Patna,2022,9,Monsoon,23.26,574,0,139.8,34.7,898.0
Spinach,Patna,2022,10,Autumn,19.21,898,1,71.0,40.8,1771.0
Spinach,Patna,2022,11,Autumn,20.61,1771,1,20.1,41.7,2132.0
Spinach,Patna,2022,12,Winter,19.51,2132,0,19.0,36.9,2064.0
Spinach,Patna,2023,1,Winter,19.81,2064,0,19.8,34.0,1966.0
Spinach,Patna,2023,2,Winter,19.66,1966,0,38.4,29.0,1676.0
Spinach,Patna,2023,3,Summer,19.45,1676,0,42.9,27.2,1254.0
Spinach,Patna,2023,4,Summer,24.05,1254,0,6.0,21.8,687.0
Spinach,Patna,2023,5,Summer,22.64,687,0,42.3,19.8,479.0
Spinach,Patna,2023,6,Monsoon,19.93,479,0,153.8,24.0,401.0
Spinach,Patna,2023,7,Monsoon,20.39,401,0,189.2,26.6,350.0
Spinach,Patna,2023,8,Monsoon,19.58,350,0,197.4,31.7,573.0
Spinach,Patna,2023,9,Monsoon,22.29,573,0,131.0,35.3,1029.0
Spinach,Patna,2023,10,Autumn,22.51,1029,1,58.6,39.2,1518.0
Spinach,Patna,2023,11,Autumn,19.8,1518,1,29.2,40.4,1980.0
Spinach,Patna,2023,12,Winter,19.75,1980,0,34.1,36.0,1959.0
Spinach,Patna,2024,1,Winter,19.81,1959,0,30.7,33.6,1879.0
Spinach,Patna,2024,2,Winter,19.11,1879,0,35.1,33.4,1658.0
Spinach,Patna,2024,3,Summer,20.52,1658,0,3.7,27.0,1204.0
Spinach,Patna,2024,4,Summer,22.91,1204,0,11.2,22.1,822.0
Spinach,Patna,2024,5,Summer,23.93,822,0,66.5,19.0,447.0
Spinach,Patna,2024,6,Monsoon,20.83,447,0,164.7,21.1,288.0
Spinach,Patna,2024,7,Monsoon,22.63,288,0,213.3,25.7,209.0
Spinach,Patna,2024,8,Monsoon,21.44,209,0,220.2,28.5,527.0
Spinach,Patna,2024,9,Monsoon,22.71,527,0,119.4,36.4,993.0
Spinach,Patna,2024,10,Autumn,19.73,993,1,75.0,37.6,1654.0
Spinach,Patna,2024,11,Autumn,21.9,1654,1,5.4,39.7,2161.0
Spinach,Patna,2024,12,Winter,20.18,2161,0,25.6,39.2,1968.0
Spinach,Hyderabad,2022,1,Winter,19.93,1575,0,27.1,33.9,2226.0
Spinach,Hyderabad,2022,2,Winter,21.22,2226,0,6.8,31.0,2058.0
Spinach,Hyderabad,2022,3,Summer,20.59,2058,0,30.1,24.7,1820.0
Spinach,Hyderabad,2022,4,Summer,23.82,1820,0,32.1,23.4,1076.0
Spinach,Hyderabad,2022,5,Summer,21.22,1076,0,51.8,19.9,458.0
Spinach,Hyderabad,2022,6,Monsoon,22.83,458,0,144.2,21.4,399.0
Spinach,Hyderabad,2022,7,Monsoon,22.58,399,0,184.9,26.4,368.0
Spinach,Hyderabad,2022,8,Monsoon,19.62,368,0,186.5,26.7,726.0
Spinach,Hyderabad,2022,9,Monsoon,19.85,726,0,148.4,33.1,1228.0
Spinach,Hyderabad,2022,10,Autumn,20.55,1228,1,69.2,38.4,2275.0
Spinach,Hyderabad,2022,11,Autumn,18.99,2275,1,0.0,38.1,2897.0
Spinach,Hyderabad,2022,12,Winter,20.54,2897,0,21.1,39.9,2670.0
Spinach,Hyderabad,2023,1,Winter,19.03,2670,0,30.2,35.5,2695.0
Spinach,Hyderabad,2023,2,Winter,21.24,2695,0,17.6,27.9,2289.0
Spinach,Hyderabad,2023,3,Summer,20.19,2289,0,16.6,25.4,1808.0
Spinach,Hyderabad,2023,4,Summer,22.3,1808,0,19.3,22.5,1054.0
Spinach,Hyderabad,2023,5,Summer,23.03,1054,0,53.2,17.7,532.0
Spinach,Hyderabad,2023,6,Monsoon,23.24,532,0,149.3,22.8,260.0
Spinach,Hyderabad,2023,7,Monsoon,24.64,260,0,192.9,28.0,460.0
Spinach,Hyderabad,2023,8,Monsoon,22.81,460,0,198.9,28.5,744.0
Spinach,Hyderabad,2023,9,Monsoon,20.96,744,0,155.7,33.6,1341.0
Spinach,Hyderabad,2023,10,Autumn,19.79,1341,1,70.3,38.5,2188.0
Spinach,Hyderabad,2023,11,Autumn,20.79,2188,1,44.4,42.7,2759.0
Spinach,Hyderabad,2023,12,Winter,21.88,2759,0,8.4,38.6,2593.0
Spinach,Hyderabad,2024,1,Winter,21.98,2593,0,18.1,34.8,2516.0
Spinach,Hyderabad,2024,2,Winter,22.79,2516,0,0.0,30.9,2191.0
Spinach,Hyderabad,2024,3,Summer,20.65,2191,0,26.1,24.8,1816.0
Spinach,Hyderabad,2024,4,Summer,24.56,1816,0,25.8,22.9,1030.0
Spinach,Hyderabad,2024,5,Summer,22.12,1030,0,58.3,21.2,729.0
Spinach,Hyderabad,2024,6,Monsoon,23.16,729,0,144.5,20.7,444.0
Spinach,Hyderabad,2024,7,Monsoon,23.55,444,0,207.9,26.1,450.0
Spinach,Hyderabad,2024,8,Monsoon,22.86,450,0,191.0,28.9,730.0
Spinach,Hyderabad,2024,9,Monsoon,22.72,730,0,172.6,36.5,1316.0
Spinach,Hyderabad,2024,10,Autumn,20.92,1316,1,65.3,35.9,2300.0
Spinach,Hyderabad,2024,11,Autumn,22.06,2300,1,23.4,39.7,2827.0
Spinach,Hyderabad,2024,12,Winter,21.68,2827,0,9.8,40.0,2690.0
Spinach,Chennai,2022,1,Winter,19.6,1500,0,18.4,34.3,2263.0
Spinach,Chennai,2022,2,Winter,20.91,2263,0,58.0,30.3,1937.0
Spinach,Chennai,2022,3,Summer,21.13,1937,0,12.7,27.3,1196.0
Spinach,Chennai,2022,4,Summer,18.35,1196,0,30.1,25.1,1175.0
Spinach,Chennai,2022,5,Summer,21.56,1175,0,25.0,22.4,468.0
Spinach,Chennai,2022,6,Monsoon,22.24,468,0,154.0,23.9,408.0
Spinach,Chennai,2022,7,Monsoon,22.54,408,0,187.7,22.7,579.0
Spinach,Chennai,2022,8,Monsoon,19.03,579,0,210.8,27.0,729.0
Spinach,Chennai,2022,9,Monsoon,21.11,729,0,123.4,34.6,1158.0
Spinach,Chennai,2022,10,Autumn,19.21,1158,1,78.2,38.7,2168.0
Spinach,Chennai,2022,11,Autumn,19.57,2168,1,0.0,38.5,2802.0
Spinach,Chennai,2022,12,Winter,19.03,2802,0,25.7,38.2,2692.0
Spinach,Chennai,2023,1,Winter,20.61,2692,0,35.0,34.4,2486.0
Spinach,Chennai,2023,2,Winter,19.82,2486,0,10.3,30.8,2197.0
Spinach,Chennai,2023,3,Summer,20.74,2197,0,20.4,25.0,1617.0
Spinach,Chennai,2023,4,Summer,22.12,1617,0,0.0,22.8,1159.0
Spinach,Chennai,2023,5,Summer,21.71,1159,0,58.6,23.8,594.0
Spinach,Chennai,2023,6,Monsoon,24.55,594,0,132.4,19.6,490.0
Spinach,Chennai,2023,7,Monsoon,24.78,490,0,202.9,24.2,363.0
Spinach,Chennai,2023,8,Monsoon,22.72,363,0,189.8,32.2,905.0
Spinach,Chennai,2023,9,Monsoon,20.34,905,0,151.0,33.9,1156.0
Spinach,Chennai,2023,10,Autumn,21.44,1156,1,62.4,39.5,2150.0
Spinach,Chennai,2023,11,Autumn,21.58,2150,1,5.1,39.3,2789.0
Spinach,Chennai,2023,12,Winter,21.21,2789,0,22.5,36.6,2346.0
Spinach,Chennai,2024,1,Winter,18.65,2346,0,25.7,38.4,2426.0
Spinach,Chennai,2024,2,Winter,22.67,2426,0,19.9,29.3,2144.0
Spinach,Chennai,2024,3,Summer,21.86,2144,0,22.3,26.7,1917.0
Spinach,Chennai,2024,4,Summer,20.06,1917,0,22.3,22.5,1142.0
Spinach,Chennai,2024,5,Summer,19.89,1142,0,83.8,19.0,701.0
Spinach,Chennai,2024,6,Monsoon,22.6,701,0,167.8,22.3,230.0
Spinach,Chennai,2024,7,Monsoon,20.41,230,0,200.7,26.5,503.0
Spinach,Chennai,2024,8,Monsoon,23.27,503,0,205.4,31.7,781.0
Spinach,Chennai,2024,9,Monsoon,19.29,781,0,155.1,35.8,1170.0
Spinach,Chennai,2024,10,Autumn,21.76,1170,1,55.5,37.6,2175.0
Spinach,Chennai,2024,11,Autumn,19.54,2175,1,36.8,40.7,2811.0
Spinach,Chennai,2024,12,Winter,21.05,2811,0,7.3,37.5,2329.0
Cabbage,Delhi,2022,1,Winter,16.63,3000,0,56.2,35.3,4626.0
Cabbage,Delhi,2022,2,Winter,16.92,4626,0,14.8,30.2,4810.0
Cabbage,Delhi,2022,3,Summer,19.67,4810,0,18.4,25.7,4164.0
Cabbage,Delhi,2022,4,Summer,22.06,4164,0,19.2,23.9,3291.0
Cabbage,Delhi,2022,5,Summer,20.87,3291,0,68.3,21.3,2295.0
Cabbage,Delhi,2022,6,Monsoon,17.76,2295,0,143.1,19.9,1630.0
Cabbage,Delhi,2022,7,Monsoon,20.31,1630,0,193.0,28.2,1161.0
Cabbage,Delhi,2022,8,Monsoon,20.99,1161,0,182.9,32.1,1378.0
Cabbage,Delhi,2022,9,Monsoon,17.64,1378,0,140.6,36.2,2029.0
Cabbage,Delhi,2022,10,Autumn,17.42,2029,1,100.7,38.1,3379.0
Cabbage,Delhi,2022,11,Autumn,18.97,3379,1,12.9,36.9,4566.0
Cabbage,Delhi,2022,12,Winter,16.25,4566,0,15.3,37.2,4480.0
Cabbage,Delhi,2023,1,Winter,20.65,4480,0,11.6,33.0,4677.0
Cabbage,Delhi,2023,2,Winter,19.22,4677,0,28.6,31.3,4419.0
Cabbage,Delhi,2023,3,Summer,19.15,4419,0,24.1,25.1,4030.0
Cabbage,Delhi,2023,4,Summer,19.28,4030,0,14.3,20.2,3203.0
Cabbage,Delhi,2023,5,Summer,20.97,3203,0,38.2,21.8,2834.0
Cabbage,Delhi,2023,6,Monsoon,18.46,2834,0,141.4,21.4,1887.0
Cabbage,Delhi,2023,7,Monsoon,19.92,1887,0,196.9,24.3,1036.0
Cabbage,Delhi,2023,8,Monsoon,19.97,1036,0,207.8,28.8,1085.0
Cabbage,Delhi,2023,9,Monsoon,19.6,1085,0,138.5,34.1,1945.0
Cabbage,Delhi,2023,10,Autumn,20.43,1945,1,88.2,38.9,3503.0
Cabbage,Delhi,2023,11,Autumn,19.95,3503,1,28.5,38.9,4575.0
Cabbage,Delhi,2023,12,Winter,16.97,4575,0,29.7,35.6,4450.0
Cabbage,Delhi,2024,1,Winter,20.13,4450,0,31.7,34.5,4829.0
Cabbage,Delhi,2024,2,Winter,17.24,4829,0,38.0,31.8,4646.0
Cabbage,Delhi,2024,3,Summer,18.69,4646,0,10.9,23.0,4270.0
Cabbage,Delhi,2024,4,Summer,19.9,4270,0,26.9,25.2,3731.0
Cabbage,Delhi,2024,5,Summer,18.42,3731,0,69.3,21.0,2747.0
Cabbage,Delhi,2024,6,Monsoon,22.41,2747,0,139.7,21.2,1981.0
Cabbage,Delhi,2024,7,Monsoon,20.69,1981,0,210.8,25.0,1387.0
Cabbage,Delhi,2024,8,Monsoon,21.13,1387,0,205.6,32.3,1770.0
Cabbage,Delhi,2024,9,Monsoon,21.37,1770,0,160.7,34.1,2300.0
Cabbage,Delhi,2024,10,Autumn,19.69,2300,1,96.6,39.6,3302.0
Cabbage,Delhi,2024,11,Autumn,19.7,3302,1,28.6,41.5,4417.0
Cabbage,Delhi,2024,12,Winter,18.46,4417,0,20.8,37.3,4463.0
Cabbage,Mumbai,2022,1,Winter,17.53,3240,0,45.8,34.1,4439.0
Cabbage,Mumbai,2022,2,Winter,19.87,4439,0,30.7,32.1,4732.0
Cabbage,Mumbai,2022,3,Summer,18.72,4732,0,28.6,25.3,4344.0
Cabbage,Mumbai,2022,4,Summer,19.14,4344,0,20.9,22.4,3443.0
Cabbage,Mumbai,2022,5,Summer,22.83,3443,0,62.9,23.6,2309.0
Cabbage,Mumbai,2022,6,Monsoon,19.27,2309,0,128.4,20.8,1981.0
Cabbage,Mumbai,2022,7,Monsoon,20.3,1981,0,202.7,25.8,1352.0
Cabbage,Mumbai,2022,8,Monsoon,17.2,1352,0,190.2,30.0,1336.0
Cabbage,Mumbai,2022,9,Monsoon,19.37,1336,0,130.5,35.6,2177.0
Cabbage,Mumbai,2022,10,Autumn,19.44,2177,1,39.0,35.6,2997.0
Cabbage,Mumbai,2022,11,Autumn,19.16,2997,1,38.4,36.3,4376.0
Cabbage,Mumbai,2022,12,Winter,14.42,4376,0,35.7,42.6,4888.0
Cabbage,Mumbai,2023,1,Winter,17.71,4888,0,0.0,35.1,5042.0
Cabbage,Mumbai,2023,2,Winter,16.12,5042,0,6.3,31.2,5137.0
Cabbage,Mumbai,2023,3,Summer,20.77,5137,0,13.9,23.4,4343.0
Cabbage,Mumbai,2023,4,Summer,17.96,4343,0,48.6,24.0,3500.0
Cabbage,Mumbai,2023,5,Summer,20.23,3500,0,68.4,23.3,2628.0
Cabbage,Mumbai,2023,6,Monsoon,21.84,2628,0,144.3,22.1,1842.0
Cabbage,Mumbai,2023,7,Monsoon,19.38,1842,0,187.9,24.7,1200.0
Cabbage,Mumbai,2023,8,Monsoon,19.73,1200,0,182.6,32.2,1630.0
Cabbage,Mumbai,2023,9,Monsoon,19.39,1630,0,110.1,35.4,2044.0
Cabbage,Mumbai,2023,10,Autumn,16.11,2044,1,69.3,37.1,3730.0
Cabbage,Mumbai,2023,11,Autumn,17.19,3730,1,23.6,38.5,4474.0
Cabbage,Mumbai,2023,12,Winter,18.43,4474,0,23.4,40.2,4452.0
Cabbage,Mumbai,2024,1,Winter,19.75,4452,0,23.4,34.4,4997.0
Cabbage,Mumbai,2024,2,Winter,17.28,4997,0,0.0,30.8,4591.0
Cabbage,Mumbai,2024,3,Summer,16.8,4591,0,17.2,26.1,4412.0
Cabbage,Mumbai,2024,4,Summer,18.44,4412,0,31.5,22.3,3336.0
Cabbage,Mumbai,2024,5,Summer,21.7,3336,0,82.0,18.7,2500.0
Cabbage,Mumbai,2024,6,Monsoon,20.41,2500,0,145.8,19.6,1948.0
Cabbage,Mumbai,2024,7,Monsoon,20.89,1948,0,173.8,26.2,1361.0
Cabbage,Mumbai,2024,8,Monsoon,21.1,1361,0,206.7,26.7,1815.0
Cabbage,Mumbai,2024,9,Monsoon,19.79,1815,0,168.9,35.1,2028.0
Cabbage,Mumbai,2024,10,Autumn,18.52,2028,1,62.0,38.6,3660.0
Cabbage,Mumbai,2024,11,Autumn,17.21,3660,1,52.0,38.9,4481.0
Cabbage,Mumbai,2024,12,Winter,19.92,4481,0,31.6,37.7,4598.0
Cabbage,Pune,2022,1,Winter,16.43,2400,0,32.5,34.3,3372.0
Cabbage,Pune,2022,2,Winter,17.47,3372,0,2.0,33.0,3616.0
Cabbage,Pune,2022,3,Summer,17.66,3616,0,11.9,23.9,3371.0
Cabbage,Pune,2022,4,Summer,18.73,3371,0,12.2,20.9,2704.0
Cabbage,Pune,2022,5,Summer,19.93,2704,0,91.2,21.5,2049.0
Cabbage,Pune,2022,6,Monsoon,17.9,2049,0,130.0,20.8,1243.0
Cabbage,Pune,2022,7,Monsoon,19.67,1243,0,205.8,25.9,659.0
Cabbage,Pune,2022,8,Monsoon,22.29,659,0,224.7,28.7,765.0
Cabbage,Pune,2022,9,Monsoon,19.54,765,0,135.1,31.2,1299.0
Cabbage,Pune,2022,10,Autumn,19.6,1299,1,50.5,35.7,2637.0
Cabbage,Pune,2022,11,Autumn,18.29,2637,1,47.2,38.0,3296.0
Cabbage,Pune,2022,12,Winter,18.25,3296,0,15.0,37.0,3640.0
Cabbage,Pune,2023,1,Winter,19.4,3640,0,34.9,33.2,3692.0
Cabbage,Pune,2023,2,Winter,17.36,3692,0,15.1,28.9,3856.0
Cabbage,Pune,2023,3,Summer,18.17,3856,0,24.6,25.8,3618.0
Cabbage,Pune,2023,4,Summer,18.7,3618,0,39.6,21.1,2664.0
Cabbage,Pune,2023,5,Summer,20.23,2664,0,68.8,19.9,2140.0
Cabbage,Pune,2023,6,Monsoon,19.34,2140,0,127.6,20.5,1376.0
Cabbage,Pune,2023,7,Monsoon,21.48,1376,0,223.8,27.0,992.0
Cabbage,Pune,2023,8,Monsoon,21.11,992,0,189.6,27.8,1164.0
Cabbage,Pune,2023,9,Monsoon,19.42,1164,0,166.6,34.2,1566.0
Cabbage,Pune,2023,10,Autumn,20.11,1566,1,80.0,35.6,2591.0
Cabbage,Pune,2023,11,Autumn,18.35,2591,1,4.1,35.9,3678.0
Cabbage,Pune,2023,12,Winter,20.89,3678,0,45.1,38.3,3546.0
Cabbage,Pune,2024,1,Winter,17.82,3546,0,34.3,33.8,3599.0
Cabbage,Pune,2024,2,Winter,17.79,3599,0,0.0,31.9,3460.0
Cabbage,Pune,2024,3,Summer,21.57,3460,0,2.3,25.2,3421.0
Cabbage,Pune,2024,4,Summer,18.2,3421,0,0.0,21.7,2795.0
Cabbage,Pune,2024,5,Summer,20.31,2795,0,70.9,20.0,1894.0
Cabbage,Pune,2024,6,Monsoon,21.55,1894,0,171.5,23.0,938.0
Cabbage,Pune,2024,7,Monsoon,22.62,938,0,192.9,28.6,656.0
Cabbage,Pune,2024,8,Monsoon,23.01,656,0,189.2,28.2,1018.0
Cabbage,Pune,2024,9,Monsoon,16.56,1018,0,135.8,34.6,1406.0
Cabbage,Pune,2024,10,Autumn,16.93,1406,1,67.1,39.1,2544.0
Cabbage,Pune,2024,11,Autumn,19.42,2544,1,35.1,36.8,3452.0
Cabbage,Pune,2024,12,Winter,18.45,3452,0,45.7,37.4,3653.0
Cabbage,Bangalore,2022,1,Winter,16.82,2760,0,0.1,34.2,3913.0
Cabbage,Bangalore,2022,2,Winter,16.55,3913,0,32.7,30.8,4095.0
Cabbage,Bangalore,2022,3,Summer,18.19,4095,0,42.4,24.3,3639.0
Cabbage,Bangalore,2022,4,Summer,20.48,3639,0,19.1,19.8,2817.0
Cabbage,Bangalore,2022,5,Summer,18.16,2817,0,82.0,20.1,2393.0
Cabbage,Bangalore,2022,6,Monsoon,20.48,2393,0,162.2,22.5,1559.0
Cabbage,Bangalore,2022,7,Monsoon,20.82,1559,0,193.7,24.5,1106.0
Cabbage,Bangalore,2022,8,Monsoon,19.44,1106,0,216.1,29.5,1395.0
Cabbage,Bangalore,2022,9,Monsoon,18.99,1395,0,147.6,34.1,1958.0
Cabbage,Bangalore,2022,10,Autumn,18.52,1958,1,56.6,37.6,3192.0
Cabbage,Bangalore,2022,11,Autumn,17.76,3192,1,18.5,41.7,4013.0
Cabbage,Bangalore,2022,12,Winter,16.15,4013,0,17.4,35.8,4015.0
Cabbage,Bangalore,2023,1,Winter,17.32,4015,0,37.0,34.5,4446.0
Cabbage,Bangalore,2023,2,Winter,16.95,4446,0,43.3,31.9,4118.0
Cabbage,Bangalore,2023,3,Summer,18.17,4118,0,47.2,25.9,3796.0
Cabbage,Bangalore,2023,4,Summer,19.39,3796,0,35.1,21.3,3153.0
Cabbage,Bangalore,2023,5,Summer,18.06,3153,0,49.2,21.0,2115.0
Cabbage,Bangalore,2023,6,Monsoon,19.56,2115,0,138.8,22.9,1455.0
Cabbage,Bangalore,2023,7,Monsoon,20.76,1455,0,194.6,23.8,1382.0
Cabbage,Bangalore,2023,8,Monsoon,20.54,1382,0,192.7,29.7,1000.0
Cabbage,Bangalore,2023,9,Monsoon,19.45,1000,0,155.3,39.2,1681.0
Cabbage,Bangalore,2023,10,Autumn,20.44,1681,1,77.7,40.3,2596.0
Cabbage,Bangalore,2023,11,Autumn,19.41,2596,1,28.5,42.9,3689.0
Cabbage,Bangalore,2023,12,Winter,19.87,3689,0,24.2,35.9,3812.0
Cabbage,Bangalore,2024,1,Winter,17.77,3812,0,21.1,33.2,4431.0
Cabbage,Bangalore,2024,2,Winter,17.09,4431,0,21.6,29.2,3884.0
Cabbage,Bangalore,2024,3,Summer,20.47,3884,0,1.2,25.7,3493.0
Cabbage,Bangalore,2024,4,Summer,19.32,3493,0,43.6,21.1,2746.0
Cabbage,Bangalore,2024,5,Summer,17.74,2746,0,81.4,24.1,2123.0
Cabbage,Bangalore,2024,6,Monsoon,21.41,2123,0,166.3,20.0,1726.0
Cabbage,Bangalore,2024,7,Monsoon,23.23,1726,0,195.0,26.3,1550.0
Cabbage,Bangalore,2024,8,Monsoon,19.33,1550,0,192.9,29.2,1557.0
Cabbage,Bangalore,2024,9,Monsoon,20.35,1557,0,126.7,34.1,1760.0
Cabbage,Bangalore,2024,10,Autumn,19.48,1760,1,70.8,41.6,2914.0
Cabbage,Bangalore,2024,11,Autumn,21.11,2914,1,35.2,39.4,3963.0
Cabbage,Bangalore,2024,12,Winter,16.42,3963,0,16.3,35.1,3783.0
Cabbage,Kolkata,2022,1,Winter,19.22,2640,0,25.7,32.5,3737.0
Cabbage,Kolkata,2022,2,Winter,18.47,3737,0,16.3,28.7,3740.0
Cabbage,Kolkata,2022,3,Summer,18.48,3740,0,5.2,27.3,3425.0
Cabbage,Kolkata,2022,4,Summer,19.04,3425,0,29.6,22.2,2692.0
Cabbage,Kolkata,2022,5,Summer,21.21,2692,0,97.6,20.1,2024.0
Cabbage,Kolkata,2022,6,Monsoon,21.02,2024,0,159.4,23.3,1329.0
Cabbage,Kolkata,2022,7,Monsoon,19.19,1329,0,210.0,28.3,1143.0
Cabbage,Kolkata,2022,8,Monsoon,21.81,1143,0,186.0,29.5,1057.0
Cabbage,Kolkata,2022,9,Monsoon,19.91,1057,0,133.1,36.9,1992.0
Cabbage,Kolkata,2022,10,Autumn,17.58,1992,1,59.8,38.0,2982.0
Cabbage,Kolkata,2022,11,Autumn,18.44,2982,1,0.0,40.0,3840.0
Cabbage,Kolkata,2022,12,Winter,18.62,3840,0,14.1,36.5,3706.0
Cabbage,Kolkata,2023,1,Winter,20.08,3706,0,27.7,37.6,3748.0
Cabbage,Kolkata,2023,2,Winter,18.05,3748,0,11.9,30.6,3655.0
Cabbage,Kolkata,2023,3,Summer,21.22,3655,0,25.8,25.5,3363.0
Cabbage,Kolkata,2023,4,Summer,17.64,3363,0,37.5,20.3,2940.0
Cabbage,Kolkata,2023,5,Summer,19.65,2940,0,82.8,19.6,1919.0
Cabbage,Kolkata,2023,6,Monsoon,19.41,1919,0,144.6,23.5,1427.0
Cabbage,Kolkata,2023,7,Monsoon,22.62,1427,0,176.9,24.5,1143.0
Cabbage,Kolkata,2023,8,Monsoon,17.78,1143,0,178.8,29.5,1116.0
Cabbage,Kolkata,2023,9,Monsoon,22.27,1116,0,167.7,34.3,1604.0
Cabbage,Kolkata,2023,10,Autumn,15.34,1604,1,66.0,38.8,2926.0
Cabbage,Kolkata,2023,11,Autumn,19.89,2926,1,19.3,41.2,3635.0
Cabbage,Kolkata,2023,12,Winter,16.88,3635,0,38.6,37.4,3896.0
Cabbage,Kolkata,2024,1,Winter,19.02,3896,0,17.0,36.8,4081.0
Cabbage,Kolkata,2024,2,Winter,19.79,4081,0,33.5,31.6,4160.0
Cabbage,Kolkata,2024,3,Summer,20.83,4160,0,29.1,25.8,3520.0
Cabbage,Kolkata,2024,4,Summer,21.92,3520,0,20.5,24.8,2804.0
Cabbage,Kolkata,2024,5,Summer,21.33,2804,0,59.8,23.2,2130.0
Cabbage,Kolkata,2024,6,Monsoon,20.59,2130,0,142.5,22.7,1398.0
Cabbage,Kolkata,2024,7,Monsoon,20.24,1398,0,195.8,25.9,1291.0
Cabbage,Kolkata,2024,8,Monsoon,20.23,1291,0,213.2,31.5,1380.0
Cabbage,Kolkata,2024,9,Monsoon,21.15,1380,0,148.4,32.6,1734.0
Cabbage,Kolkata,2024,10,Autumn,20.65,1734,1,105.5,40.0,2891.0
Cabbage,Kolkata,2024,11,Autumn,16.66,2891,1,22.5,37.5,3713.0
Cabbage,Kolkata,2024,12,Winter,17.93,3713,0,19.3,34.6,3830.0
Cabbage,Patna,2022,1,Winter,16.98,1800,0,16.8,33.5,2756.0
Cabbage,Patna,2022,2,Winter,17.5,2756,0,29.9,29.2,2698.0
Cabbage,Patna,2022,3,Summer,19.4,2698,0,8.5,24.3,2338.0
Cabbage,Patna,2022,4,Summer,18.67,2338,0,3.6,22.1,1712.0
Cabbage,Patna,2022,5,Summer,19.66,1712,0,66.0,22.3,1618.0
Cabbage,Patna,2022,6,Monsoon,23.33,1618,0,166.0,24.4,1082.0
Cabbage,Patna,2022,7,Monsoon,18.77,1082,0,196.3,27.0,823.0
Cabbage,Patna,2022,8,Monsoon,18.5,823,0,184.2,30.6,785.0
Cabbage,Patna,2022,9,Monsoon,16.33,785,0,153.5,34.3,1016.0
Cabbage,Patna,2022,10,Autumn,19.09,1016,1,49.4,36.5,1936.0
Cabbage,Patna,2022,11,Autumn,19.48,1936,1,36.0,40.1,2649.0
Cabbage,Patna,2022,12,Winter,18.89,2649,0,23.1,39.4,2695.0
Cabbage,Patna,2023,1,Winter,17.59,2695,0,39.1,31.0,2752.0
Cabbage,Patna,2023,2,Winter,16.11,2752,0,37.3,32.4,2872.0
Cabbage,Patna,2023,3,Summer,18.21,2872,0,2.4,23.8,2409.0
Cabbage,Patna,2023,4,Summer,20.03,2409,0,0.0,23.2,2038.0
Cabbage,Patna,2023,5,Summer,19.58,2038,0,60.1,20.9,1642.0
Cabbage,Patna,2023,6,Monsoon,20.02,1642,0,104.8,20.8,960.0
Cabbage,Patna,2023,7,Monsoon,19.24,960,0,190.0,25.3,785.0
Cabbage,Patna,2023,8,Monsoon,19.38,785,0,203.3,29.6,808.0
Cabbage,Patna,2023,9,Monsoon,20.27,808,0,147.2,31.9,1079.0
Cabbage,Patna,2023,10,Autumn,20.72,1079,1,85.5,38.7,1797.0
Cabbage,Patna,2023,11,Autumn,17.55,1797,1,14.4,37.1,2711.0
Cabbage,Patna,2023,12,Winter,17.5,2711,0,42.3,36.1,2681.0
Cabbage,Patna,2024,1,Winter,16.3,2681,0,28.8,31.9,2853.0
Cabbage,Patna,2024,2,Winter,18.92,2853,0,0.0,29.3,2750.0
Cabbage,Patna,2024,3,Summer,20.28,2750,0,17.9,25.0,2414.0
Cabbage,Patna,2024,4,Summer,20.19,2414,0,10.3,22.3,2108.0
Cabbage,Patna,2024,5,Summer,19.35,2108,0,78.4,22.8,1423.0
Cabbage,Patna,2024,6,Monsoon,19.2,1423,0,143.7,22.0,1158.0
Cabbage,Patna,2024,7,Monsoon,21.66,1158,0,207.1,25.0,808.0
Cabbage,Patna,2024,8,Monsoon,20.41,808,0,204.7,28.0,811.0
Cabbage,Patna,2024,9,Monsoon,16.71,811,0,156.6,33.6,1056.0
Cabbage,Patna,2024,10,Autumn,22.01,1056,1,65.7,37.9,1945.0
Cabbage,Patna,2024,11,Autumn,20.64,1945,1,21.2,39.0,2506.0
Cabbage,Patna,2024,12,Winter,20.68,2506,0,17.9,36.2,2636.0
Cabbage,Hyderabad,2022,1,Winter,18.17,2520,0,9.4,34.3,3538.0
Cabbage,Hyderabad,2022,2,Winter,18.07,3538,0,12.0,29.0,3636.0
Cabbage,Hyderabad,2022,3,Summer,18.09,3636,0,13.2,23.5,3300.0
Cabbage,Hyderabad,2022,4,Summer,19.55,3300,0,15.2,22.5,2799.0
Cabbage,Hyderabad,2022,5,Summer,18.24,2799,0,74.9,20.6,1899.0
Cabbage,Hyderabad,2022,6,Monsoon,18.31,1899,0,138.4,22.2,1448.0
Cabbage,Hyderabad,2022,7,Monsoon,20.7,1448,0,179.4,23.0,1051.0
Cabbage,Hyderabad,2022,8,Monsoon,20.01,1051,0,181.3,28.4,1382.0
Cabbage,Hyderabad,2022,9,Monsoon,20.53,1382,0,141.2,34.2,1385.0
Cabbage,Hyderabad,2022,10,Autumn,14.72,1385,1,96.1,41.5,2721.0
Cabbage,Hyderabad,2022,11,Autumn,17.4,2721,1,9.2,38.6,3779.0
Cabbage,Hyderabad,2022,12,Winter,17.36,3779,0,18.3,36.4,3838.0
Cabbage,Hyderabad,2023,1,Winter,20.79,3838,0,2.2,32.0,3772.0
Cabbage,Hyderabad,2023,2,Winter,18.91,3772,0,17.9,29.4,4005.0
Cabbage,Hyderabad,2023,3,Summer,16.6,4005,0,28.7,23.2,3380.0
Cabbage,Hyderabad,2023,4,Summer,20.23,3380,0,16.0,19.6,2540.0
Cabbage,Hyderabad,2023,5,Summer,19.27,2540,0,89.0,23.7,2044.0
Cabbage,Hyderabad,2023,6,Monsoon,19.32,2044,0,128.8,23.1,1297.0
Cabbage,Hyderabad,2023,7,Monsoon,19.7,1297,0,189.5,24.8,1237.0
Cabbage,Hyderabad,2023,8,Monsoon,18.16,1237,0,182.1,32.6,1491.0
Cabbage,Hyderabad,2023,9,Monsoon,18.93,1491,0,132.0,34.5,1662.0
Cabbage,Hyderabad,2023,10,Autumn,20.75,1662,1,78.6,40.0,2659.0
Cabbage,Hyderabad,2023,11,Autumn,17.15,2659,1,22.8,37.8,3471.0
Cabbage,Hyderabad,2023,12,Winter,15.47,3471,0,13.4,38.2,3703.0
Cabbage,Hyderabad,2024,1,Winter,17.72,3703,0,42.7,36.2,3667.0
Cabbage,Hyderabad,2024,2,Winter,20.24,3667,0,26.9,26.5,3660.0
Cabbage,Hyderabad,2024,3,Summer,20.38,3660,0,47.5,22.9,3286.0
Cabbage,Hyderabad,2024,4,Summer,20.49,3286,0,15.0,20.2,2779.0
Cabbage,Hyderabad,2024,5,Summer,19.38,2779,0,93.4,22.5,1884.0
Cabbage,Hyderabad,2024,6,Monsoon,19.53,1884,0,126.8,24.4,1643.0
Cabbage,Hyderabad,2024,7,Monsoon,20.34,1643,0,201.7,26.0,1265.0
Cabbage,Hyderabad,2024,8,Monsoon,21.59,1265,0,193.6,29.4,1177.0
Cabbage,Hyderabad,2024,9,Monsoon,20.12,1177,0,135.3,35.4,1691.0
Cabbage,Hyderabad,2024,10,Autumn,22.08,1691,1,59.8,36.0,2943.0
Cabbage,Hyderabad,2024,11,Autumn,18.68,2943,1,33.3,38.4,3903.0
Cabbage,Hyderabad,2024,12,Winter,21.31,3903,0,14.7,36.8,3729.0
Cabbage,Chennai,2022,1,Winter,18.19,2400,0,46.5,32.4,3704.0
Cabbage,Chennai,2022,2,Winter,15.97,3704,0,20.4,29.6,3783.0
Cabbage,Chennai,2022,3,Summer,16.26,3783,0,8.4,25.4,3498.0
Cabbage,Chennai,2022,4,Summer,16.89,3498,0,37.3,22.2,2911.0
Cabbage,Chennai,2022,5,Summer,16.56,2911,0,61.1,19.3,1951.0
Cabbage,Chennai,2022,6,Monsoon,20.46,1951,0,125.5,21.3,1323.0
Cabbage,Chennai,2022,7,Monsoon,19.65,1323,0,199.2,24.4,1333.0
Cabbage,Chennai,2022,8,Monsoon,17.22,1333,0,188.6,30.6,1452.0
Cabbage,Chennai,2022,9,Monsoon,18.86,1452,0,140.1,36.1,1724.0
Cabbage,Chennai,2022,10,Autumn,20.04,1724,1,76.7,37.1,2525.0
Cabbage,Chennai,2022,11,Autumn,18.47,2525,1,31.7,38.4,3385.0
Cabbage,Chennai,2022,12,Winter,17.95,3385,0,20.7,36.2,3526.0
Cabbage,Chennai,2023,1,Winter,18.19,3526,0,11.9,34.4,3598.0
Cabbage,Chennai,2023,2,Winter,21.43,3598,0,18.1,28.5,3677.0
Cabbage,Chennai,2023,3,Summer,15.77,3677,0,24.1,27.3,2886.0
Cabbage,Chennai,2023,4,Summer,18.75,2886,0,14.0,20.1,2541.0
Cabbage,Chennai,2023,5,Summer,20.18,2541,0,80.4,19.3,1903.0
Cabbage,Chennai,2023,6,Monsoon,21.95,1903,0,152.5,21.4,1315.0
Cabbage,Chennai,2023,7,Monsoon,21.2,1315,0,220.5,24.3,1012.0
Cabbage,Chennai,2023,8,Monsoon,19.6,1012,0,189.0,30.9,736.0
Cabbage,Chennai,2023,9,Monsoon,21.34,736,0,101.3,36.4,1705.0
Cabbage,Chennai,2023,10,Autumn,18.49,1705,1,66.3,35.9,2653.0
Cabbage,Chennai,2023,11,Autumn,21.68,2653,1,4.9,41.5,3507.0
Cabbage,Chennai,2023,12,Winter,20.31,3507,0,19.8,35.9,3528.0
Cabbage,Chennai,2024,1,Winter,17.72,3528,0,15.7,35.2,3715.0
Cabbage,Chennai,2024,2,Winter,18.54,3715,0,0.0,31.6,3761.0
Cabbage,Chennai,2024,3,Summer,17.4,3761,0,17.0,25.3,3362.0
Cabbage,Chennai,2024,4,Summer,19.65,3362,0,6.9,21.5,2635.0
Cabbage,Chennai,2024,5,Summer,21.32,2635,0,41.0,20.7,1854.0
Cabbage,Chennai,2024,6,Monsoon,20.44,1854,0,143.9,22.4,1195.0
Cabbage,Chennai,2024,7,Monsoon,19.29,1195,0,193.3,27.0,978.0
Cabbage,Chennai,2024,8,Monsoon,20.49,978,0,173.1,31.4,985.0
Cabbage,Chennai,2024,9,Monsoon,18.76,985,0,148.7,32.7,1306.0
Cabbage,Chennai,2024,10,Autumn,18.63,1306,1,50.6,39.8,2617.0
Cabbage,Chennai,2024,11,Autumn,17.66,2617,1,7.5,40.1,3491.0
Cabbage,Chennai,2024,12,Winter,19.57,3491,0,20.8,41.3,3438.0
Brinjal,Delhi,2022,1,Winter,21.7,2500,0,30.3,37.7,2855.0
Brinjal,Delhi,2022,2,Winter,24.21,2855,0,16.4,29.4,2389.0
Brinjal,Delhi,2022,3,Summer,25.09,2389,0,41.1,23.4,2171.0
Brinjal,Delhi,2022,4,Summer,24.0,2171,0,19.5,20.7,1626.0
Brinjal,Delhi,2022,5,Summer,24.11,1626,0,55.2,21.3,1526.0
Brinjal,Delhi,2022,6,Monsoon,27.9,1526,0,149.0,22.5,1344.0
Brinjal,Delhi,2022,7,Monsoon,25.11,1344,0,183.0,24.7,1707.0
Brinjal,Delhi,2022,8,Monsoon,23.89,1707,0,181.4,27.0,2327.0
Brinjal,Delhi,2022,9,Monsoon,26.72,2327,0,149.3,36.3,2942.0
Brinjal,Delhi,2022,10,Autumn,25.86,2942,1,87.3,38.9,4197.0
Brinjal,Delhi,2022,11,Autumn,22.99,4197,1,34.3,40.1,4420.0
Brinjal,Delhi,2022,12,Winter,22.46,4420,0,14.9,38.7,3738.0
Brinjal,Delhi,2023,1,Winter,24.41,3738,0,0.0,37.1,3308.0
Brinjal,Delhi,2023,2,Winter,27.46,3308,0,41.9,30.5,2450.0
Brinjal,Delhi,2023,3,Summer,26.45,2450,0,56.0,27.1,2217.0
Brinjal,Delhi,2023,4,Summer,28.71,2217,0,2.5,21.8,1302.0
Brinjal,Delhi,2023,5,Summer,29.64,1302,0,75.0,21.8,981.0
Brinjal,Delhi,2023,6,Monsoon,26.06,981,0,171.4,21.4,1114.0
Brinjal,Delhi,2023,7,Monsoon,24.6,1114,0,177.5,26.1,1787.0
Brinjal,Delhi,2023,8,Monsoon,24.7,1787,0,183.9,28.2,2327.0
Brinjal,Delhi,2023,9,Monsoon,25.69,2327,0,143.1,34.6,3013.0
Brinjal,Delhi,2023,10,Autumn,24.3,3013,1,61.9,36.2,4037.0
Brinjal,Delhi,2023,11,Autumn,22.99,4037,1,0.0,37.7,4355.0
Brinjal,Delhi,2023,12,Winter,21.95,4355,0,8.6,38.9,3524.0
Brinjal,Delhi,2024,1,Winter,23.43,3524,0,15.0,34.2,3113.0
Brinjal,Delhi,2024,2,Winter,26.42,3113,0,14.0,29.4,2508.0
Brinjal,Delhi,2024,3,Summer,25.81,2508,0,42.2,26.2,2044.0
Brinjal,Delhi,2024,4,Summer,26.65,2044,0,21.9,24.0,1693.0
Brinjal,Delhi,2024,5,Summer,29.49,1693,0,67.2,23.2,1348.0
Brinjal,Delhi,2024,6,Monsoon,27.24,1348,0,143.3,23.0,1633.0
Brinjal,Delhi,2024,7,Monsoon,26.3,1633,0,195.0,24.9,1583.0
Brinjal,Delhi,2024,8,Monsoon,27.74,1583,0,202.2,28.8,1965.0
Brinjal,Delhi,2024,9,Monsoon,22.45,1965,0,149.2,36.2,3121.0
Brinjal,Delhi,2024,10,Autumn,25.72,3121,1,60.2,38.0,4076.0
Brinjal,Delhi,2024,11,Autumn,25.45,4076,1,24.1,40.5,4613.0
Brinjal,Delhi,2024,12,Winter,26.18,4613,0,27.8,40.7,3474.0
Brinjal,Mumbai,2022,1,Winter,26.07,2700,0,59.2,33.6,3137.0
Brinjal,Mumbai,2022,2,Winter,25.55,3137,0,35.9,29.0,2739.0
Brinjal,Mumbai,2022,3,Summer,26.69,2739,0,43.7,26.2,1836.0
Brinjal,Mumbai,2022,4,Summer,26.2,1836,0,18.7,22.8,1780.0
Brinjal,Mumbai,2022,5,Summer,27.73,1780,0,61.1,21.1,1085.0
Brinjal,Mumbai,2022,6,Monsoon,24.61,1085,0,156.1,21.7,1503.0
Brinjal,Mumbai,2022,7,Monsoon,25.19,1503,0,212.3,27.1,2001.0
Brinjal,Mumbai,2022,8,Monsoon,23.71,2001,0,206.9,29.9,2384.0
Brinjal,Mumbai,2022,9,Monsoon,22.51,2384,0,159.8,34.4,2829.0
Brinjal,Mumbai,2022,10,Autumn,23.93,2829,1,79.1,37.0,4386.0
Brinjal,Mumbai,2022,11,Autumn,23.04,4386,1,0.4,38.9,4802.0
Brinjal,Mumbai,2022,12,Winter,24.26,4802,0,38.6,35.8,4206.0
Brinjal,Mumbai,2023,1,Winter,25.31,4206,0,17.2,34.3,3580.0
Brinjal,Mumbai,2023,2,Winter,24.07,3580,0,28.7,30.8,3079.0
Brinjal,Mumbai,2023,3,Summer,24.07,3079,0,37.5,25.8,2302.0
Brinjal,Mumbai,2023,4,Summer,26.18,2302,0,22.9,20.5,1512.0
Brinjal,Mumbai,2023,5,Summer,24.58,1512,0,75.7,21.2,1504.0
Brinjal,Mumbai,2023,6,Monsoon,26.14,1504,0,146.4,23.0,1399.0
Brinjal,Mumbai,2023,7,Monsoon,26.19,1399,0,182.3,24.7,1854.0
Brinjal,Mumbai,2023,8,Monsoon,24.95,1854,0,191.0,29.4,2841.0
Brinjal,Mumbai,2023,9,Monsoon,29.33,2841,0,135.7,33.7,3167.0
Brinjal,Mumbai,2023,10,Autumn,22.92,3167,1,45.9,39.1,4436.0
Brinjal,Mumbai,2023,11,Autumn,26.25,4436,1,16.8,38.3,4784.0
Brinjal,Mumbai,2023,12,Winter,23.57,4784,0,34.6,38.4,4147.0
Brinjal,Mumbai,2024,1,Winter,27.98,4147,0,38.1,34.7,3596.0
Brinjal,Mumbai,2024,2,Winter,26.4,3596,0,23.2,30.4,2676.0
Brinjal,Mumbai,2024,3,Summer,26.36,2676,0,18.6,25.8,2231.0
Brinjal,Mumbai,2024,4,Summer,28.42,2231,0,20.3,23.4,1708.0
Brinjal,Mumbai,2024,5,Summer,27.49,1708,0,46.1,23.7,1428.0
Brinjal,Mumbai,2024,6,Monsoon,29.65,1428,0,142.1,21.5,1670.0
Brinjal,Mumbai,2024,7,Monsoon,27.81,1670,0,200.5,25.3,1869.0
Brinjal,Mumbai,2024,8,Monsoon,25.59,1869,0,191.0,30.5,2467.0
Brinjal,Mumbai,2024,9,Monsoon,24.59,2467,0,150.3,35.4,3203.0
Brinjal,Mumbai,2024,10,Autumn,24.18,3203,1,53.0,36.9,4100.0
Brinjal,Mumbai,2024,11,Autumn,23.74,4100,1,35.2,37.5,4859.0
Brinjal,Mumbai,2024,12,Winter,23.5,4859,0,11.4,37.5,4203.0
Brinjal,Pune,2022,1,Winter,24.73,2000,0,32.7,35.6,2345.0
Brinjal,Pune,2022,2,Winter,26.48,2345,0,12.1,28.8,2131.0
Brinjal,Pune,2022,3,Summer,24.96,2131,0,9.6,25.6,1529.0
Brinjal,Pune,2022,4,Summer,24.55,1529,0,22.7,21.6,1088.0
Brinjal,Pune,2022,5,Summer,25.95,1088,0,43.1,20.4,930.0
Brinjal,Pune,2022,6,Monsoon,26.69,930,0,157.0,22.1,1035.0
Brinjal,Pune,2022,7,Monsoon,23.61,1035,0,182.1,25.7,1450.0
Brinjal,Pune,2022,8,Monsoon,24.2,1450,0,179.8,31.4,1956.0
Brinjal,Pune,2022,9,Monsoon,24.51,1956,0,130.4,33.5,2465.0
Brinjal,Pune,2022,10,Autumn,26.04,2465,1,91.6,37.9,3118.0
Brinjal,Pune,2022,11,Autumn,23.87,3118,1,36.5,37.6,3187.0
Brinjal,Pune,2022,12,Winter,21.63,3187,0,3.2,38.5,2999.0
Brinjal,Pune,2023,1,Winter,23.36,2999,0,33.6,33.7,2555.0
Brinjal,Pune,2023,2,Winter,25.58,2555,0,5.5,29.8,2072.0
Brinjal,Pune,2023,3,Summer,28.11,2072,0,45.1,24.4,1465.0
Brinjal,Pune,2023,4,Summer,28.27,1465,0,21.1,24.0,1128.0
Brinjal,Pune,2023,5,Summer,26.12,1128,0,74.9,21.6,1116.0
Brinjal,Pune,2023,6,Monsoon,27.48,1116,0,175.2,22.9,1160.0
Brinjal,Pune,2023,7,Monsoon,24.74,1160,0,172.0,26.2,1329.0
Brinjal,Pune,2023,8,Monsoon,24.4,1329,0,226.3,29.6,1910.0
Brinjal,Pune,2023,9,Monsoon,26.47,1910,0,133.1,33.8,2279.0
Brinjal,Pune,2023,10,Autumn,23.64,2279,1,43.2,38.6,3337.0
Brinjal,Pune,2023,11,Autumn,26.49,3337,1,10.9,40.6,3371.0
Brinjal,Pune,2023,12,Winter,22.99,3371,0,17.1,38.4,3001.0
Brinjal,Pune,2024,1,Winter,25.53,3001,0,16.6,34.1,2580.0
Brinjal,Pune,2024,2,Winter,25.43,2580,0,22.5,29.1,2104.0
Brinjal,Pune,2024,3,Summer,27.4,2104,0,19.3,24.8,1394.0
Brinjal,Pune,2024,4,Summer,26.29,1394,0,9.0,21.8,1394.0
Brinjal,Pune,2024,5,Summer,27.01,1394,0,66.9,21.3,1089.0
Brinjal,Pune,2024,6,Monsoon,26.18,1089,0,129.1,22.0,1087.0
Brinjal,Pune,2024,7,Monsoon,28.99,1087,0,155.5,23.8,1409.0
Brinjal,Pune,2024,8,Monsoon,27.15,1409,0,213.7,32.1,1691.0
Brinjal,Pune,2024,9,Monsoon,25.55,1691,0,131.7,36.2,2537.0
Brinjal,Pune,2024,10,Autumn,24.7,2537,1,61.1,40.8,3357.0
Brinjal,Pune,2024,11,Autumn,24.04,3357,1,45.5,37.5,3401.0
Brinjal,Pune,2024,12,Winter,24.64,3401,0,1.6,38.8,2951.0
Brinjal,Bangalore,2022,1,Winter,25.78,2300,0,28.3,31.7,2621.0
Brinjal,Bangalore,2022,2,Winter,26.6,2621,0,28.0,30.9,2316.0
Brinjal,Bangalore,2022,3,Summer,25.66,2316,0,0.0,25.6,1727.0
Brinjal,Bangalore,2022,4,Summer,24.01,1727,0,22.2,21.7,1552.0
Brinjal,Bangalore,2022,5,Summer,25.43,1552,0,58.1,20.4,1451.0
Brinjal,Bangalore,2022,6,Monsoon,25.27,1451,0,146.7,22.3,1417.0
Brinjal,Bangalore,2022,7,Monsoon,26.34,1417,0,214.1,26.5,1669.0
Brinjal,Bangalore,2022,8,Monsoon,24.39,1669,0,173.2,28.7,2008.0
Brinjal,Bangalore,2022,9,Monsoon,22.09,2008,0,131.3,31.7,2625.0
Brinjal,Bangalore,2022,10,Autumn,23.58,2625,1,65.5,36.6,3566.0
Brinjal,Bangalore,2022,11,Autumn,24.25,3566,1,36.4,38.8,4004.0
Brinjal,Bangalore,2022,12,Winter,21.74,4004,0,0.0,37.7,3451.0
Brinjal,Bangalore,2023,1,Winter,22.84,3451,0,8.8,35.1,3014.0
Brinjal,Bangalore,2023,2,Winter,24.37,3014,0,28.6,31.4,2474.0
Brinjal,Bangalore,2023,3,Summer,24.09,2474,0,22.8,27.8,1814.0
Brinjal,Bangalore,2023,4,Summer,24.04,1814,0,62.1,21.8,1400.0
Brinjal,Bangalore,2023,5,Summer,28.01,1400,0,25.1,21.4,1068.0
Brinjal,Bangalore,2023,6,Monsoon,24.24,1068,0,140.2,23.6,1098.0
Brinjal,Bangalore,2023,7,Monsoon,25.75,1098,0,190.4,24.4,1354.0
Brinjal,Bangalore,2023,8,Monsoon,26.21,1354,0,197.1,29.8,2011.0
Brinjal,Bangalore,2023,9,Monsoon,25.41,2011,0,150.4,32.3,2543.0
Brinjal,Bangalore,2023,10,Autumn,23.19,2543,1,64.1,39.4,3799.0
Brinjal,Bangalore,2023,11,Autumn,22.63,3799,1,41.7,40.1,3763.0
Brinjal,Bangalore,2023,12,Winter,23.15,3763,0,36.2,38.0,3541.0
Brinjal,Bangalore,2024,1,Winter,26.2,3541,0,7.1,33.9,2817.0
Brinjal,Bangalore,2024,2,Winter,26.5,2817,0,18.4,31.6,2554.0
Brinjal,Bangalore,2024,3,Summer,23.67,2554,0,37.0,25.5,1815.0
Brinjal,Bangalore,2024,4,Summer,27.03,1815,0,31.5,19.9,1471.0
Brinjal,Bangalore,2024,5,Summer,26.79,1471,0,88.6,20.1,1228.0
Brinjal,Bangalore,2024,6,Monsoon,28.96,1228,0,152.5,22.0,1114.0
Brinjal,Bangalore,2024,7,Monsoon,26.38,1114,0,195.7,26.2,1634.0
Brinjal,Bangalore,2024,8,Monsoon,26.47,1634,0,196.1,31.2,2100.0
Brinjal,Bangalore,2024,9,Monsoon,27.18,2100,0,137.8,33.6,2671.0
Brinjal,Bangalore,2024,10,Autumn,21.6,2671,1,51.2,38.1,3596.0
Brinjal,Bangalore,2024,11,Autumn,24.89,3596,1,34.4,38.8,3555.0
Brinjal,Bangalore,2024,12,Winter,25.57,3555,0,14.1,38.3,3414.0
Brinjal,Kolkata,2022,1,Winter,22.11,2200,0,16.8,34.3,2594.0
Brinjal,Kolkata,2022,2,Winter,23.16,2594,0,1.1,27.2,2514.0
Brinjal,Kolkata,2022,3,Summer,24.66,2514,0,15.9,25.8,1645.0
Brinjal,Kolkata,2022,4,Summer,25.11,1645,0,34.0,18.9,1366.0
Brinjal,Kolkata,2022,5,Summer,23.5,1366,0,70.0,19.9,1125.0
Brinjal,Kolkata,2022,6,Monsoon,27.24,1125,0,136.0,21.0,1035.0
Brinjal,Kolkata,2022,7,Monsoon,26.72,1035,0,198.4,25.7,1415.0
Brinjal,Kolkata,2022,8,Monsoon,25.28,1415,0,205.7,29.7,1738.0
Brinjal,Kolkata,2022,9,Monsoon,24.58,1738,0,107.7,35.1,2521.0
Brinjal,Kolkata,2022,10,Autumn,22.82,2521,1,58.7,40.0,3541.0
Brinjal,Kolkata,2022,11,Autumn,22.84,3541,1,28.9,41.6,3776.0
Brinjal,Kolkata,2022,12,Winter,24.06,3776,0,0.0,40.1,3320.0
Brinjal,Kolkata,2023,1,Winter,22.9,3320,0,66.8,35.0,2860.0
Brinjal,Kolkata,2023,2,Winter,24.88,2860,0,5.4,29.4,2271.0
Brinjal,Kolkata,2023,3,Summer,26.58,2271,0,0.0,27.9,1754.0
Brinjal,Kolkata,2023,4,Summer,27.07,1754,0,31.4,22.9,1454.0
Brinjal,Kolkata,2023,5,Summer,27.93,1454,0,68.6,22.0,1190.0
Brinjal,Kolkata,2023,6,Monsoon,26.02,1190,0,144.0,24.5,1282.0
Brinjal,Kolkata,2023,7,Monsoon,25.03,1282,0,200.1,24.6,1479.0
Brinjal,Kolkata,2023,8,Monsoon,24.53,1479,0,186.5,27.8,2012.0
Brinjal,Kolkata,2023,9,Monsoon,21.08,2012,0,166.3,35.3,2655.0
Brinjal,Kolkata,2023,10,Autumn,24.17,2655,1,58.2,38.5,3468.0
Brinjal,Kolkata,2023,11,Autumn,25.88,3468,1,18.5,39.0,3783.0
Brinjal,Kolkata,2023,12,Winter,25.13,3783,0,36.3,39.2,3005.0
Brinjal,Kolkata,2024,1,Winter,26.46,3005,0,36.7,33.8,2611.0
Brinjal,Kolkata,2024,2,Winter,24.86,2611,0,2.2,33.0,2438.0
Brinjal,Kolkata,2024,3,Summer,26.88,2438,0,21.8,24.9,1648.0
Brinjal,Kolkata,2024,4,Summer,26.93,1648,0,19.8,20.6,1462.0
Brinjal,Kolkata,2024,5,Summer,28.88,1462,0,70.4,18.8,1152.0
Brinjal,Kolkata,2024,6,Monsoon,27.25,1152,0,139.1,23.3,1046.0
Brinjal,Kolkata,2024,7,Monsoon,26.83,1046,0,221.6,25.5,1368.0
Brinjal,Kolkata,2024,8,Monsoon,24.04,1368,0,211.6,29.2,1856.0
Brinjal,Kolkata,2024,9,Monsoon,25.1,1856,0,167.2,35.7,2636.0
Brinjal,Kolkata,2024,10,Autumn,24.69,2636,1,77.8,37.4,3522.0
Brinjal,Kolkata,2024,11,Autumn,25.15,3522,1,7.5,39.0,3591.0
Brinjal,Kolkata,2024,12,Winter,26.36,3591,0,17.2,37.3,2926.0
Brinjal,Patna,2022,1,Winter,25.32,1500,0,14.3,33.8,1733.0
Brinjal,Patna,2022,2,Winter,24.1,1733,0,46.9,31.0,1578.0
Brinjal,Patna,2022,3,Summer,23.51,1578,0,14.7,26.8,1192.0
Brinjal,Patna,2022,4,Summer,22.8,1192,0,26.8,24.0,1115.0
Brinjal,Patna,2022,5,Summer,21.87,1115,0,64.5,18.2,782.0
Brinjal,Patna,2022,6,Monsoon,26.77,782,0,147.0,22.1,750.0
Brinjal,Patna,2022,7,Monsoon,25.42,750,0,177.2,24.9,1015.0
Brinjal,Patna,2022,8,Monsoon,23.81,1015,0,182.0,31.4,1273.0
Brinjal,Patna,2022,9,Monsoon,23.79,1273,0,139.1,36.1,1638.0
Brinjal,Patna,2022,10,Autumn,23.76,1638,1,80.5,41.0,2457.0
Brinjal,Patna,2022,11,Autumn,23.32,2457,1,35.5,38.1,2526.0
Brinjal,Patna,2022,12,Winter,22.9,2526,0,16.9,36.9,2165.0
Brinjal,Patna,2023,1,Winter,24.55,2165,0,15.7,35.3,1750.0
Brinjal,Patna,2023,2,Winter,25.78,1750,0,8.8,27.7,1574.0
Brinjal,Patna,2023,3,Summer,26.51,1574,0,23.8,24.3,1166.0
Brinjal,Patna,2023,4,Summer,27.83,1166,0,2.9,23.3,974.0
Brinjal,Patna,2023,5,Summer,26.19,974,0,57.5,22.8,861.0
Brinjal,Patna,2023,6,Monsoon,23.3,861,0,139.6,21.9,862.0
Brinjal,Patna,2023,7,Monsoon,28.62,862,0,195.2,24.9,848.0
Brinjal,Patna,2023,8,Monsoon,24.65,848,0,185.4,28.6,1385.0
Brinjal,Patna,2023,9,Monsoon,23.71,1385,0,169.4,33.4,1610.0
Brinjal,Patna,2023,10,Autumn,24.04,1610,1,86.2,39.5,2208.0
Brinjal,Patna,2023,11,Autumn,24.77,2208,1,0.4,39.3,2366.0
Brinjal,Patna,2023,12,Winter,23.89,2366,0,15.2,40.2,2307.0
Brinjal,Patna,2024,1,Winter,25.05,2307,0,29.7,32.9,1933.0
Brinjal,Patna,2024,2,Winter,28.31,1933,0,5.7,28.5,1438.0
Brinjal,Patna,2024,3,Summer,26.91,1438,0,36.2,24.8,1217.0
Brinjal,Patna,2024,4,Summer,24.62,1217,0,11.0,23.1,1002.0
Brinjal,Patna,2024,5,Summer,28.88,1002,0,29.6,20.7,814.0
Brinjal,Patna,2024,6,Monsoon,26.52,814,0,127.8,20.5,839.0
Brinjal,Patna,2024,7,Monsoon,27.38,839,0,163.4,25.5,961.0
Brinjal,Patna,2024,8,Monsoon,25.44,961,0,201.7,30.3,1123.0
Brinjal,Patna,2024,9,Monsoon,24.65,1123,0,149.3,33.1,1684.0
Brinjal,Patna,2024,10,Autumn,25.69,1684,1,87.8,37.7,2190.0
Brinjal,Patna,2024,11,Autumn,26.44,2190,1,23.7,38.9,2467.0
Brinjal,Patna,2024,12,Winter,24.79,2467,0,16.4,39.4,2082.0
Brinjal,Hyderabad,2022,1,Winter,23.89,2100,0,58.3,32.9,2513.0
Brinjal,Hyderabad,2022,2,Winter,24.42,2513,0,24.0,29.7,2166.0
Brinjal,Hyderabad,2022,3,Summer,25.07,2166,0,3.3,28.7,1804.0
Brinjal,Hyderabad,2022,4,Summer,25.25,1804,0,15.0,21.7,1170.0
Brinjal,Hyderabad,2022,5,Summer,27.71,1170,0,64.2,20.4,911.0
Brinjal,Hyderabad,2022,6,Monsoon,27.91,911,0,138.6,20.9,973.0
Brinjal,Hyderabad,2022,7,Monsoon,25.17,973,0,202.3,27.0,1214.0
Brinjal,Hyderabad,2022,8,Monsoon,22.91,1214,0,173.4,31.3,1922.0
Brinjal,Hyderabad,2022,9,Monsoon,24.64,1922,0,149.0,35.1,2279.0
Brinjal,Hyderabad,2022,10,Autumn,22.59,2279,1,52.0,38.9,2954.0
Brinjal,Hyderabad,2022,11,Autumn,23.93,2954,1,29.7,37.4,3736.0
Brinjal,Hyderabad,2022,12,Winter,23.68,3736,0,20.3,39.3,3352.0
Brinjal,Hyderabad,2023,1,Winter,25.66,3352,0,4.1,34.5,2725.0
Brinjal,Hyderabad,2023,2,Winter,28.34,2725,0,37.3,29.4,2441.0
Brinjal,Hyderabad,2023,3,Summer,27.83,2441,0,24.2,26.3,1595.0
Brinjal,Hyderabad,2023,4,Summer,27.07,1595,0,0.3,24.1,1250.0
Brinjal,Hyderabad,2023,5,Summer,26.61,1250,0,66.8,17.4,1008.0
Brinjal,Hyderabad,2023,6,Monsoon,27.49,1008,0,161.1,23.7,1153.0
Brinjal,Hyderabad,2023,7,Monsoon,27.04,1153,0,171.4,26.4,1569.0
Brinjal,Hyderabad,2023,8,Monsoon,24.9,1569,0,225.6,27.5,1804.0
Brinjal,Hyderabad,2023,9,Monsoon,24.39,1804,0,149.9,34.5,2501.0
Brinjal,Hyderabad,2023,10,Autumn,22.76,2501,1,50.1,36.2,3308.0
Brinjal,Hyderabad,2023,11,Autumn,23.77,3308,1,1.6,38.9,3553.0
Brinjal,Hyderabad,2023,12,Winter,25.68,3553,0,33.1,37.7,3043.0
Brinjal,Hyderabad,2024,1,Winter,25.45,3043,0,19.6,33.7,2765.0
Brinjal,Hyderabad,2024,2,Winter,25.07,2765,0,13.8,30.8,2342.0
Brinjal,Hyderabad,2024,3,Summer,27.03,2342,0,11.3,26.8,1927.0
Brinjal,Hyderabad,2024,4,Summer,26.62,1927,0,2.7,20.0,1196.0
Brinjal,Hyderabad,2024,5,Summer,27.68,1196,0,45.8,21.9,1009.0
Brinjal,Hyderabad,2024,6,Monsoon,29.8,1009,0,141.5,21.3,977.0
Brinjal,Hyderabad,2024,7,Monsoon,26.64,977,0,174.0,26.7,1631.0
Brinjal,Hyderabad,2024,8,Monsoon,27.72,1631,0,186.0,31.3,1813.0
Brinjal,Hyderabad,2024,9,Monsoon,26.27,1813,0,136.1,35.6,2167.0
Brinjal,Hyderabad,2024,10,Autumn,25.75,2167,1,49.7,34.0,3180.0
Brinjal,Hyderabad,2024,11,Autumn,23.18,3180,1,17.6,36.5,3571.0
Brinjal,Hyderabad,2024,12,Winter,25.74,3571,0,9.9,38.0,3357.0
Brinjal,Chennai,2022,1,Winter,22.82,2000,0,19.7,36.2,2171.0
Brinjal,Chennai,2022,2,Winter,24.7,2171,0,14.7,27.6,1936.0
Brinjal,Chennai,2022,3,Summer,24.62,1936,0,0.0,28.1,1426.0
Brinjal,Chennai,2022,4,Summer,27.41,1426,0,33.5,21.1,1097.0
Brinjal,Chennai,2022,5,Summer,26.9,1097,0,58.5,21.5,1111.0
Brinjal,Chennai,2022,6,Monsoon,26.93,1111,0,145.9,23.0,1127.0
Brinjal,Chennai,2022,7,Monsoon,26.21,1127,0,191.7,23.3,1359.0
Brinjal,Chennai,2022,8,Monsoon,22.68,1359,0,187.7,31.9,2028.0
Brinjal,Chennai,2022,9,Monsoon,23.43,2028,0,146.9,35.0,2154.0
Brinjal,Chennai,2022,10,Autumn,24.41,2154,1,64.5,38.3,3082.0
Brinjal,Chennai,2022,11,Autumn,26.15,3082,1,0.0,36.7,3284.0
Brinjal,Chennai,2022,12,Winter,23.21,3284,0,41.4,36.4,3017.0
Brinjal,Chennai,2023,1,Winter,24.83,3017,0,7.7,36.9,2644.0
Brinjal,Chennai,2023,2,Winter,27.65,2644,0,16.0,31.0,2076.0
Brinjal,Chennai,2023,3,Summer,27.23,2076,0,45.9,24.6,1666.0
Brinjal,Chennai,2023,4,Summer,26.7,1666,0,4.0,22.5,1157.0
Brinjal,Chennai,2023,5,Summer,26.78,1157,0,72.0,21.2,1028.0
Brinjal,Chennai,2023,6,Monsoon,26.88,1028,0,145.9,21.7,1006.0
Brinjal,Chennai,2023,7,Monsoon,25.34,1006,0,233.7,23.4,1258.0
Brinjal,Chennai,2023,8,Monsoon,26.04,1258,0,224.5,28.0,1753.0
Brinjal,Chennai,2023,9,Monsoon,26.42,1753,0,152.3,36.4,2172.0
Brinjal,Chennai,2023,10,Autumn,24.33,2172,1,69.5,35.0,3017.0
Brinjal,Chennai,2023,11,Autumn,24.57,3017,1,17.2,36.5,3226.0
Brinjal,Chennai,2023,12,Winter,23.0,3226,0,22.2,36.0,3070.0
Brinjal,Chennai,2024,1,Winter,27.65,3070,0,28.8,36.2,2456.0
Brinjal,Chennai,2024,2,Winter,27.25,2456,0,42.5,27.8,1993.0
Brinjal,Chennai,2024,3,Summer,28.27,1993,0,6.0,26.4,1677.0
Brinjal,Chennai,2024,4,Summer,28.23,1677,0,23.2,22.4,1269.0
Brinjal,Chennai,2024,5,Summer,28.87,1269,0,74.7,21.3,830.0
Brinjal,Chennai,2024,6,Monsoon,27.88,830,0,145.3,20.1,1212.0
Brinjal,Chennai,2024,7,Monsoon,28.0,1212,0,186.8,25.7,1095.0
Brinjal,Chennai,2024,8,Monsoon,22.15,1095,0,186.0,30.5,1659.0
Brinjal,Chennai,2024,9,Monsoon,25.99,1659,0,163.8,36.0,2311.0
Brinjal,Chennai,2024,10,Autumn,24.48,2311,1,69.8,38.6,3158.0
Brinjal,Chennai,2024,11,Autumn,26.85,3158,1,10.5,40.9,3587.0
Brinjal,Chennai,2024,12,Winter,26.71,3587,0,13.9,36.4,3017.0
Cauliflower,Delhi,2022,1,Winter,27.97,2750,0,24.9,33.5,3810.0
Cauliflower,Delhi,2022,2,Winter,30.26,3810,0,29.5,32.1,3797.0
Cauliflower,Delhi,2022,3,Summer,31.79,3797,0,0.0,25.8,2785.0
Cauliflower,Delhi,2022,4,Summer,30.47,2785,0,19.1,24.3,2399.0
Cauliflower,Delhi,2022,5,Summer,31.91,2399,0,55.6,19.5,1140.0
Cauliflower,Delhi,2022,6,Monsoon,31.87,1140,0,144.3,22.1,920.0
Cauliflower,Delhi,2022,7,Monsoon,31.9,920,0,200.7,24.9,1588.0
Cauliflower,Delhi,2022,8,Monsoon,27.79,1588,0,204.2,30.1,1598.0
Cauliflower,Delhi,2022,9,Monsoon,28.77,1598,0,144.1,33.7,2725.0
Cauliflower,Delhi,2022,10,Autumn,26.28,2725,1,85.3,37.6,4341.0
Cauliflower,Delhi,2022,11,Autumn,28.38,4341,1,19.3,36.4,5265.0
Cauliflower,Delhi,2022,12,Winter,27.01,5265,0,0.0,36.6,4952.0
Cauliflower,Delhi,2023,1,Winter,29.24,4952,0,12.3,33.3,4434.0
Cauliflower,Delhi,2023,2,Winter,26.95,4434,0,28.1,28.3,4034.0
Cauliflower,Delhi,2023,3,Summer,28.93,4034,0,23.8,26.9,2919.0
Cauliflower,Delhi,2023,4,Summer,32.27,2919,0,40.4,19.9,2201.0
Cauliflower,Delhi,2023,5,Summer,29.99,2201,0,79.5,20.0,1296.0
Cauliflower,Delhi,2023,6,Monsoon,32.26,1296,0,127.9,20.8,966.0
Cauliflower,Delhi,2023,7,Monsoon,31.77,966,0,178.1,26.5,1200.0
Cauliflower,Delhi,2023,8,Monsoon,31.19,1200,0,202.4,31.6,1694.0
Cauliflower,Delhi,2023,9,Monsoon,29.63,1694,0,128.0,34.3,2406.0
Cauliflower,Delhi,2023,10,Autumn,29.39,2406,1,73.2,38.7,3943.0
Cauliflower,Delhi,2023,11,Autumn,28.71,3943,1,9.0,40.6,4821.0
Cauliflower,Delhi,2023,12,Winter,28.05,4821,0,17.1,35.2,4664.0
Cauliflower,Delhi,2024,1,Winter,27.45,4664,0,11.4,36.9,4596.0
Cauliflower,Delhi,2024,2,Winter,29.66,4596,0,52.8,31.6,3703.0
Cauliflower,Delhi,2024,3,Summer,29.61,3703,0,0.0,24.9,2834.0
Cauliflower,Delhi,2024,4,Summer,32.11,2834,0,15.1,22.1,1761.0
Cauliflower,Delhi,2024,5,Summer,31.8,1761,0,56.4,20.8,1484.0
Cauliflower,Delhi,2024,6,Monsoon,32.89,1484,0,150.8,19.8,969.0
Cauliflower,Delhi,2024,7,Monsoon,34.53,969,0,192.0,23.7,707.0
Cauliflower,Delhi,2024,8,Monsoon,32.28,707,0,203.8,30.3,1666.0
Cauliflower,Delhi,2024,9,Monsoon,32.12,1666,0,155.7,33.7,2265.0
Cauliflower,Delhi,2024,10,Autumn,28.26,2265,1,69.0,35.9,3970.0
Cauliflower,Delhi,2024,11,Autumn,29.77,3970,1,25.5,36.4,4837.0
Cauliflower,Delhi,2024,12,Winter,27.27,4837,0,39.2,37.3,4730.0
Cauliflower,Mumbai,2022,1,Winter,27.38,2970,0,6.3,36.4,4294.0
Cauliflower,Mumbai,2022,2,Winter,26.17,4294,0,28.9,28.5,4186.0
Cauliflower,Mumbai,2022,3,Summer,29.96,4186,0,3.5,23.8,3324.0
Cauliflower,Mumbai,2022,4,Summer,28.34,3324,0,1.2,21.3,2595.0
Cauliflower,Mumbai,2022,5,Summer,31.01,2595,0,80.2,20.4,1231.0
Cauliflower,Mumbai,2022,6,Monsoon,31.05,1231,0,137.2,22.4,897.0
Cauliflower,Mumbai,2022,7,Monsoon,29.97,897,0,197.6,25.6,975.0
Cauliflower,Mumbai,2022,8,Monsoon,30.18,975,0,187.5,30.3,1649.0
Cauliflower,Mumbai,2022,9,Monsoon,29.35,1649,0,129.6,33.0,2867.0
Cauliflower,Mumbai,2022,10,Autumn,28.29,2867,1,68.9,37.2,4181.0
Cauliflower,Mumbai,2022,11,Autumn,26.44,4181,1,39.6,39.3,5390.0
Cauliflower,Mumbai,2022,12,Winter,26.88,5390,0,12.1,39.8,5172.0
Cauliflower,Mumbai,2023,1,Winter,28.5,5172,0,28.6,33.4,4896.0
Cauliflower,Mumbai,2023,2,Winter,28.78,4896,0,0.0,30.4,4230.0
Cauliflower,Mumbai,2023,3,Summer,31.55,4230,0,20.5,25.9,2997.0
Cauliflower,Mumbai,2023,4,Summer,31.19,2997,0,14.9,23.2,2216.0
Cauliflower,Mumbai,2023,5,Summer,32.72,2216,0,107.9,21.9,1285.0
Cauliflower,Mumbai,2023,6,Monsoon,32.36,1285,0,132.4,21.7,974.0
Cauliflower,Mumbai,2023,7,Monsoon,30.61,974,0,199.9,25.2,1000.0
Cauliflower,Mumbai,2023,8,Monsoon,29.11,1000,0,204.7,31.3,1770.0
Cauliflower,Mumbai,2023,9,Monsoon,29.41,1770,0,137.5,35.2,2908.0
Cauliflower,Mumbai,2023,10,Autumn,29.69,2908,1,60.3,38.1,4207.0
Cauliflower,Mumbai,2023,11,Autumn,27.51,4207,1,18.9,38.6,5325.0
Cauliflower,Mumbai,2023,12,Winter,28.79,5325,0,36.7,36.9,5142.0
Cauliflower,Mumbai,2024,1,Winter,27.09,5142,0,0.0,35.3,4982.0
Cauliflower,Mumbai,2024,2,Winter,27.89,4982,0,12.4,30.0,4269.0
Cauliflower,Mumbai,2024,3,Summer,29.72,4269,0,33.9,24.3,3338.0
Cauliflower,Mumbai,2024,4,Summer,34.26,3338,0,27.2,18.6,2246.0
Cauliflower,Mumbai,2024,5,Summer,29.47,2246,0,77.0,20.8,1539.0
Cauliflower,Mumbai,2024,6,Monsoon,31.99,1539,0,138.8,23.0,1012.0
Cauliflower,Mumbai,2024,7,Monsoon,30.41,1012,0,182.2,26.8,1456.0
Cauliflower,Mumbai,2024,8,Monsoon,33.22,1456,0,227.4,32.4,1630.0
Cauliflower,Mumbai,2024,9,Monsoon,28.4,1630,0,164.8,34.4,2870.0
Cauliflower,Mumbai,2024,10,Autumn,27.99,2870,1,83.5,37.7,4287.0
Cauliflower,Mumbai,2024,11,Autumn,26.83,4287,1,0.0,40.4,5489.0
Cauliflower,Mumbai,2024,12,Winter,29.17,5489,0,7.3,35.7,5059.0
Cauliflower,Pune,2022,1,Winter,26.32,2200,0,32.6,32.6,2913.0
Cauliflower,Pune,2022,2,Winter,30.89,2913,0,0.0,32.7,2899.0
Cauliflower,Pune,2022,3,Summer,30.01,2899,0,7.6,25.1,2263.0
Cauliflower,Pune,2022,4,Summer,28.81,2263,0,23.6,22.2,1557.0
Cauliflower,Pune,2022,5,Summer,30.83,1557,0,71.0,19.5,924.0
Cauliflower,Pune,2022,6,Monsoon,30.18,924,0,149.2,24.3,794.0
Cauliflower,Pune,2022,7,Monsoon,30.24,794,0,167.0,24.8,1037.0
Cauliflower,Pune,2022,8,Monsoon,31.64,1037,0,164.5,29.9,1129.0
Cauliflower,Pune,2022,9,Monsoon,29.05,1129,0,144.1,35.0,2103.0
Cauliflower,Pune,2022,10,Autumn,27.47,2103,1,73.3,39.8,3161.0
Cauliflower,Pune,2022,11,Autumn,28.06,3161,1,16.6,37.3,3953.0
Cauliflower,Pune,2022,12,Winter,25.56,3953,0,9.9,38.5,3938.0
Cauliflower,Pune,2023,1,Winter,27.68,3938,0,12.8,36.2,3716.0
Cauliflower,Pune,2023,2,Winter,28.99,3716,0,22.7,31.1,2910.0
Cauliflower,Pune,2023,3,Summer,30.79,2910,0,35.1,25.4,2407.0
Cauliflower,Pune,2023,4,Summer,31.44,2407,0,8.4,20.8,1564.0
Cauliflower,Pune,2023,5,Summer,32.57,1564,0,80.6,20.7,1006.0
Cauliflower,Pune,2023,6,Monsoon,31.69,1006,0,151.6,21.6,816.0
Cauliflower,Pune,2023,7,Monsoon,31.2,816,0,193.1,26.3,769.0
Cauliflower,Pune,2023,8,Monsoon,30.63,769,0,219.7,31.8,1186.0
Cauliflower,Pune,2023,9,Monsoon,30.11,1186,0,136.8,34.2,2003.0
Cauliflower,Pune,2023,10,Autumn,30.21,2003,1,77.8,36.1,3161.0
Cauliflower,Pune,2023,11,Autumn,30.27,3161,1,5.2,41.0,3990.0
Cauliflower,Pune,2023,12,Winter,29.95,3990,0,30.6,38.9,3845.0
Cauliflower,Pune,2024,1,Winter,30.56,3845,0,0.1,37.5,3478.0
Cauliflower,Pune,2024,2,Winter,29.32,3478,0,4.6,30.8,3106.0
Cauliflower,Pune,2024,3,Summer,29.01,3106,0,31.2,24.7,2455.0
Cauliflower,Pune,2024,4,Summer,29.55,2455,0,12.0,22.4,1624.0
Cauliflower,Pune,2024,5,Summer,30.97,1624,0,77.3,21.9,846.0
Cauliflower,Pune,2024,6,Monsoon,32.87,846,0,147.5,23.0,528.0
Cauliflower,Pune,2024,7,Monsoon,32.36,528,0,198.3,27.8,437.0
Cauliflower,Pune,2024,8,Monsoon,29.63,437,0,196.9,33.1,1113.0
Cauliflower,Pune,2024,9,Monsoon,30.84,1113,0,143.9,34.6,2003.0
Cauliflower,Pune,2024,10,Autumn,29.54,2003,1,67.9,39.7,3142.0
Cauliflower,Pune,2024,11,Autumn,29.46,3142,1,10.0,36.3,4240.0
Cauliflower,Pune,2024,12,Winter,28.26,4240,0,26.9,38.8,3816.0
Cauliflower,Bangalore,2022,1,Winter,29.46,2530,0,34.8,37.5,3759.0
Cauliflower,Bangalore,2022,2,Winter,26.92,3759,0,20.5,30.3,3299.0
Cauliflower,Bangalore,2022,3,Summer,28.38,3299,0,3.1,25.6,2491.0
Cauliflower,Bangalore,2022,4,Summer,27.96,2491,0,19.4,21.7,1807.0
Cauliflower,Bangalore,2022,5,Summer,31.5,1807,0,61.8,20.1,844.0
Cauliflower,Bangalore,2022,6,Monsoon,30.55,844,0,117.5,22.2,798.0
Cauliflower,Bangalore,2022,7,Monsoon,30.19,798,0,185.8,24.1,806.0
Cauliflower,Bangalore,2022,8,Monsoon,29.53,806,0,217.1,29.5,1730.0
Cauliflower,Bangalore,2022,9,Monsoon,29.69,1730,0,144.4,35.3,2390.0
Cauliflower,Bangalore,2022,10,Autumn,28.12,2390,1,70.9,38.1,3637.0
Cauliflower,Bangalore,2022,11,Autumn,29.07,3637,1,24.9,42.0,4629.0
Cauliflower,Bangalore,2022,12,Winter,26.8,4629,0,32.8,36.5,4541.0
Cauliflower,Bangalore,2023,1,Winter,27.55,4541,0,42.3,33.3,4513.0
Cauliflower,Bangalore,2023,2,Winter,29.13,4513,0,21.4,32.7,3696.0
Cauliflower,Bangalore,2023,3,Summer,31.58,3696,0,15.4,26.9,2586.0
Cauliflower,Bangalore,2023,4,Summer,30.34,2586,0,14.7,23.6,1760.0
Cauliflower,Bangalore,2023,5,Summer,30.51,1760,0,81.7,22.7,1175.0
Cauliflower,Bangalore,2023,6,Monsoon,31.53,1175,0,129.2,20.9,798.0
Cauliflower,Bangalore,2023,7,Monsoon,29.64,798,0,179.4,24.4,958.0
Cauliflower,Bangalore,2023,8,Monsoon,27.91,958,0,164.4,28.5,1520.0
Cauliflower,Bangalore,2023,9,Monsoon,31.98,1520,0,120.2,34.5,2444.0
Cauliflower,Bangalore,2023,10,Autumn,27.46,2444,1,39.5,38.2,3571.0
Cauliflower,Bangalore,2023,11,Autumn,29.06,3571,1,18.3,40.8,4458.0
Cauliflower,Bangalore,2023,12,Winter,26.95,4458,0,30.6,34.4,4226.0
Cauliflower,Bangalore,2024,1,Winter,28.87,4226,0,21.2,34.2,4048.0
Cauliflower,Bangalore,2024,2,Winter,29.91,4048,0,20.3,30.8,3482.0
Cauliflower,Bangalore,2024,3,Summer,29.79,3482,0,26.0,26.7,2720.0
Cauliflower,Bangalore,2024,4,Summer,33.96,2720,0,37.4,20.6,1585.0
Cauliflower,Bangalore,2024,5,Summer,35.13,1585,0,61.4,19.6,921.0
Cauliflower,Bangalore,2024,6,Monsoon,32.43,921,0,139.8,21.6,654.0
Cauliflower,Bangalore,2024,7,Monsoon,32.15,654,0,191.9,20.2,794.0
Cauliflower,Bangalore,2024,8,Monsoon,31.17,794,0,209.4,32.0,1443.0
Cauliflower,Bangalore,2024,9,Monsoon,29.77,1443,0,130.8,35.7,2034.0
Cauliflower,Bangalore,2024,10,Autumn,29.96,2034,1,63.8,39.9,3822.0
Cauliflower,Bangalore,2024,11,Autumn,28.16,3822,1,8.8,40.6,4684.0
Cauliflower,Bangalore,2024,12,Winter,29.19,4684,0,23.3,38.8,4246.0
Cauliflower,Kolkata,2022,1,Winter,26.56,2420,0,33.2,37.1,3275.0
Cauliflower,Kolkata,2022,2,Winter,27.79,3275,0,27.5,29.5,3348.0
Cauliflower,Kolkata,2022,3,Summer,28.65,3348,0,13.2,25.1,2851.0
Cauliflower,Kolkata,2022,4,Summer,27.93,2851,0,20.5,20.4,1920.0
Cauliflower,Kolkata,2022,5,Summer,31.09,1920,0,49.6,18.7,1237.0
Cauliflower,Kolkata,2022,6,Monsoon,30.68,1237,0,141.8,22.6,882.0
Cauliflower,Kolkata,2022,7,Monsoon,29.86,882,0,202.9,21.6,934.0
Cauliflower,Kolkata,2022,8,Monsoon,30.66,934,0,187.7,30.1,1335.0
Cauliflower,Kolkata,2022,9,Monsoon,28.62,1335,0,169.9,36.2,2079.0
Cauliflower,Kolkata,2022,10,Autumn,26.08,2079,1,23.8,37.3,3587.0
Cauliflower,Kolkata,2022,11,Autumn,29.33,3587,1,22.3,40.0,4400.0
Cauliflower,Kolkata,2022,12,Winter,25.33,4400,0,54.2,38.1,4151.0
Cauliflower,Kolkata,2023,1,Winter,26.9,4151,0,14.4,35.4,3924.0
Cauliflower,Kolkata,2023,2,Winter,29.98,3924,0,17.6,29.3,3475.0
Cauliflower,Kolkata,2023,3,Summer,31.36,3475,0,37.5,25.0,2412.0
Cauliflower,Kolkata,2023,4,Summer,30.53,2412,0,0.0,20.4,1908.0
Cauliflower,Kolkata,2023,5,Summer,30.83,1908,0,57.6,20.3,1223.0
Cauliflower,Kolkata,2023,6,Monsoon,29.48,1223,0,140.1,21.4,736.0
Cauliflower,Kolkata,2023,7,Monsoon,30.1,736,0,211.5,25.6,992.0
Cauliflower,Kolkata,2023,8,Monsoon,32.49,992,0,185.1,32.1,1307.0
Cauliflower,Kolkata,2023,9,Monsoon,30.22,1307,0,124.8,37.9,2043.0
Cauliflower,Kolkata,2023,10,Autumn,30.68,2043,1,80.9,38.8,3349.0
Cauliflower,Kolkata,2023,11,Autumn,29.16,3349,1,24.8,37.2,4345.0
Cauliflower,Kolkata,2023,12,Winter,27.65,4345,0,24.2,37.6,4041.0
Cauliflower,Kolkata,2024,1,Winter,28.29,4041,0,31.9,36.7,3989.0
Cauliflower,Kolkata,2024,2,Winter,27.57,3989,0,26.5,30.0,3262.0
Cauliflower,Kolkata,2024,3,Summer,32.54,3262,0,8.3,22.3,2584.0
Cauliflower,Kolkata,2024,4,Summer,28.88,2584,0,19.6,18.9,1812.0
Cauliflower,Kolkata,2024,5,Summer,33.28,1812,0,96.1,20.0,992.0
Cauliflower,Kolkata,2024,6,Monsoon,31.82,992,0,148.1,24.0,605.0
Cauliflower,Kolkata,2024,7,Monsoon,33.6,605,0,215.1,25.6,601.0
Cauliflower,Kolkata,2024,8,Monsoon,32.04,601,0,215.0,30.4,1214.0
Cauliflower,Kolkata,2024,9,Monsoon,29.95,1214,0,139.7,34.5,2204.0
Cauliflower,Kolkata,2024,10,Autumn,27.35,2204,1,63.5,35.5,3308.0
Cauliflower,Kolkata,2024,11,Autumn,29.49,3308,1,29.3,37.3,4351.0
Cauliflower,Kolkata,2024,12,Winter,29.06,4351,0,19.0,38.5,3744.0
Cauliflower,Patna,2022,1,Winter,29.67,1650,0,15.1,35.1,2523.0
Cauliflower,Patna,2022,2,Winter,25.78,2523,0,0.0,29.5,2497.0
Cauliflower,Patna,2022,3,Summer,29.02,2497,0,35.2,26.0,1976.0
Cauliflower,Patna,2022,4,Summer,30.24,1976,0,38.2,23.9,1219.0
Cauliflower,Patna,2022,5,Summer,29.93,1219,0,78.1,22.2,722.0
Cauliflower,Patna,2022,6,Monsoon,29.37,722,0,164.3,24.7,479.0
Cauliflower,Patna,2022,7,Monsoon,29.47,479,0,199.1,26.2,725.0
Cauliflower,Patna,2022,8,Monsoon,32.07,725,0,200.2,30.8,812.0
Cauliflower,Patna,2022,9,Monsoon,28.55,812,0,146.0,32.6,1267.0
Cauliflower,Patna,2022,10,Autumn,27.59,1267,1,77.8,38.4,2357.0
Cauliflower,Patna,2022,11,Autumn,27.66,2357,1,31.4,37.3,3077.0
Cauliflower,Patna,2022,12,Winter,24.82,3077,0,0.0,38.8,2923.0
Cauliflower,Patna,2023,1,Winter,26.61,2923,0,2.5,36.6,2579.0
Cauliflower,Patna,2023,2,Winter,26.73,2579,0,22.0,29.4,2391.0
Cauliflower,Patna,2023,3,Summer,28.87,2391,0,0.0,23.9,1895.0
Cauliflower,Patna,2023,4,Summer,30.31,1895,0,39.4,23.9,991.0
Cauliflower,Patna,2023,5,Summer,32.86,991,0,72.5,23.2,681.0
Cauliflower,Patna,2023,6,Monsoon,34.07,681,0,129.4,21.4,271.0
Cauliflower,Patna,2023,7,Monsoon,30.53,271,0,176.6,26.9,358.0
Cauliflower,Patna,2023,8,Monsoon,29.99,358,0,216.8,30.7,688.0
Cauliflower,Patna,2023,9,Monsoon,31.64,688,0,178.0,34.5,1386.0
Cauliflower,Patna,2023,10,Autumn,30.86,1386,1,58.8,37.0,2469.0
Cauliflower,Patna,2023,11,Autumn,28.06,2469,1,0.0,39.8,2925.0
Cauliflower,Patna,2023,12,Winter,27.35,2925,0,23.9,35.8,2762.0
Cauliflower,Patna,2024,1,Winter,27.65,2762,0,12.5,34.4,2834.0
Cauliflower,Patna,2024,2,Winter,29.48,2834,0,27.4,32.7,2288.0
Cauliflower,Patna,2024,3,Summer,30.32,2288,0,46.4,24.6,1830.0
Cauliflower,Patna,2024,4,Summer,32.25,1830,0,1.4,23.3,1298.0
Cauliflower,Patna,2024,5,Summer,31.91,1298,0,79.9,22.9,647.0
Cauliflower,Patna,2024,6,Monsoon,30.3,647,0,178.9,19.9,514.0
Cauliflower,Patna,2024,7,Monsoon,33.47,514,0,218.2,25.8,251.0
Cauliflower,Patna,2024,8,Monsoon,32.53,251,0,186.4,27.2,582.0
Cauliflower,Patna,2024,9,Monsoon,32.06,582,0,128.1,35.3,1274.0
Cauliflower,Patna,2024,10,Autumn,29.4,1274,1,75.1,38.6,2220.0
Cauliflower,Patna,2024,11,Autumn,30.32,2220,1,28.5,39.9,2946.0
Cauliflower,Patna,2024,12,Winter,28.84,2946,0,2.5,38.8,2766.0
Cauliflower,Hyderabad,2022,1,Winter,28.62,2310,0,15.6,33.5,3140.0
Cauliflower,Hyderabad,2022,2,Winter,30.23,3140,0,5.1,29.5,3215.0
Cauliflower,Hyderabad,2022,3,Summer,30.68,3215,0,0.0,27.5,2315.0
Cauliflower,Hyderabad,2022,4,Summer,31.18,2315,0,0.0,22.1,1861.0
Cauliflower,Hyderabad,2022,5,Summer,27.08,1861,0,53.5,23.6,1127.0
Cauliflower,Hyderabad,2022,6,Monsoon,32.24,1127,0,141.0,23.9,841.0
Cauliflower,Hyderabad,2022,7,Monsoon,30.91,841,0,173.6,26.8,577.0
Cauliflower,Hyderabad,2022,8,Monsoon,29.35,577,0,162.9,31.6,1045.0
Cauliflower,Hyderabad,2022,9,Monsoon,28.67,1045,0,144.2,35.0,1751.0
Cauliflower,Hyderabad,2022,10,Autumn,27.51,1751,1,94.9,39.3,3265.0
Cauliflower,Hyderabad,2022,11,Autumn,27.83,3265,1,25.4,37.3,4011.0
Cauliflower,Hyderabad,2022,12,Winter,25.59,4011,0,18.9,36.0,4217.0
Cauliflower,Hyderabad,2023,1,Winter,25.41,4217,0,20.9,34.8,3801.0
Cauliflower,Hyderabad,2023,2,Winter,25.82,3801,0,26.9,30.3,3360.0
Cauliflower,Hyderabad,2023,3,Summer,28.76,3360,0,25.5,27.4,2245.0
Cauliflower,Hyderabad,2023,4,Summer,31.55,2245,0,5.0,20.6,1238.0
Cauliflower,Hyderabad,2023,5,Summer,31.15,1238,0,59.9,23.1,1057.0
Cauliflower,Hyderabad,2023,6,Monsoon,33.37,1057,0,122.7,19.8,690.0
Cauliflower,Hyderabad,2023,7,Monsoon,31.28,690,0,195.4,23.8,592.0
Cauliflower,Hyderabad,2023,8,Monsoon,31.2,592,0,211.7,34.1,1071.0
Cauliflower,Hyderabad,2023,9,Monsoon,31.86,1071,0,109.3,32.0,1773.0
Cauliflower,Hyderabad,2023,10,Autumn,30.92,1773,1,61.0,38.8,3208.0
Cauliflower,Hyderabad,2023,11,Autumn,27.35,3208,1,13.9,39.1,4113.0
Cauliflower,Hyderabad,2023,12,Winter,30.98,4113,0,26.2,38.1,3957.0
Cauliflower,Hyderabad,2024,1,Winter,29.81,3957,0,37.3,32.9,3622.0
Cauliflower,Hyderabad,2024,2,Winter,29.78,3622,0,25.9,31.0,3533.0
Cauliflower,Hyderabad,2024,3,Summer,31.64,3533,0,41.4,27.3,2780.0
Cauliflower,Hyderabad,2024,4,Summer,30.05,2780,0,0.0,24.3,1704.0
Cauliflower,Hyderabad,2024,5,Summer,30.45,1704,0,75.0,22.8,993.0
Cauliflower,Hyderabad,2024,6,Monsoon,33.5,993,0,148.7,21.9,1119.0
Cauliflower,Hyderabad,2024,7,Monsoon,30.25,1119,0,200.2,24.4,833.0
Cauliflower,Hyderabad,2024,8,Monsoon,32.07,833,0,179.8,30.7,1154.0
Cauliflower,Hyderabad,2024,9,Monsoon,30.4,1154,0,177.1,33.4,2025.0
Cauliflower,Hyderabad,2024,10,Autumn,30.31,2025,1,80.0,39.7,3458.0
Cauliflower,Hyderabad,2024,11,Autumn,30.34,3458,1,10.0,40.4,4399.0
Cauliflower,Hyderabad,2024,12,Winter,29.99,4399,0,0.0,36.4,3622.0
Cauliflower,Chennai,2022,1,Winter,26.57,2200,0,27.4,36.1,3165.0
Cauliflower,Chennai,2022,2,Winter,27.29,3165,0,3.9,29.2,2939.0
Cauliflower,Chennai,2022,3,Summer,28.39,2939,0,8.9,25.1,2623.0
Cauliflower,Chennai,2022,4,Summer,28.8,2623,0,14.1,22.7,1638.0
Cauliflower,Chennai,2022,5,Summer,28.51,1638,0,41.0,18.6,1082.0
Cauliflower,Chennai,2022,6,Monsoon,29.65,1082,0,163.4,19.5,536.0
Cauliflower,Chennai,2022,7,Monsoon,29.58,536,0,189.9,27.1,714.0
Cauliflower,Chennai,2022,8,Monsoon,28.54,714,0,215.7,30.7,1213.0
Cauliflower,Chennai,2022,9,Monsoon,29.51,1213,0,134.9,35.1,1731.0
Cauliflower,Chennai,2022,10,Autumn,28.74,1731,1,69.2,37.6,3247.0
Cauliflower,Chennai,2022,11,Autumn,28.68,3247,1,27.2,38.5,3897.0
Cauliflower,Chennai,2022,12,Winter,27.06,3897,0,0.2,33.0,3680.0
Cauliflower,Chennai,2023,1,Winter,27.32,3680,0,26.0,31.5,3638.0
Cauliflower,Chennai,2023,2,Winter,28.06,3638,0,4.6,30.6,3126.0
Cauliflower,Chennai,2023,3,Summer,29.81,3126,0,28.9,26.9,2284.0
Cauliflower,Chennai,2023,4,Summer,29.09,2284,0,13.1,23.2,1602.0
Cauliflower,Chennai,2023,5,Summer,29.72,1602,0,60.8,20.8,777.0
Cauliflower,Chennai,2023,6,Monsoon,28.85,777,0,155.1,23.7,711.0
Cauliflower,Chennai,2023,7,Monsoon,30.55,711,0,210.1,26.4,607.0
Cauliflower,Chennai,2023,8,Monsoon,30.65,607,0,195.1,30.4,1106.0
Cauliflower,Chennai,2023,9,Monsoon,30.34,1106,0,131.0,35.1,1895.0
Cauliflower,Chennai,2023,10,Autumn,27.97,1895,1,68.3,40.3,3365.0
Cauliflower,Chennai,2023,11,Autumn,29.95,3365,1,9.0,40.7,3975.0
Cauliflower,Chennai,2023,12,Winter,26.77,3975,0,44.9,38.5,3765.0
Cauliflower,Chennai,2024,1,Winter,27.59,3765,0,37.0,35.9,3573.0
Cauliflower,Chennai,2024,2,Winter,33.01,3573,0,23.1,29.2,3036.0
Cauliflower,Chennai,2024,3,Summer,30.06,3036,0,19.1,27.3,2497.0
Cauliflower,Chennai,2024,4,Summer,32.9,2497,0,0.0,21.5,1802.0
Cauliflower,Chennai,2024,5,Summer,32.86,1802,0,55.0,19.7,921.0
Cauliflower,Chennai,2024,6,Monsoon,31.54,921,0,143.3,23.5,386.0
Cauliflower,Chennai,2024,7,Monsoon,29.46,386,0,174.4,25.5,655.0
Cauliflower,Chennai,2024,8,Monsoon,34.47,655,0,173.0,32.5,931.0
Cauliflower,Chennai,2024,9,Monsoon,30.14,931,0,151.1,33.1,2057.0
Cauliflower,Chennai,2024,10,Autumn,28.39,2057,1,59.6,37.4,3378.0
Cauliflower,Chennai,2024,11,Autumn,29.01,3378,1,0.0,38.3,3950.0
Cauliflower,Chennai,2024,12,Winter,26.86,3950,0,33.0,39.6,4083.0
Peas,Delhi,2022,1,Winter,39.01,2250,0,0.0,36.4,3674.0
Peas,Delhi,2022,2,Winter,39.4,3674,0,13.9,29.9,3766.0
Peas,Delhi,2022,3,Summer,38.26,3766,0,16.5,24.3,3302.0
Peas,Delhi,2022,4,Summer,41.73,3302,0,2.8,21.6,2477.0
Peas,Delhi,2022,5,Summer,42.95,2477,0,96.2,17.7,1488.0
Peas,Delhi,2022,6,Monsoon,42.91,1488,0,159.5,23.3,713.0
Peas,Delhi,2022,7,Monsoon,40.83,713,0,182.7,26.4,458.0
Peas,Delhi,2022,8,Monsoon,42.82,458,0,193.5,29.3,400.0
Peas,Delhi,2022,9,Monsoon,44.0,400,0,166.7,39.4,841.0
Peas,Delhi,2022,10,Autumn,39.83,841,1,76.0,38.8,2138.0
Peas,Delhi,2022,11,Autumn,37.71,2138,1,19.1,40.2,3461.0
Peas,Delhi,2022,12,Winter,41.09,3461,0,28.6,37.9,3596.0
Peas,Delhi,2023,1,Winter,37.16,3596,0,55.3,32.2,4126.0
Peas,Delhi,2023,2,Winter,40.22,4126,0,3.0,29.9,3953.0
Peas,Delhi,2023,3,Summer,40.76,3953,0,7.4,26.1,3533.0
Peas,Delhi,2023,4,Summer,40.04,3533,0,17.3,20.8,2546.0
Peas,Delhi,2023,5,Summer,44.34,2546,0,47.5,19.0,1223.0
Peas,Delhi,2023,6,Monsoon,44.42,1223,0,168.5,22.4,435.0
Peas,Delhi,2023,7,Monsoon,43.84,435,0,205.3,25.5,211.0
Peas,Delhi,2023,8,Monsoon,42.91,211,0,168.6,27.5,414.0
Peas,Delhi,2023,9,Monsoon,42.31,414,0,147.2,36.1,1057.0
Peas,Delhi,2023,10,Autumn,42.94,1057,1,64.9,36.4,2260.0
Peas,Delhi,2023,11,Autumn,41.02,2260,1,10.6,39.1,3469.0
Peas,Delhi,2023,12,Winter,40.43,3469,0,13.8,35.8,3700.0
Peas,Delhi,2024,1,Winter,42.23,3700,0,4.7,34.1,4033.0
Peas,Delhi,2024,2,Winter,42.42,4033,0,12.0,29.1,3566.0
Peas,Delhi,2024,3,Summer,40.45,3566,0,32.0,22.7,3227.0
Peas,Delhi,2024,4,Summer,44.66,3227,0,52.6,24.7,2403.0
Peas,Delhi,2024,5,Summer,44.14,2403,0,38.7,21.2,1323.0
Peas,Delhi,2024,6,Monsoon,47.03,1323,0,149.6,21.5,268.0
Peas,Delhi,2024,7,Monsoon,45.57,268,0,195.0,24.2,136.0
Peas,Delhi,2024,8,Monsoon,45.52,136,0,177.1,30.2,177.0
Peas,Delhi,2024,9,Monsoon,43.83,177,0,140.2,34.3,878.0
Peas,Delhi,2024,10,Autumn,45.9,878,1,62.4,36.9,2191.0
Peas,Delhi,2024,11,Autumn,41.0,2191,1,14.3,39.2,3414.0
Peas,Delhi,2024,12,Winter,42.07,3414,0,15.2,35.9,3677.0
Peas,Mumbai,2022,1,Winter,42.94,2430,0,14.7,33.6,3825.0
Peas,Mumbai,2022,2,Winter,40.17,3825,0,0.0,27.6,4336.0
Peas,Mumbai,2022,3,Summer,41.0,4336,0,9.8,27.4,3639.0
Peas,Mumbai,2022,4,Summer,42.36,3639,0,16.1,22.5,2719.0
Peas,Mumbai,2022,5,Summer,45.07,2719,0,56.4,20.7,1597.0
Peas,Mumbai,2022,6,Monsoon,43.53,1597,0,160.3,23.0,748.0
Peas,Mumbai,2022,7,Monsoon,43.83,748,0,207.3,26.6,179.0
Peas,Mumbai,2022,8,Monsoon,42.71,179,0,199.7,29.9,777.0
Peas,Mumbai,2022,9,Monsoon,41.08,777,0,124.2,35.9,1212.0
Peas,Mumbai,2022,10,Autumn,40.11,1212,1,105.1,36.4,2557.0
Peas,Mumbai,2022,11,Autumn,39.22,2557,1,7.3,40.3,3950.0
Peas,Mumbai,2022,12,Winter,38.79,3950,0,0.1,35.1,3985.0
Peas,Mumbai,2023,1,Winter,38.55,3985,0,42.8,32.2,4502.0
Peas,Mumbai,2023,2,Winter,43.18,4502,0,11.2,27.7,4075.0
Peas,Mumbai,2023,3,Summer,42.19,4075,0,17.1,25.2,3633.0
Peas,Mumbai,2023,4,Summer,42.08,3633,0,7.6,21.7,2777.0
Peas,Mumbai,2023,5,Summer,42.54,2777,0,49.1,24.0,1650.0
Peas,Mumbai,2023,6,Monsoon,43.25,1650,0,129.9,20.3,624.0
Peas,Mumbai,2023,7,Monsoon,45.77,624,0,187.7,24.0,85.0
Peas,Mumbai,2023,8,Monsoon,45.87,85,0,180.5,29.4,307.0
Peas,Mumbai,2023,9,Monsoon,42.0,307,0,145.8,32.4,853.0
Peas,Mumbai,2023,10,Autumn,41.19,853,1,86.2,38.6,2355.0
Peas,Mumbai,2023,11,Autumn,41.84,2355,1,7.6,37.7,3683.0
Peas,Mumbai,2023,12,Winter,42.15,3683,0,51.2,39.7,4144.0
Peas,Mumbai,2024,1,Winter,40.71,4144,0,13.7,35.4,4654.0
Peas,Mumbai,2024,2,Winter,41.71,4654,0,26.1,30.4,4556.0
Peas,Mumbai,2024,3,Summer,42.18,4556,0,0.0,28.3,3481.0
Peas,Mumbai,2024,4,Summer,44.59,3481,0,8.7,19.7,2404.0
Peas,Mumbai,2024,5,Summer,43.97,2404,0,69.1,22.7,1476.0
Peas,Mumbai,2024,6,Monsoon,49.42,1476,0,127.7,21.6,651.0
Peas,Mumbai,2024,7,Monsoon,46.08,651,0,189.9,24.6,214.0
Peas,Mumbai,2024,8,Monsoon,44.48,214,0,187.6,30.8,207.0
Peas,Mumbai,2024,9,Monsoon,45.93,207,0,152.8,32.7,891.0
Peas,Mumbai,2024,10,Autumn,41.31,891,1,39.2,38.0,2544.0
Peas,Mumbai,2024,11,Autumn,43.94,2544,1,16.3,41.8,3555.0
Peas,Mumbai,2024,12,Winter,39.82,3555,0,0.0,36.7,4351.0
Peas,Pune,2022,1,Winter,38.4,1800,0,19.8,35.9,2999.0
Peas,Pune,2022,2,Winter,39.55,2999,0,19.5,31.7,3012.0
Peas,Pune,2022,3,Summer,39.33,3012,0,44.3,25.1,2403.0
Peas,Pune,2022,4,Summer,41.27,2403,0,29.5,22.4,1869.0
Peas,Pune,2022,5,Summer,42.94,1869,0,58.0,20.4,1213.0
Peas,Pune,2022,6,Monsoon,43.03,1213,0,143.8,23.6,485.0
Peas,Pune,2022,7,Monsoon,43.78,485,0,196.8,23.5,50.0
Peas,Pune,2022,8,Monsoon,42.9,50,0,178.5,27.0,413.0
Peas,Pune,2022,9,Monsoon,45.59,413,0,145.5,35.5,734.0
Peas,Pune,2022,10,Autumn,41.13,734,1,55.1,36.9,1755.0
Peas,Pune,2022,11,Autumn,41.4,1755,1,11.6,40.5,2583.0
Peas,Pune,2022,12,Winter,39.95,2583,0,7.7,37.1,3134.0
Peas,Pune,2023,1,Winter,39.42,3134,0,60.5,33.8,3385.0
Peas,Pune,2023,2,Winter,39.74,3385,0,9.8,29.8,2934.0
Peas,Pune,2023,3,Summer,42.98,2934,0,21.8,25.2,2580.0
Peas,Pune,2023,4,Summer,39.47,2580,0,1.2,21.8,1880.0
Peas,Pune,2023,5,Summer,44.89,1880,0,76.1,20.6,876.0
Peas,Pune,2023,6,Monsoon,45.82,876,0,143.6,21.5,444.0
Peas,Pune,2023,7,Monsoon,44.28,444,0,203.5,27.8,273.0
Peas,Pune,2023,8,Monsoon,45.53,273,0,178.2,28.4,53.0
Peas,Pune,2023,9,Monsoon,45.1,53,0,155.9,34.7,604.0
Peas,Pune,2023,10,Autumn,41.47,604,1,67.4,38.6,1705.0
Peas,Pune,2023,11,Autumn,40.63,1705,1,27.1,39.0,2763.0
Peas,Pune,2023,12,Winter,39.66,2763,0,43.9,37.1,2880.0
Peas,Pune,2024,1,Winter,42.37,2880,0,19.4,35.5,3181.0
Peas,Pune,2024,2,Winter,43.09,3181,0,34.3,31.1,3172.0
Peas,Pune,2024,3,Summer,40.58,3172,0,43.5,25.2,2782.0
Peas,Pune,2024,4,Summer,45.47,2782,0,31.7,24.6,2092.0
Peas,Pune,2024,5,Summer,42.97,2092,0,75.9,21.3,1232.0
Peas,Pune,2024,6,Monsoon,45.89,1232,0,139.0,22.5,511.0
Peas,Pune,2024,7,Monsoon,42.33,511,0,192.4,26.9,229.0
Peas,Pune,2024,8,Monsoon,46.84,229,0,211.9,32.8,334.0
Peas,Pune,2024,9,Monsoon,45.65,334,0,149.8,34.5,667.0
Peas,Pune,2024,10,Autumn,42.11,667,1,54.9,37.0,1834.0
Peas,Pune,2024,11,Autumn,41.64,1834,1,20.2,38.5,2828.0
Peas,Pune,2024,12,Winter,39.73,2828,0,31.7,36.1,3181.0
Peas,Bangalore,2022,1,Winter,41.06,2070,0,0.0,35.3,3585.0
Peas,Bangalore,2022,2,Winter,42.26,3585,0,31.1,31.1,3256.0
Peas,Bangalore,2022,3,Summer,39.49,3256,0,13.0,26.8,3208.0
Peas,Bangalore,2022,4,Summer,40.74,3208,0,19.4,22.4,2267.0
Peas,Bangalore,2022,5,Summer,41.21,2267,0,58.4,21.4,1529.0
Peas,Bangalore,2022,6,Monsoon,41.56,1529,0,157.1,23.9,497.0
Peas,Bangalore,2022,7,Monsoon,45.23,497,0,193.8,29.8,76.0
Peas,Bangalore,2022,8,Monsoon,41.23,76,0,200.2,31.1,507.0
Peas,Bangalore,2022,9,Monsoon,42.33,507,0,144.8,34.4,1069.0
Peas,Bangalore,2022,10,Autumn,41.58,1069,1,55.3,35.2,1891.0
Peas,Bangalore,2022,11,Autumn,40.77,1891,1,15.5,40.8,3298.0
Peas,Bangalore,2022,12,Winter,38.29,3298,0,29.3,41.4,3643.0
Peas,Bangalore,2023,1,Winter,39.91,3643,0,13.4,35.9,4025.0
Peas,Bangalore,2023,2,Winter,41.15,4025,0,12.0,32.1,3685.0
Peas,Bangalore,2023,3,Summer,41.7,3685,0,28.1,25.9,3070.0
Peas,Bangalore,2023,4,Summer,40.04,3070,0,9.5,21.7,2423.0
Peas,Bangalore,2023,5,Summer,44.51,2423,0,48.1,20.7,1455.0
Peas,Bangalore,2023,6,Monsoon,45.12,1455,0,120.7,22.1,604.0
Peas,Bangalore,2023,7,Monsoon,41.93,604,0,214.0,24.3,363.0
Peas,Bangalore,2023,8,Monsoon,44.26,363,0,185.8,27.4,477.0
Peas,Bangalore,2023,9,Monsoon,42.43,477,0,128.3,38.0,934.0
Peas,Bangalore,2023,10,Autumn,42.21,934,1,48.3,37.9,1907.0
Peas,Bangalore,2023,11,Autumn,40.51,1907,1,62.4,38.3,3301.0
Peas,Bangalore,2023,12,Winter,38.64,3301,0,47.2,39.5,3610.0
Peas,Bangalore,2024,1,Winter,38.91,3610,0,0.0,35.9,3733.0
Peas,Bangalore,2024,2,Winter,41.17,3733,0,20.0,30.7,3805.0
Peas,Bangalore,2024,3,Summer,40.71,3805,0,30.8,26.5,3366.0
Peas,Bangalore,2024,4,Summer,46.5,3366,0,8.0,24.8,2263.0
Peas,Bangalore,2024,5,Summer,44.63,2263,0,82.1,16.4,1443.0
Peas,Bangalore,2024,6,Monsoon,45.4,1443,0,161.1,20.4,254.0
Peas,Bangalore,2024,7,Monsoon,47.73,254,0,200.1,22.7,154.0
Peas,Bangalore,2024,8,Monsoon,45.51,154,0,186.8,30.8,264.0
Peas,Bangalore,2024,9,Monsoon,42.61,264,0,130.1,35.4,636.0
Peas,Bangalore,2024,10,Autumn,44.05,636,1,64.8,37.5,1882.0
Peas,Bangalore,2024,11,Autumn,42.76,1882,1,48.3,39.2,3131.0
Peas,Bangalore,2024,12,Winter,42.15,3131,0,35.0,38.7,3527.0
Peas,Kolkata,2022,1,Winter,38.69,1980,0,0.0,31.8,3283.0
Peas,Kolkata,2022,2,Winter,39.93,3283,0,28.7,30.0,3275.0
Peas,Kolkata,2022,3,Summer,40.51,3275,0,19.8,23.5,2709.0
Peas,Kolkata,2022,4,Summer,40.59,2709,0,25.2,20.0,2251.0
Peas,Kolkata,2022,5,Summer,41.35,2251,0,70.0,18.5,1185.0
Peas,Kolkata,2022,6,Monsoon,43.93,1185,0,121.9,22.4,600.0
Peas,Kolkata,2022,7,Monsoon,43.07,600,0,202.9,25.5,95.0
Peas,Kolkata,2022,8,Monsoon,41.96,95,0,187.3,28.0,319.0
Peas,Kolkata,2022,9,Monsoon,40.41,319,0,145.5,39.1,884.0
Peas,Kolkata,2022,10,Autumn,40.64,884,1,45.2,37.2,2144.0
Peas,Kolkata,2022,11,Autumn,39.36,2144,1,13.3,38.7,2989.0
Peas,Kolkata,2022,12,Winter,39.22,2989,0,10.2,37.2,3437.0
Peas,Kolkata,2023,1,Winter,37.59,3437,0,16.5,34.1,3768.0
Peas,Kolkata,2023,2,Winter,42.16,3768,0,9.6,31.1,3454.0
Peas,Kolkata,2023,3,Summer,41.69,3454,0,4.7,25.5,2904.0
Peas,Kolkata,2023,4,Summer,43.1,2904,0,11.5,23.1,2077.0
Peas,Kolkata,2023,5,Summer,42.53,2077,0,41.8,21.7,1310.0
Peas,Kolkata,2023,6,Monsoon,44.59,1310,0,149.5,19.4,609.0
Peas,Kolkata,2023,7,Monsoon,42.03,609,0,203.4,25.7,408.0
Peas,Kolkata,2023,8,Monsoon,43.38,408,0,200.0,28.2,367.0
Peas,Kolkata,2023,9,Monsoon,44.76,367,0,157.5,33.8,563.0
Peas,Kolkata,2023,10,Autumn,41.14,563,1,51.0,34.7,2127.0
Peas,Kolkata,2023,11,Autumn,40.31,2127,1,50.9,39.4,3097.0
Peas,Kolkata,2023,12,Winter,39.52,3097,0,27.1,35.4,3559.0
Peas,Kolkata,2024,1,Winter,41.22,3559,0,4.3,33.4,3659.0
Peas,Kolkata,2024,2,Winter,42.38,3659,0,10.6,30.1,3676.0
Peas,Kolkata,2024,3,Summer,44.57,3676,0,18.1,25.4,2845.0
Peas,Kolkata,2024,4,Summer,45.18,2845,0,0.1,22.6,2084.0
Peas,Kolkata,2024,5,Summer,44.83,2084,0,65.1,18.8,1364.0
Peas,Kolkata,2024,6,Monsoon,45.27,1364,0,128.8,21.8,467.0
Peas,Kolkata,2024,7,Monsoon,46.75,467,0,197.6,26.2,50.0
Peas,Kolkata,2024,8,Monsoon,45.1,50,0,169.2,30.4,429.0
Peas,Kolkata,2024,9,Monsoon,43.59,429,0,175.5,37.5,886.0
Peas,Kolkata,2024,10,Autumn,43.18,886,1,79.7,38.9,2120.0
Peas,Kolkata,2024,11,Autumn,40.28,2120,1,20.0,39.2,3199.0
Peas,Kolkata,2024,12,Winter,41.86,3199,0,16.1,38.5,3365.0
Peas,Patna,2022,1,Winter,38.52,1350,0,19.3,35.7,2154.0
Peas,Patna,2022,2,Winter,37.26,2154,0,28.5,28.8,2310.0
Peas,Patna,2022,3,Summer,36.98,2310,0,24.2,25.4,2088.0
Peas,Patna,2022,4,Summer,40.9,2088,0,37.5,21.5,1592.0
Peas,Patna,2022,5,Summer,38.41,1592,0,78.5,22.5,1160.0
Peas,Patna,2022,6,Monsoon,42.05,1160,0,156.8,25.9,324.0
Peas,Patna,2022,7,Monsoon,44.37,324,0,194.0,25.1,142.0
Peas,Patna,2022,8,Monsoon,43.88,142,0,192.6,29.6,122.0
Peas,Patna,2022,9,Monsoon,44.06,122,0,142.2,36.1,562.0
Peas,Patna,2022,10,Autumn,40.92,562,1,64.1,34.6,1307.0
Peas,Patna,2022,11,Autumn,39.93,1307,1,18.1,38.0,2018.0
Peas,Patna,2022,12,Winter,37.75,2018,0,0.8,39.6,2344.0
Peas,Patna,2023,1,Winter,41.11,2344,0,34.3,35.9,2467.0
Peas,Patna,2023,2,Winter,40.92,2467,0,30.9,32.1,2213.0
Peas,Patna,2023,3,Summer,40.32,2213,0,12.1,26.5,2126.0
Peas,Patna,2023,4,Summer,43.97,2126,0,19.1,22.3,1410.0
Peas,Patna,2023,5,Summer,41.54,1410,0,69.2,22.3,857.0
Peas,Patna,2023,6,Monsoon,46.53,857,0,159.7,22.3,127.0
Peas,Patna,2023,7,Monsoon,46.01,127,0,168.5,26.7,50.0
Peas,Patna,2023,8,Monsoon,43.34,50,0,199.9,31.1,76.0
Peas,Patna,2023,9,Monsoon,41.97,76,0,150.1,35.9,506.0
Peas,Patna,2023,10,Autumn,42.39,506,1,62.9,38.4,1266.0
Peas,Patna,2023,11,Autumn,40.79,1266,1,38.7,38.2,1937.0
Peas,Patna,2023,12,Winter,40.77,1937,0,9.3,38.6,2282.0
Peas,Patna,2024,1,Winter,40.15,2282,0,28.3,37.6,2325.0
Peas,Patna,2024,2,Winter,40.17,2325,0,4.2,28.9,2356.0
Peas,Patna,2024,3,Summer,43.14,2356,0,38.8,27.8,2119.0
Peas,Patna,2024,4,Summer,45.15,2119,0,14.7,19.8,1239.0
Peas,Patna,2024,5,Summer,44.76,1239,0,55.3,21.8,725.0
Peas,Patna,2024,6,Monsoon,47.22,725,0,129.6,22.2,215.0
Peas,Patna,2024,7,Monsoon,45.01,215,0,181.4,23.6,50.0
Peas,Patna,2024,8,Monsoon,42.72,50,0,199.0,28.8,186.0
Peas,Patna,2024,9,Monsoon,43.85,186,0,133.8,35.5,419.0
Peas,Patna,2024,10,Autumn,44.72,419,1,68.9,41.3,1230.0
Peas,Patna,2024,11,Autumn,40.86,1230,1,25.4,36.4,1851.0
Peas,Patna,2024,12,Winter,42.08,1851,0,45.9,40.1,2184.0
Peas,Hyderabad,2022,1,Winter,41.31,1890,0,0.0,34.2,3094.0
Peas,Hyderabad,2022,2,Winter,41.04,3094,0,11.5,27.4,3216.0
Peas,Hyderabad,2022,3,Summer,38.18,3216,0,0.0,24.1,2876.0
Peas,Hyderabad,2022,4,Summer,42.22,2876,0,23.1,21.5,2079.0
Peas,Hyderabad,2022,5,Summer,46.56,2079,0,82.5,20.5,1062.0
Peas,Hyderabad,2022,6,Monsoon,42.85,1062,0,133.7,20.7,333.0
Peas,Hyderabad,2022,7,Monsoon,43.68,333,0,198.3,22.6,50.0
Peas,Hyderabad,2022,8,Monsoon,46.37,50,0,188.1,30.9,50.0
Peas,Hyderabad,2022,9,Monsoon,41.07,50,0,145.0,33.4,692.0
Peas,Hyderabad,2022,10,Autumn,44.28,692,1,78.9,37.1,1850.0
Peas,Hyderabad,2022,11,Autumn,38.84,1850,1,4.8,38.4,3071.0
Peas,Hyderabad,2022,12,Winter,38.28,3071,0,0.0,35.8,3378.0
Peas,Hyderabad,2023,1,Winter,40.74,3378,0,38.5,36.6,3459.0
Peas,Hyderabad,2023,2,Winter,37.74,3459,0,31.9,28.3,3464.0
Peas,Hyderabad,2023,3,Summer,41.37,3464,0,4.9,25.4,2885.0
Peas,Hyderabad,2023,4,Summer,42.67,2885,0,34.1,23.5,2008.0
Peas,Hyderabad,2023,5,Summer,43.32,2008,0,68.2,20.1,1502.0
Peas,Hyderabad,2023,6,Monsoon,43.49,1502,0,150.0,22.9,728.0
Peas,Hyderabad,2023,7,Monsoon,45.1,728,0,205.3,26.7,301.0
Peas,Hyderabad,2023,8,Monsoon,44.32,301,0,212.9,30.4,364.0
Peas,Hyderabad,2023,9,Monsoon,43.53,364,0,133.7,33.4,586.0
Peas,Hyderabad,2023,10,Autumn,41.74,586,1,79.0,36.3,1828.0
Peas,Hyderabad,2023,11,Autumn,41.11,1828,1,20.6,38.5,2900.0
Peas,Hyderabad,2023,12,Winter,41.84,2900,0,13.3,36.6,2913.0
Peas,Hyderabad,2024,1,Winter,41.79,2913,0,16.9,33.8,3156.0
Peas,Hyderabad,2024,2,Winter,43.03,3156,0,12.5,29.8,3217.0
Peas,Hyderabad,2024,3,Summer,43.68,3217,0,2.2,24.8,2590.0
Peas,Hyderabad,2024,4,Summer,43.13,2590,0,18.8,22.2,2277.0
Peas,Hyderabad,2024,5,Summer,43.84,2277,0,60.4,21.7,1317.0
Peas,Hyderabad,2024,6,Monsoon,45.74,1317,0,160.3,21.3,393.0
Peas,Hyderabad,2024,7,Monsoon,45.37,393,0,176.7,27.1,50.0
Peas,Hyderabad,2024,8,Monsoon,45.47,50,0,220.3,28.8,348.0
Peas,Hyderabad,2024,9,Monsoon,43.19,348,0,145.2,34.3,599.0
Peas,Hyderabad,2024,10,Autumn,44.1,599,1,64.1,38.3,1730.0
Peas,Hyderabad,2024,11,Autumn,43.08,1730,1,20.3,36.2,2841.0
Peas,Hyderabad,2024,12,Winter,40.21,2841,0,49.6,37.8,3180.0
Peas,Chennai,2022,1,Winter,38.84,1800,0,15.1,35.2,2869.0
Peas,Chennai,2022,2,Winter,41.05,2869,0,0.0,30.4,3058.0
Peas,Chennai,2022,3,Summer,40.34,3058,0,32.2,27.0,2601.0
Peas,Chennai,2022,4,Summer,41.87,2601,0,22.9,24.0,2025.0
Peas,Chennai,2022,5,Summer,42.13,2025,0,59.6,20.7,1202.0
Peas,Chennai,2022,6,Monsoon,43.19,1202,0,164.8,18.7,515.0
Peas,Chennai,2022,7,Monsoon,42.44,515,0,173.3,26.5,176.0
Peas,Chennai,2022,8,Monsoon,43.95,176,0,221.6,31.5,263.0
Peas,Chennai,2022,9,Monsoon,43.42,263,0,144.8,37.5,637.0
Peas,Chennai,2022,10,Autumn,41.05,637,1,45.6,38.6,1647.0
Peas,Chennai,2022,11,Autumn,40.71,1647,1,26.4,38.6,2803.0
Peas,Chennai,2022,12,Winter,38.41,2803,0,10.9,38.7,3065.0
Peas,Chennai,2023,1,Winter,39.61,3065,0,12.0,36.2,3446.0
Peas,Chennai,2023,2,Winter,36.23,3446,0,46.8,28.9,3451.0
Peas,Chennai,2023,3,Summer,40.38,3451,0,14.9,24.2,2742.0
Peas,Chennai,2023,4,Summer,44.2,2742,0,39.5,22.4,1963.0
Peas,Chennai,2023,5,Summer,44.39,1963,0,61.9,20.4,1213.0
Peas,Chennai,2023,6,Monsoon,44.72,1213,0,162.2,21.8,544.0
Peas,Chennai,2023,7,Monsoon,43.67,544,0,188.1,23.8,153.0
Peas,Chennai,2023,8,Monsoon,42.58,153,0,203.8,31.9,200.0
Peas,Chennai,2023,9,Monsoon,42.86,200,0,141.9,35.7,674.0
Peas,Chennai,2023,10,Autumn,42.17,674,1,45.4,38.5,1707.0
Peas,Chennai,2023,11,Autumn,39.79,1707,1,16.1,40.7,2706.0
Peas,Chennai,2023,12,Winter,41.26,2706,0,38.8,37.9,3045.0
Peas,Chennai,2024,1,Winter,42.36,3045,0,19.5,34.0,3336.0
Peas,Chennai,2024,2,Winter,43.36,3336,0,36.3,28.2,3058.0
Peas,Chennai,2024,3,Summer,43.6,3058,0,8.7,25.2,2650.0
Peas,Chennai,2024,4,Summer,43.87,2650,0,16.2,23.5,1835.0
Peas,Chennai,2024,5,Summer,44.79,1835,0,56.0,21.6,931.0
Peas,Chennai,2024,6,Monsoon,48.04,931,0,160.0,21.5,161.0
Peas,Chennai,2024,7,Monsoon,44.78,161,0,191.2,24.5,50.0
Peas,Chennai,2024,8,Monsoon,44.7,50,0,220.4,30.2,50.0
Peas,Chennai,2024,9,Monsoon,44.02,50,0,121.5,33.7,632.0
Peas,Chennai,2024,10,Autumn,45.11,632,1,32.5,37.7,1854.0
Peas,Chennai,2024,11,Autumn,41.24,1854,1,0.0,37.8,2806.0
Peas,Chennai,2024,12,Winter,41.59,2806,0,1.7,40.3,3004.0
Beans,Delhi,2022,1,Winter,37.72,2000,0,43.9,34.5,2714.0
Beans,Delhi,2022,2,Winter,39.92,2714,0,0.0,29.1,3126.0
Beans,Delhi,2022,3,Summer,38.43,3126,0,24.1,24.0,2905.0
Beans,Delhi,2022,4,Summer,40.7,2905,0,0.0,21.4,2846.0
Beans,Delhi,2022,5,Summer,36.78,2846,0,59.8,20.0,2251.0
Beans,Delhi,2022,6,Monsoon,41.45,2251,0,149.7,23.4,1479.0
Beans,Delhi,2022,7,Monsoon,41.74,1479,0,202.2,24.4,882.0
Beans,Delhi,2022,8,Monsoon,41.38,882,0,200.8,30.6,775.0
Beans,Delhi,2022,9,Monsoon,40.61,775,0,123.7,32.9,657.0
Beans,Delhi,2022,10,Autumn,42.01,657,1,60.5,37.2,1398.0
Beans,Delhi,2022,11,Autumn,38.32,1398,1,35.4,39.5,2218.0
Beans,Delhi,2022,12,Winter,37.78,2218,0,30.9,39.6,2322.0
Beans,Delhi,2023,1,Winter,35.03,2322,0,0.0,34.0,3167.0
Beans,Delhi,2023,2,Winter,36.45,3167,0,29.0,29.0,3374.0
Beans,Delhi,2023,3,Summer,37.23,3374,0,3.3,24.0,3173.0
Beans,Delhi,2023,4,Summer,40.6,3173,0,29.3,24.0,2688.0
Beans,Delhi,2023,5,Summer,37.73,2688,0,81.9,20.0,2098.0
Beans,Delhi,2023,6,Monsoon,40.08,2098,0,135.2,21.3,1450.0
Beans,Delhi,2023,7,Monsoon,39.84,1450,0,203.2,28.1,828.0
Beans,Delhi,2023,8,Monsoon,42.27,828,0,182.0,31.1,565.0
Beans,Delhi,2023,9,Monsoon,42.23,565,0,158.0,35.9,624.0
Beans,Delhi,2023,10,Autumn,41.08,624,1,70.6,37.4,1335.0
Beans,Delhi,2023,11,Autumn,41.73,1335,1,33.9,39.4,2261.0
Beans,Delhi,2023,12,Winter,40.6,2261,0,26.9,37.0,2516.0
Beans,Delhi,2024,1,Winter,40.43,2516,0,59.1,35.0,2900.0
Beans,Delhi,2024,2,Winter,39.55,2900,0,18.5,29.6,3169.0
Beans,Delhi,2024,3,Summer,38.81,3169,0,37.3,26.0,3030.0
Beans,Delhi,2024,4,Summer,39.56,3030,0,0.2,24.7,2795.0
Beans,Delhi,2024,5,Summer,41.32,2795,0,70.7,21.5,2021.0
Beans,Delhi,2024,6,Monsoon,42.82,2021,0,132.8,24.8,1554.0
Beans,Delhi,2024,7,Monsoon,44.12,1554,0,214.6,24.9,902.0
Beans,Delhi,2024,8,Monsoon,44.66,902,0,176.5,29.7,554.0
Beans,Delhi,2024,9,Monsoon,46.48,554,0,142.4,34.2,400.0
Beans,Delhi,2024,10,Autumn,41.77,400,1,74.1,37.4,1290.0
Beans,Delhi,2024,11,Autumn,41.75,1290,1,30.0,40.1,2220.0
Beans,Delhi,2024,12,Winter,39.55,2220,0,39.0,39.0,2536.0
Beans,Mumbai,2022,1,Winter,34.96,2160,0,27.5,33.3,2834.0
Beans,Mumbai,2022,2,Winter,35.21,2834,0,21.0,30.4,3528.0
Beans,Mumbai,2022,3,Summer,37.68,3528,0,22.3,27.5,3232.0
Beans,Mumbai,2022,4,Summer,37.2,3232,0,26.9,23.2,2758.0
Beans,Mumbai,2022,5,Summer,40.64,2758,0,68.1,19.5,2191.0
Beans,Mumbai,2022,6,Monsoon,40.37,2191,0,173.1,19.0,1773.0
Beans,Mumbai,2022,7,Monsoon,40.42,1773,0,180.5,25.3,1026.0
Beans,Mumbai,2022,8,Monsoon,41.13,1026,0,197.5,28.1,837.0
Beans,Mumbai,2022,9,Monsoon,42.43,837,0,144.1,33.0,942.0
Beans,Mumbai,2022,10,Autumn,38.84,942,1,51.0,35.9,1708.0
Beans,Mumbai,2022,11,Autumn,38.61,1708,1,24.1,40.2,2301.0
Beans,Mumbai,2022,12,Winter,38.23,2301,0,33.8,37.0,2486.0
Beans,Mumbai,2023,1,Winter,37.3,2486,0,11.5,36.0,3225.0
Beans,Mumbai,2023,2,Winter,37.76,3225,0,0.0,29.2,3652.0
Beans,Mumbai,2023,3,Summer,39.79,3652,0,2.5,26.5,3255.0
Beans,Mumbai,2023,4,Summer,37.07,3255,0,14.4,22.4,2895.0
Beans,Mumbai,2023,5,Summer,40.06,2895,0,85.7,21.8,2307.0
Beans,Mumbai,2023,6,Monsoon,40.64,2307,0,156.0,23.4,1817.0
Beans,Mumbai,2023,7,Monsoon,41.07,1817,0,213.6,26.5,963.0
Beans,Mumbai,2023,8,Monsoon,40.08,963,0,189.0,30.1,848.0
Beans,Mumbai,2023,9,Monsoon,41.31,848,0,166.6,35.4,765.0
Beans,Mumbai,2023,10,Autumn,42.04,765,1,71.1,37.6,1591.0
Beans,Mumbai,2023,11,Autumn,40.59,1591,1,36.4,37.3,2295.0
Beans,Mumbai,2023,12,Winter,40.5,2295,0,18.5,39.1,2809.0
Beans,Mumbai,2024,1,Winter,39.1,2809,0,26.4,34.3,2930.0
Beans,Mumbai,2024,2,Winter,39.85,2930,0,40.1,29.5,3388.0
Beans,Mumbai,2024,3,Summer,41.62,3388,0,1.3,24.1,3275.0
Beans,Mumbai,2024,4,Summer,41.83,3275,0,11.3,22.0,2961.0
Beans,Mumbai,2024,5,Summer,42.84,2961,0,44.6,23.5,2219.0
Beans,Mumbai,2024,6,Monsoon,43.33,2219,0,129.4,23.8,1352.0
Beans,Mumbai,2024,7,Monsoon,43.55,1352,0,190.4,30.2,831.0
Beans,Mumbai,2024,8,Monsoon,45.02,831,0,178.7,32.7,815.0
Beans,Mumbai,2024,9,Monsoon,42.33,815,0,151.0,36.4,862.0
Beans,Mumbai,2024,10,Autumn,43.11,862,1,70.9,39.9,1429.0
Beans,Mumbai,2024,11,Autumn,38.24,1429,1,21.0,36.5,2468.0
Beans,Mumbai,2024,12,Winter,41.48,2468,0,14.4,37.4,2828.0
Beans,Pune,2022,1,Winter,37.86,1600,0,28.0,37.4,2270.0
Beans,Pune,2022,2,Winter,38.2,2270,0,23.6,28.1,2264.0
Beans,Pune,2022,3,Summer,36.05,2264,0,11.2,25.5,2409.0
Beans,Pune,2022,4,Summer,37.01,2409,0,47.6,23.9,2150.0
Beans,Pune,2022,5,Summer,38.72,2150,0,47.4,22.1,1531.0
Beans,Pune,2022,6,Monsoon,41.53,1531,0,148.8,22.9,1107.0
Beans,Pune,2022,7,Monsoon,41.0,1107,0,188.3,28.5,803.0
Beans,Pune,2022,8,Monsoon,39.25,803,0,185.8,31.0,560.0
Beans,Pune,2022,9,Monsoon,42.74,560,0,129.2,33.6,521.0
Beans,Pune,2022,10,Autumn,40.14,521,1,77.4,40.1,1226.0
Beans,Pune,2022,11,Autumn,40.12,1226,1,28.0,39.2,1918.0
Beans,Pune,2022,12,Winter,36.54,1918,0,10.4,36.4,2179.0
Beans,Pune,2023,1,Winter,35.32,2179,0,36.9,33.7,2384.0
Beans,Pune,2023,2,Winter,38.25,2384,0,28.2,29.9,2475.0
Beans,Pune,2023,3,Summer,39.13,2475,0,35.2,26.0,2443.0
Beans,Pune,2023,4,Summer,37.84,2443,0,27.9,22.9,2219.0
Beans,Pune,2023,5,Summer,40.86,2219,0,78.5,22.7,1591.0
Beans,Pune,2023,6,Monsoon,41.69,1591,0,135.1,21.6,1119.0
Beans,Pune,2023,7,Monsoon,39.32,1119,0,177.0,23.8,484.0
Beans,Pune,2023,8,Monsoon,45.08,484,0,191.9,33.5,282.0
Beans,Pune,2023,9,Monsoon,40.42,282,0,149.5,32.3,444.0
Beans,Pune,2023,10,Autumn,41.77,444,1,63.2,37.5,1134.0
Beans,Pune,2023,11,Autumn,38.75,1134,1,14.9,39.1,1624.0
Beans,Pune,2023,12,Winter,38.67,1624,0,0.0,38.8,1778.0
Beans,Pune,2024,1,Winter,41.78,1778,0,19.1,32.6,2132.0
Beans,Pune,2024,2,Winter,37.8,2132,0,30.2,31.6,2481.0
Beans,Pune,2024,3,Summer,39.96,2481,0,28.3,25.7,2281.0
Beans,Pune,2024,4,Summer,40.8,2281,0,28.3,21.5,2156.0
Beans,Pune,2024,5,Summer,42.39,2156,0,76.6,21.5,1695.0
Beans,Pune,2024,6,Monsoon,42.89,1695,0,169.7,22.2,1201.0
Beans,Pune,2024,7,Monsoon,44.21,1201,0,186.5,23.5,658.0
Beans,Pune,2024,8,Monsoon,45.84,658,0,175.8,30.8,251.0
Beans,Pune,2024,9,Monsoon,42.96,251,0,162.6,30.7,659.0
Beans,Pune,2024,10,Autumn,43.73,659,1,61.7,37.9,910.0
Beans,Pune,2024,11,Autumn,44.1,910,1,21.1,39.1,1444.0
Beans,Pune,2024,12,Winter,38.87,1444,0,14.3,36.4,2016.0
Beans,Bangalore,2022,1,Winter,36.43,1840,0,20.4,33.7,2550.0
Beans,Bangalore,2022,2,Winter,36.5,2550,0,12.9,28.1,2862.0
Beans,Bangalore,2022,3,Summer,37.49,2862,0,8.6,25.7,2780.0
Beans,Bangalore,2022,4,Summer,40.93,2780,0,17.8,25.4,2308.0
Beans,Bangalore,2022,5,Summer,40.55,2308,0,52.9,19.4,1849.0
Beans,Bangalore,2022,6,Monsoon,40.16,1849,0,150.9,25.2,1429.0
Beans,Bangalore,2022,7,Monsoon,42.47,1429,0,201.7,24.6,762.0
Beans,Bangalore,2022,8,Monsoon,40.61,762,0,214.0,29.1,496.0
Beans,Bangalore,2022,9,Monsoon,37.58,496,0,133.4,33.9,750.0
Beans,Bangalore,2022,10,Autumn,40.77,750,1,59.0,39.0,1252.0
Beans,Bangalore,2022,11,Autumn,41.15,1252,1,13.1,38.6,1855.0
Beans,Bangalore,2022,12,Winter,35.89,1855,0,9.2,36.1,2354.0
Beans,Bangalore,2023,1,Winter,39.76,2354,0,23.0,36.4,2922.0
Beans,Bangalore,2023,2,Winter,36.18,2922,0,18.9,29.6,3079.0
Beans,Bangalore,2023,3,Summer,36.71,3079,0,21.8,26.5,2954.0
Beans,Bangalore,2023,4,Summer,38.18,2954,0,23.1,22.4,2668.0
Beans,Bangalore,2023,5,Summer,41.29,2668,0,97.3,19.3,1647.0
Beans,Bangalore,2023,6,Monsoon,40.69,1647,0,157.3,19.4,1140.0
Beans,Bangalore,2023,7,Monsoon,39.65,1140,0,190.6,26.8,819.0
Beans,Bangalore,2023,8,Monsoon,43.16,819,0,186.2,32.4,449.0
Beans,Bangalore,2023,9,Monsoon,43.25,449,0,140.2,36.8,517.0
Beans,Bangalore,2023,10,Autumn,40.67,517,1,62.6,37.4,1086.0
Beans,Bangalore,2023,11,Autumn,39.75,1086,1,9.8,41.1,1928.0
Beans,Bangalore,2023,12,Winter,39.15,1928,0,22.1,41.1,2377.0
Beans,Bangalore,2024,1,Winter,39.47,2377,0,11.0,34.1,2585.0
Beans,Bangalore,2024,2,Winter,38.02,2585,0,16.9,31.3,2872.0
Beans,Bangalore,2024,3,Summer,40.99,2872,0,30.6,24.3,2764.0
Beans,Bangalore,2024,4,Summer,39.79,2764,0,17.5,19.2,2490.0
Beans,Bangalore,2024,5,Summer,43.07,2490,0,92.8,21.9,1742.0
Beans,Bangalore,2024,6,Monsoon,41.42,1742,0,145.4,24.0,1402.0
Beans,Bangalore,2024,7,Monsoon,43.06,1402,0,204.9,25.9,724.0
Beans,Bangalore,2024,8,Monsoon,44.31,724,0,220.5,30.9,466.0
Beans,Bangalore,2024,9,Monsoon,44.08,466,0,147.8,34.7,680.0
Beans,Bangalore,2024,10,Autumn,42.78,680,1,54.9,35.6,1069.0
Beans,Bangalore,2024,11,Autumn,42.18,1069,1,15.1,38.2,2093.0
Beans,Bangalore,2024,12,Winter,39.99,2093,0,0.0,41.2,2315.0
Beans,Kolkata,2022,1,Winter,37.21,1760,0,0.0,36.0,2474.0
Beans,Kolkata,2022,2,Winter,38.04,2474,0,0.0,30.1,2722.0
Beans,Kolkata,2022,3,Summer,36.26,2722,0,37.6,27.2,2914.0
Beans,Kolkata,2022,4,Summer,38.1,2914,0,20.7,22.3,2458.0
Beans,Kolkata,2022,5,Summer,37.16,2458,0,27.1,20.7,2127.0
Beans,Kolkata,2022,6,Monsoon,39.84,2127,0,171.1,23.5,1271.0
Beans,Kolkata,2022,7,Monsoon,40.02,1271,0,184.0,28.4,609.0
Beans,Kolkata,2022,8,Monsoon,43.61,609,0,209.3,32.3,592.0
Beans,Kolkata,2022,9,Monsoon,38.08,592,0,165.3,34.6,747.0
Beans,Kolkata,2022,10,Autumn,39.92,747,1,75.9,37.6,1196.0
Beans,Kolkata,2022,11,Autumn,41.7,1196,1,5.0,41.8,1843.0
Beans,Kolkata,2022,12,Winter,38.87,1843,0,24.2,36.3,2350.0
Beans,Kolkata,2023,1,Winter,39.06,2350,0,0.0,35.2,2638.0
Beans,Kolkata,2023,2,Winter,37.67,2638,0,44.6,33.1,2868.0
Beans,Kolkata,2023,3,Summer,38.68,2868,0,21.3,24.6,2792.0
Beans,Kolkata,2023,4,Summer,38.49,2792,0,23.3,20.9,2362.0
Beans,Kolkata,2023,5,Summer,40.87,2362,0,54.0,21.5,1942.0
Beans,Kolkata,2023,6,Monsoon,43.6,1942,0,134.4,21.3,1237.0
Beans,Kolkata,2023,7,Monsoon,43.84,1237,0,194.3,25.2,872.0
Beans,Kolkata,2023,8,Monsoon,41.34,872,0,210.6,30.0,807.0
Beans,Kolkata,2023,9,Monsoon,44.25,807,0,160.1,33.8,590.0
Beans,Kolkata,2023,10,Autumn,40.13,590,1,87.7,40.0,1315.0
Beans,Kolkata,2023,11,Autumn,39.24,1315,1,31.7,42.9,2086.0
Beans,Kolkata,2023,12,Winter,38.97,2086,0,20.3,35.9,2222.0
Beans,Kolkata,2024,1,Winter,40.8,2222,0,4.1,35.0,2532.0
Beans,Kolkata,2024,2,Winter,39.13,2532,0,11.9,29.8,2757.0
Beans,Kolkata,2024,3,Summer,37.49,2757,0,36.6,25.9,2664.0
Beans,Kolkata,2024,4,Summer,42.13,2664,0,22.5,23.9,2475.0
Beans,Kolkata,2024,5,Summer,39.45,2475,0,68.5,22.1,1948.0
Beans,Kolkata,2024,6,Monsoon,46.9,1948,0,131.2,22.1,1207.0
Beans,Kolkata,2024,7,Monsoon,42.8,1207,0,180.9,26.1,672.0
Beans,Kolkata,2024,8,Monsoon,44.32,672,0,225.4,31.6,432.0
Beans,Kolkata,2024,9,Monsoon,43.95,432,0,142.6,36.8,242.0
Beans,Kolkata,2024,10,Autumn,43.14,242,1,102.9,38.1,1206.0
Beans,Kolkata,2024,11,Autumn,40.9,1206,1,27.0,40.1,1736.0
Beans,Kolkata,2024,12,Winter,39.41,1736,0,24.2,39.9,2047.0
Beans,Patna,2022,1,Winter,36.58,1200,0,38.3,33.8,1687.0
Beans,Patna,2022,2,Winter,36.1,1687,0,19.0,27.6,1938.0
Beans,Patna,2022,3,Summer,39.73,1938,0,23.3,27.2,1928.0
Beans,Patna,2022,4,Summer,37.09,1928,0,33.7,22.0,1682.0
Beans,Patna,2022,5,Summer,39.94,1682,0,75.4,22.2,1263.0
Beans,Patna,2022,6,Monsoon,41.41,1263,0,159.1,24.1,835.0
Beans,Patna,2022,7,Monsoon,40.03,835,0,181.4,24.2,571.0
Beans,Patna,2022,8,Monsoon,40.58,571,0,201.7,27.9,407.0
Beans,Patna,2022,9,Monsoon,40.56,407,0,133.8,35.2,402.0
Beans,Patna,2022,10,Autumn,38.99,402,1,67.4,38.4,849.0
Beans,Patna,2022,11,Autumn,36.75,849,1,27.0,37.9,1249.0
Beans,Patna,2022,12,Winter,37.48,1249,0,13.7,35.8,1621.0
Beans,Patna,2023,1,Winter,41.29,1621,0,0.0,34.1,1730.0
Beans,Patna,2023,2,Winter,38.6,1730,0,14.5,29.8,1992.0
Beans,Patna,2023,3,Summer,36.38,1992,0,12.0,24.4,1924.0
Beans,Patna,2023,4,Summer,37.87,1924,0,0.0,21.5,1738.0
Beans,Patna,2023,5,Summer,38.03,1738,0,59.0,21.6,1343.0
Beans,Patna,2023,6,Monsoon,44.52,1343,0,129.2,21.6,860.0
Beans,Patna,2023,7,Monsoon,40.97,860,0,191.9,30.3,614.0
Beans,Patna,2023,8,Monsoon,40.67,614,0,170.9,29.6,430.0
Beans,Patna,2023,9,Monsoon,43.78,430,0,148.1,34.0,331.0
Beans,Patna,2023,10,Autumn,39.34,331,1,71.5,39.0,786.0
Beans,Patna,2023,11,Autumn,42.27,786,1,20.8,39.9,1190.0
Beans,Patna,2023,12,Winter,39.6,1190,0,15.3,36.5,1412.0
Beans,Patna,2024,1,Winter,40.23,1412,0,15.9,34.4,1635.0
Beans,Patna,2024,2,Winter,34.9,1635,0,8.4,30.6,1895.0
Beans,Patna,2024,3,Summer,38.84,1895,0,2.7,27.3,1790.0
Beans,Patna,2024,4,Summer,39.75,1790,0,19.3,21.3,1587.0
Beans,Patna,2024,5,Summer,40.07,1587,0,60.3,20.4,1162.0
Beans,Patna,2024,6,Monsoon,40.66,1162,0,148.2,22.7,890.0
Beans,Patna,2024,7,Monsoon,43.94,890,0,205.3,27.0,503.0
Beans,Patna,2024,8,Monsoon,42.37,503,0,226.6,29.5,206.0
Beans,Patna,2024,9,Monsoon,42.23,206,0,173.6,37.2,291.0
Beans,Patna,2024,10,Autumn,40.86,291,1,61.7,39.6,650.0
Beans,Patna,2024,11,Autumn,42.12,650,1,52.5,39.5,1161.0
Beans,Patna,2024,12,Winter,39.14,1161,0,27.0,35.5,1445.0
Beans,Hyderabad,2022,1,Winter,36.65,1680,0,0.0,34.0,2353.0
Beans,Hyderabad,2022,2,Winter,34.31,2353,0,11.7,28.5,2728.0
Beans,Hyderabad,2022,3,Summer,37.24,2728,0,15.5,23.4,2600.0
Beans,Hyderabad,2022,4,Summer,38.92,2600,0,13.1,19.0,2149.0
Beans,Hyderabad,2022,5,Summer,38.53,2149,0,67.5,19.8,1900.0
Beans,Hyderabad,2022,6,Monsoon,40.64,1900,0,155.3,23.9,1307.0
Beans,Hyderabad,2022,7,Monsoon,40.67,1307,0,167.1,25.0,953.0
Beans,Hyderabad,2022,8,Monsoon,41.6,953,0,186.3,30.4,722.0
Beans,Hyderabad,2022,9,Monsoon,38.6,722,0,145.3,35.7,582.0
Beans,Hyderabad,2022,10,Autumn,41.12,582,1,32.3,39.0,1264.0
Beans,Hyderabad,2022,11,Autumn,38.9,1264,1,9.8,38.2,2001.0
Beans,Hyderabad,2022,12,Winter,38.43,2001,0,45.4,39.0,2271.0
Beans,Hyderabad,2023,1,Winter,38.12,2271,0,16.2,33.9,2395.0
Beans,Hyderabad,2023,2,Winter,39.44,2395,0,17.4,28.3,2650.0
Beans,Hyderabad,2023,3,Summer,40.97,2650,0,41.4,23.1,2359.0
Beans,Hyderabad,2023,4,Summer,40.97,2359,0,2.0,21.3,2185.0
Beans,Hyderabad,2023,5,Summer,38.35,2185,0,62.9,19.8,1912.0
Beans,Hyderabad,2023,6,Monsoon,41.98,1912,0,159.3,24.2,968.0
Beans,Hyderabad,2023,7,Monsoon,41.74,968,0,175.2,26.2,658.0
Beans,Hyderabad,2023,8,Monsoon,43.2,658,0,177.3,31.4,546.0
Beans,Hyderabad,2023,9,Monsoon,40.38,546,0,137.8,34.8,647.0
Beans,Hyderabad,2023,10,Autumn,40.97,647,1,28.7,35.4,1433.0
Beans,Hyderabad,2023,11,Autumn,40.58,1433,1,0.0,37.1,2034.0
Beans,Hyderabad,2023,12,Winter,38.67,2034,0,23.0,38.8,2087.0
Beans,Hyderabad,2024,1,Winter,40.47,2087,0,21.2,33.5,2227.0
Beans,Hyderabad,2024,2,Winter,38.84,2227,0,33.3,30.1,2403.0
Beans,Hyderabad,2024,3,Summer,39.16,2403,0,5.3,27.3,2529.0
Beans,Hyderabad,2024,4,Summer,38.39,2529,0,6.8,22.2,2279.0
Beans,Hyderabad,2024,5,Summer,40.22,2279,0,72.1,21.5,1740.0
Beans,Hyderabad,2024,6,Monsoon,42.26,1740,0,155.3,21.9,1378.0
Beans,Hyderabad,2024,7,Monsoon,41.91,1378,0,179.6,27.1,877.0
Beans,Hyderabad,2024,8,Monsoon,42.13,877,0,204.5,29.2,367.0
Beans,Hyderabad,2024,9,Monsoon,42.01,367,0,138.1,35.3,584.0
Beans,Hyderabad,2024,10,Autumn,41.06,584,1,44.4,37.4,1168.0
Beans,Hyderabad,2024,11,Autumn,40.57,1168,1,12.5,37.2,1696.0
Beans,Hyderabad,2024,12,Winter,39.81,1696,0,0.3,39.4,1803.0
Beans,Chennai,2022,1,Winter,36.09,1600,0,10.7,35.9,2429.0
Beans,Chennai,2022,2,Winter,38.31,2429,0,7.2,30.8,2579.0
Beans,Chennai,2022,3,Summer,38.79,2579,0,0.0,24.1,2385.0
Beans,Chennai,2022,4,Summer,38.16,2385,0,34.6,21.6,2027.0
Beans,Chennai,2022,5,Summer,39.39,2027,0,57.5,19.7,1681.0
Beans,Chennai,2022,6,Monsoon,38.88,1681,0,154.2,21.5,1233.0
Beans,Chennai,2022,7,Monsoon,40.83,1233,0,178.4,27.1,743.0
Beans,Chennai,2022,8,Monsoon,38.96,743,0,200.8,29.9,487.0
Beans,Chennai,2022,9,Monsoon,38.63,487,0,163.1,34.6,683.0
Beans,Chennai,2022,10,Autumn,38.57,683,1,58.2,36.5,1306.0
Beans,Chennai,2022,11,Autumn,39.24,1306,1,0.0,37.7,1935.0
Beans,Chennai,2022,12,Winter,40.11,1935,0,28.3,36.5,1869.0
Beans,Chennai,2023,1,Winter,37.07,1869,0,24.0,35.2,2395.0
Beans,Chennai,2023,2,Winter,35.42,2395,0,12.3,31.0,2631.0
Beans,Chennai,2023,3,Summer,38.24,2631,0,13.8,27.2,2609.0
Beans,Chennai,2023,4,Summer,40.24,2609,0,27.6,22.0,2240.0
Beans,Chennai,2023,5,Summer,38.9,2240,0,73.7,17.6,1870.0
Beans,Chennai,2023,6,Monsoon,42.41,1870,0,128.4,23.5,1116.0
Beans,Chennai,2023,7,Monsoon,45.16,1116,0,163.9,24.6,560.0
Beans,Chennai,2023,8,Monsoon,44.26,560,0,182.0,28.5,396.0
Beans,Chennai,2023,9,Monsoon,43.07,396,0,137.9,36.6,439.0
Beans,Chennai,2023,10,Autumn,41.44,439,1,48.2,39.5,929.0
Beans,Chennai,2023,11,Autumn,38.54,929,1,0.0,37.3,1510.0
Beans,Chennai,2023,12,Winter,38.49,1510,0,3.5,36.4,2096.0
Beans,Chennai,2024,1,Winter,40.17,2096,0,16.0,34.2,2284.0
Beans,Chennai,2024,2,Winter,39.31,2284,0,26.0,30.4,2740.0
Beans,Chennai,2024,3,Summer,39.97,2740,0,33.7,23.9,2397.0
Beans,Chennai,2024,4,Summer,38.76,2397,0,26.7,20.1,2181.0
Beans,Chennai,2024,5,Summer,42.68,2181,0,81.6,21.8,1664.0
Beans,Chennai,2024,6,Monsoon,43.8,1664,0,149.9,21.5,1188.0
Beans,Chennai,2024,7,Monsoon,45.75,1188,0,192.9,25.3,631.0
Beans,Chennai,2024,8,Monsoon,43.7,631,0,195.0,30.7,367.0
Beans,Chennai,2024,9,Monsoon,46.1,367,0,152.9,34.4,513.0
Beans,Chennai,2024,10,Autumn,43.09,513,1,57.7,38.9,1180.0
Beans,Chennai,2024,11,Autumn,41.35,1180,1,12.1,39.3,1705.0
Beans,Chennai,2024,12,Winter,40.9,1705,0,6.7,38.7,2045.0
